lat,lon,pml_52,pml_60,pml_70,pml_77,ins_52,ins_60,ins_70,ins_77,risk_52,risk_60,risk_70,risk_77,gc_check
29.9,-87.7,0.03,0.01,0.0,0.0,0.270062,0.115855,0.0,0.0,0.562496,0.306816,0.102272,0.051136,1.3311
30.8,-87.7,0.04,0.02,0.0,0.0,0.331585,0.146217,0.0,0.0,0.971584,0.51136,0.153408,0.051136,1.67994
31.7,-85.9,0.08,0.04,0.01,0.0,0.608838,0.318801,0.047141,0.0,2.096576,1.176128,0.409088,0.153408,3.66282
31.7,-86.8,0.08,0.04,0.01,0.0,0.612833,0.321198,0.04794,0.0,2.096576,1.176128,0.409088,0.153408,3.69036
31.7,-87.7,0.06,0.03,0.0,0.0,0.507365,0.244494,0.014382,0.0,1.994304,1.073856,0.306816,0.102272,2.80908
32.6,-85.0,0.08,0.04,0.01,0.0,0.629612,0.333982,0.053533,0.0,2.198848,1.176128,0.409088,0.153408,3.83724
32.6,-85.9,0.08,0.05,0.01,0.0,0.676753,0.368339,0.068714,0.0,2.710208,1.482944,0.51136,0.204544,4.23198
32.6,-86.8,0.08,0.04,0.01,0.0,0.628014,0.332384,0.052734,0.0,2.761344,1.53408,0.51136,0.204544,3.81888
32.6,-87.7,0.07,0.04,0.0,0.0,0.582471,0.299625,0.038352,0.0,2.659072,1.431808,0.460224,0.204544,3.4425
33.5,-85.9,0.08,0.04,0.01,0.0,0.646391,0.346766,0.059126,0.0,2.607936,1.431808,0.51136,0.204544,3.98412
33.5,-86.8,0.08,0.04,0.01,0.0,0.624818,0.330786,0.051935,0.0,2.761344,1.482944,0.51136,0.204544,3.80052
33.5,-87.7,0.07,0.04,0.01,0.0,0.59126,0.306017,0.041548,0.0,2.659072,1.380672,0.409088,0.153408,3.51594
34.4,-85.9,0.07,0.03,0.0,0.0,0.55131,0.276454,0.028764,0.0,2.198848,1.073856,0.357952,0.153408,3.17628
34.4,-86.8,0.09,0.05,0.01,0.0,0.731085,0.406691,0.086292,0.000799,2.914752,1.53408,0.51136,0.204544,4.67262
34.4,-87.7,0.08,0.05,0.01,0.0,0.667165,0.361148,0.066317,0.0,2.863616,1.431808,0.460224,0.204544,4.14936
33.5,-91.3,0.07,0.04,0.0,0.0,0.576079,0.294831,0.035955,0.0,2.710208,1.380672,0.409088,0.153408,3.38742
33.5,-92.2,0.08,0.04,0.01,0.0,0.600049,0.312409,0.043945,0.0,2.863616,1.431808,0.460224,0.204544,3.58938
33.5,-93.1,0.07,0.04,0.0,0.0,0.57528,0.294032,0.035955,0.0,3.06816,1.53408,0.460224,0.204544,3.37824
33.5,-94.0,0.08,0.04,0.01,0.0,0.628813,0.333183,0.053533,0.0,3.374976,1.78976,0.562496,0.204544,3.82806
34.4,-91.3,0.08,0.04,0.01,0.0,0.630411,0.333982,0.053533,0.0,2.5568,1.329536,0.460224,0.204544,3.83724
34.4,-92.2,0.08,0.04,0.01,0.0,0.65518,0.352359,0.061523,0.0,2.965888,1.585216,0.51136,0.25568,4.04838
34.4,-93.1,0.08,0.05,0.01,0.0,0.67116,0.364344,0.067116,0.0,3.374976,1.78976,0.562496,0.25568,4.18608
34.4,-94.0,0.09,0.05,0.01,0.0,0.691135,0.378726,0.073508,0.0,3.477248,1.78976,0.562496,0.204544,4.35132
35.3,-90.4,0.06,0.03,0.0,0.0,0.465018,0.213333,0.0,0.0,1.943168,0.920448,0.25568,0.102272,2.45106
35.3,-91.3,0.07,0.03,0.0,0.0,0.548114,0.274856,0.027166,0.0,2.147712,1.124992,0.357952,0.153408,3.15792
35.3,-92.2,0.07,0.04,0.0,0.0,0.569687,0.290037,0.034357,0.0,2.863616,1.431808,0.460224,0.204544,3.33234
35.3,-93.1,0.08,0.04,0.01,0.0,0.64719,0.346766,0.059925,0.0,3.426112,1.78976,0.562496,0.204544,3.98412
35.3,-94.0,0.09,0.05,0.01,0.0,0.696728,0.382721,0.075106,0.0,3.57952,1.840896,0.562496,0.25568,4.39722
36.2,-90.4,0.06,0.03,0.0,0.0,0.500174,0.2397,0.011985,0.0,2.352256,1.176128,0.306816,0.153408,2.754
36.2,-91.3,0.07,0.04,0.0,0.0,0.584868,0.301223,0.039151,0.0,2.863616,1.431808,0.409088,0.204544,3.46086
36.2,-92.2,0.08,0.04,0.01,0.0,0.614431,0.322796,0.048739,0.0,3.017024,1.585216,0.51136,0.204544,3.70872
36.2,-93.1,0.08,0.04,0.01,0.0,0.612833,0.321997,0.048739,0.0,3.374976,1.78976,0.51136,0.204544,3.69954
36.2,-94.0,0.09,0.05,0.01,0.0,0.716703,0.397103,0.082297,0.0,3.886336,2.04544,0.664768,0.25568,4.56246
31.7,-109.3,0.04,0.02,0.0,0.0,0.284444,0.122247,0.0,0.0,0.562496,0.306816,0.102272,0.051136,1.40454
31.7,-110.2,0.06,0.03,0.0,0.0,0.513757,0.249288,0.01598,0.0,1.482944,0.869312,0.306816,0.153408,2.86416
31.7,-111.1,0.08,0.04,0.01,0.0,0.652783,0.350761,0.061523,0.0,1.943168,1.176128,0.460224,0.204544,4.03002
31.7,-112.0,0.07,0.04,0.01,0.0,0.590461,0.305218,0.040749,0.0,1.2784,0.76704,0.306816,0.102272,3.50676
32.6,-109.3,0.06,0.03,0.0,0.0,0.470611,0.218127,0.002397,0.0,1.02272,0.613632,0.25568,0.102272,2.50614
32.6,-110.2,0.09,0.05,0.01,0.0,0.72709,0.405093,0.085493,0.0,2.659072,1.738624,0.715904,0.357952,4.65426
32.6,-111.1,0.09,0.05,0.01,0.0,0.731884,0.406691,0.086292,0.000799,2.5568,1.687488,0.715904,0.306816,4.67262
32.6,-112.0,0.09,0.05,0.01,0.0,0.72709,0.404294,0.085493,0.0,1.431808,0.920448,0.357952,0.153408,4.64508
32.6,-112.9,0.06,0.03,0.0,0.0,0.469812,0.217328,0.002397,0.0,0.562496,0.357952,0.153408,0.051136,2.49696
32.6,-113.8,0.0,0.0,0.0,0.0,0.0,0.0,0.0,0.0,0.102272,0.051136,0.051136,0.0,0.0
32.6,-114.7,0.0,0.0,0.0,0.0,0.0,0.0,0.0,0.0,0.102272,0.051136,0.051136,0.0,0.0
33.5,-109.3,0.06,0.03,0.0,0.0,0.477003,0.222122,0.003995,0.0,0.818176,0.51136,0.204544,0.102272,2.55204
33.5,-110.2,0.0,0.0,0.0,0.0,0.0,0.0,0.0,0.0,3.017024,2.096576,0.920448,0.460224,0.0
33.5,-111.1,0.09,0.05,0.01,0.0,0.728688,0.405093,0.085493,0.0,3.06816,2.096576,0.920448,0.460224,4.65426
33.5,-112.0,0.08,0.04,0.01,0.0,0.628813,0.333183,0.053533,0.0,1.2784,0.818176,0.357952,0.153408,3.82806
33.5,-112.9,0.06,0.03,0.0,0.0,0.446641,0.203745,0.0,0.0,0.51136,0.306816,0.153408,0.051136,2.3409
33.5,-113.8,0.0,0.0,0.0,0.0,0.0,0.0,0.0,0.0,0.102272,0.051136,0.0,0.0,0.0
34.4,-109.3,0.0,0.0,0.0,0.0,0.0,0.0,0.0,0.0,0.25568,0.153408,0.051136,0.051136,0.0
34.4,-110.2,0.0,0.0,0.0,0.0,0.0,0.0,0.0,0.0,1.585216,1.073856,0.460224,0.204544,0.0
34.4,-111.1,0.0,0.0,0.0,0.0,0.0,0.0,0.0,0.0,2.249984,1.585216,0.664768,0.357952,0.0
34.4,-112.0,0.0,0.0,0.0,0.0,0.0,0.0,0.0,0.0,1.380672,0.920448,0.409088,0.204544,0.0
34.4,-112.9,0.06,0.03,0.0,0.0,0.484993,0.228514,0.007191,0.0,0.613632,0.357952,0.153408,0.051136,2.62548
34.4,-113.8,0.01,0.0,0.0,0.0,0.060724,0.025568,0.0,0.0,0.25568,0.153408,0.051136,0.0,0.29376
34.4,-114.7,0.0,0.0,0.0,0.0,0.0,0.0,0.0,0.0,0.153408,0.102272,0.051136,0.0,0.0
35.3,-109.3,0.0,0.0,0.0,0.0,0.0,0.0,0.0,0.0,0.051136,0.051136,0.0,0.0,0.0
35.3,-110.2,0.01,0.0,0.0,0.0,0.090287,0.037553,0.0,0.0,0.25568,0.153408,0.051136,0.0,0.43146
35.3,-111.1,0.04,0.02,0.0,0.0,0.341972,0.15181,0.0,0.0,0.460224,0.25568,0.102272,0.051136,1.7442
35.3,-112.0,0.04,0.02,0.0,0.0,0.337178,0.149413,0.0,0.0,0.460224,0.306816,0.102272,0.051136,1.71666
35.3,-112.9,0.03,0.02,0.0,0.0,0.278851,0.11985,0.0,0.0,0.409088,0.25568,0.102272,0.051136,1.377
35.3,-113.8,0.03,0.01,0.0,0.0,0.242896,0.101473,0.0,0.0,0.409088,0.204544,0.102272,0.051136,1.16586
36.2,-111.1,0.0,0.0,0.0,0.0,0.0,0.0,0.0,0.0,0.051136,0.0,0.0,0.0,0.0
36.2,-112.0,0.0,0.0,0.0,0.0,0.0,0.0,0.0,0.0,0.102272,0.051136,0.0,0.0,0.0
36.2,-112.9,0.0,0.0,0.0,0.0,0.0,0.0,0.0,0.0,0.204544,0.102272,0.051136,0.0,0.0
36.2,-113.8,0.0,0.0,0.0,0.0,0.01598,0.006392,0.0,0.0,0.25568,0.153408,0.051136,0.0,0.07344
37.1,-111.1,0.0,0.0,0.0,0.0,0.0,0.0,0.0,0.0,0.102272,0.051136,0.0,0.0,0.0
32.6,-116.5,0.0,0.0,0.0,0.0,0.0,0.0,0.0,0.0,0.051136,0.051136,0.0,0.0,0.0
32.6,-117.4,0.0,0.0,0.0,0.0,0.0,0.0,0.0,0.0,0.0,0.0,0.0,0.0,0.0
32.6,-118.3,0.0,0.0,0.0,0.0,0.0,0.0,0.0,0.0,0.0,0.0,0.0,0.0,0.0
33.5,-114.7,0.0,0.0,0.0,0.0,0.0,0.0,0.0,0.0,0.051136,0.051136,0.0,0.0,0.0
33.5,-115.6,0.0,0.0,0.0,0.0,0.0,0.0,0.0,0.0,0.051136,0.051136,0.0,0.0,0.0
33.5,-116.5,0.0,0.0,0.0,0.0,0.0,0.0,0.0,0.0,0.051136,0.0,0.0,0.0,0.0
33.5,-117.4,0.0,0.0,0.0,0.0,0.0,0.0,0.0,0.0,0.0,0.0,0.0,0.0,0.0
33.5,-118.3,0.0,0.0,0.0,0.0,0.0,0.0,0.0,0.0,0.0,0.0,0.0,0.0,0.0
33.5,-119.2,0.0,0.0,0.0,0.0,0.0,0.0,0.0,0.0,0.0,0.0,0.0,0.0,0.0
33.5,-120.1,0.0,0.0,0.0,0.0,0.0,0.0,0.0,0.0,0.0,0.0,0.0,0.0,0.0
34.4,-115.6,0.0,0.0,0.0,0.0,0.0,0.0,0.0,0.0,0.153408,0.051136,0.0,0.0,0.0
34.4,-116.5,0.0,0.0,0.0,0.0,0.0,0.0,0.0,0.0,0.102272,0.051136,0.0,0.0,0.0
34.4,-117.4,0.0,0.0,0.0,0.0,0.0,0.0,0.0,0.0,0.051136,0.0,0.0,0.0,0.0
34.4,-118.3,0.0,0.0,0.0,0.0,0.0,0.0,0.0,0.0,0.051136,0.0,0.0,0.0,0.0
34.4,-119.2,0.0,0.0,0.0,0.0,0.0,0.0,0.0,0.0,0.051136,0.0,0.0,0.0,0.0
34.4,-120.1,0.0,0.0,0.0,0.0,0.0,0.0,0.0,0.0,0.0,0.0,0.0,0.0,0.0
35.3,-116.5,0.0,0.0,0.0,0.0,0.0,0.0,0.0,0.0,0.102272,0.051136,0.0,0.0,0.0
35.3,-117.4,0.0,0.0,0.0,0.0,0.0,0.0,0.0,0.0,0.051136,0.0,0.0,0.0,0.0
35.3,-118.3,0.0,0.0,0.0,0.0,0.0,0.0,0.0,0.0,0.051136,0.051136,0.0,0.0,0.0
35.3,-119.2,0.0,0.0,0.0,0.0,0.0,0.0,0.0,0.0,0.051136,0.0,0.0,0.0,0.0
35.3,-120.1,0.0,0.0,0.0,0.0,0.0,0.0,0.0,0.0,0.051136,0.0,0.0,0.0,0.0
35.3,-121.0,0.0,0.0,0.0,0.0,0.0,0.0,0.0,0.0,0.0,0.0,0.0,0.0,0.0
36.2,-117.4,0.0,0.0,0.0,0.0,0.0,0.0,0.0,0.0,0.0,0.0,0.0,0.0,0.0
36.2,-118.3,0.0,0.0,0.0,0.0,0.0,0.0,0.0,0.0,0.0,0.0,0.0,0.0,0.0
36.2,-119.2,0.0,0.0,0.0,0.0,0.0,0.0,0.0,0.0,0.051136,0.0,0.0,0.0,0.0
36.2,-120.1,0.0,0.0,0.0,0.0,0.0,0.0,0.0,0.0,0.051136,0.0,0.0,0.0,0.0
36.2,-121.0,0.0,0.0,0.0,0.0,0.0,0.0,0.0,0.0,0.0,0.0,0.0,0.0,0.0
36.2,-121.9,0.0,0.0,0.0,0.0,0.0,0.0,0.0,0.0,0.0,0.0,0.0,0.0,0.0
37.1,-119.2,0.0,0.0,0.0,0.0,0.0,0.0,0.0,0.0,0.051136,0.0,0.0,0.0,0.0
37.1,-120.1,0.0,0.0,0.0,0.0,0.0,0.0,0.0,0.0,0.051136,0.0,0.0,0.0,0.0
37.1,-121.0,0.0,0.0,0.0,0.0,0.0,0.0,0.0,0.0,0.051136,0.0,0.0,0.0,0.0
37.1,-121.9,0.0,0.0,0.0,0.0,0.0,0.0,0.0,0.0,0.0,0.0,0.0,0.0,0.0
37.1,-122.8,0.0,0.0,0.0,0.0,0.0,0.0,0.0,0.0,0.0,0.0,0.0,0.0,0.0
38.0,-119.2,0.0,0.0,0.0,0.0,0.0,0.0,0.0,0.0,0.102272,0.051136,0.0,0.0,0.0
38.0,-120.1,0.0,0.0,0.0,0.0,0.0,0.0,0.0,0.0,0.102272,0.051136,0.0,0.0,0.0
38.0,-121.0,0.0,0.0,0.0,0.0,0.0,0.0,0.0,0.0,0.051136,0.0,0.0,0.0,0.0
38.0,-121.9,0.0,0.0,0.0,0.0,0.0,0.0,0.0,0.0,0.0,0.0,0.0,0.0,0.0
38.0,-122.8,0.0,0.0,0.0,0.0,0.0,0.0,0.0,0.0,0.0,0.0,0.0,0.0,0.0
38.9,-120.1,0.0,0.0,0.0,0.0,0.0,0.0,0.0,0.0,0.051136,0.051136,0.0,0.0,0.0
38.9,-121.0,0.0,0.0,0.0,0.0,0.0,0.0,0.0,0.0,0.051136,0.0,0.0,0.0,0.0
38.9,-121.9,0.0,0.0,0.0,0.0,0.0,0.0,0.0,0.0,0.051136,0.0,0.0,0.0,0.0
38.9,-122.8,0.0,0.0,0.0,0.0,0.0,0.0,0.0,0.0,0.051136,0.0,0.0,0.0,0.0
38.9,-123.7,0.0,0.0,0.0,0.0,0.0,0.0,0.0,0.0,0.0,0.0,0.0,0.0,0.0
39.8,-121.0,0.0,0.0,0.0,0.0,0.0,0.0,0.0,0.0,0.051136,0.0,0.0,0.0,0.0
39.8,-121.9,0.0,0.0,0.0,0.0,0.0,0.0,0.0,0.0,0.051136,0.0,0.0,0.0,0.0
39.8,-122.8,0.0,0.0,0.0,0.0,0.0,0.0,0.0,0.0,0.051136,0.051136,0.0,0.0,0.0
39.8,-123.7,0.0,0.0,0.0,0.0,0.0,0.0,0.0,0.0,0.0,0.0,0.0,0.0,0.0
39.8,-124.6,0.0,0.0,0.0,0.0,0.0,0.0,0.0,0.0,0.0,0.0,0.0,0.0,0.0
40.7,-120.1,0.0,0.0,0.0,0.0,0.0,0.0,0.0,0.0,0.051136,0.0,0.0,0.0,0.0
40.7,-121.0,0.0,0.0,0.0,0.0,0.0,0.0,0.0,0.0,0.051136,0.0,0.0,0.0,0.0
40.7,-121.9,0.0,0.0,0.0,0.0,0.0,0.0,0.0,0.0,0.051136,0.051136,0.0,0.0,0.0
40.7,-122.8,0.0,0.0,0.0,0.0,0.0,0.0,0.0,0.0,0.051136,0.051136,0.0,0.0,0.0
40.7,-123.7,0.0,0.0,0.0,0.0,0.0,0.0,0.0,0.0,0.051136,0.051136,0.0,0.0,0.0
40.7,-124.6,0.0,0.0,0.0,0.0,0.0,0.0,0.0,0.0,0.051136,0.0,0.0,0.0,0.0
41.6,-120.1,0.0,0.0,0.0,0.0,0.0,0.0,0.0,0.0,0.051136,0.0,0.0,0.0,0.0
41.6,-121.0,0.0,0.0,0.0,0.0,0.0,0.0,0.0,0.0,0.051136,0.0,0.0,0.0,0.0
41.6,-121.9,0.0,0.0,0.0,0.0,0.0,0.0,0.0,0.0,0.051136,0.051136,0.0,0.0,0.0
41.6,-122.8,0.0,0.0,0.0,0.0,0.0,0.0,0.0,0.0,0.102272,0.051136,0.0,0.0,0.0
41.6,-123.7,0.0,0.0,0.0,0.0,0.0,0.0,0.0,0.0,0.051136,0.051136,0.0,0.0,0.0
41.6,-124.6,0.0,0.0,0.0,0.0,0.0,0.0,0.0,0.0,0.051136,0.0,0.0,0.0,0.0
42.5,-121.0,0.0,0.0,0.0,0.0,0.0,0.0,0.0,0.0,0.0,0.0,0.0,0.0,0.0
37.1,-103.0,0.08,0.04,0.01,0.0,0.609637,0.318801,0.047141,0.0,3.272704,1.840896,0.562496,0.204544,3.66282
37.1,-104.8,0.06,0.03,0.0,0.0,0.510561,0.246891,0.015181,0.0,1.227264,0.715904,0.25568,0.102272,2.83662
37.1,-105.7,0.0,0.0,0.0,0.0,0.010387,0.003995,0.0,0.0,0.25568,0.153408,0.051136,0.0,0.0459
37.1,-107.5,0.0,0.0,0.0,0.0,0.0,0.0,0.0,0.0,0.0,0.0,0.0,0.0,0.0
37.1,-108.4,0.0,0.0,0.0,0.0,0.0,0.0,0.0,0.0,0.051136,0.0,0.0,0.0,0.0
38.0,-103.0,0.1,0.05,0.01,0.0,0.771035,0.424269,0.093483,0.003196,5.36928,3.170432,1.124992,0.460224,4.87458
38.0,-103.9,0.09,0.05,0.01,0.0,0.739874,0.410686,0.08789,0.000799,4.039744,2.352256,0.869312,0.357952,4.71852
38.0,-104.8,0.08,0.04,0.01,0.0,0.59925,0.312409,0.043945,0.0,2.147712,1.227264,0.460224,0.204544,3.58938
38.0,-105.7,0.04,0.02,0.0,0.0,0.356354,0.159001,0.0,0.0,0.562496,0.357952,0.102272,0.051136,1.82682
38.0,-106.6,0.0,0.0,0.0,0.0,0.0,0.0,0.0,0.0,0.051136,0.0,0.0,0.0,0.0
38.0,-107.5,0.0,0.0,0.0,0.0,0.0,0.0,0.0,0.0,0.0,0.0,0.0,0.0,0.0
38.0,-108.4,0.0,0.0,0.0,0.0,0.0,0.0,0.0,0.0,0.051136,0.0,0.0,0.0,0.0
38.9,-102.1,0.11,0.06,0.01,0.0,0.87091,0.469013,0.112659,0.011186,6.238592,3.630656,1.329536,0.613632,5.38866
38.9,-103.0,0.1,0.06,0.01,0.0,0.812583,0.442646,0.101473,0.006392,6.596544,3.886336,1.431808,0.613632,5.08572
38.9,-103.9,0.1,0.06,0.01,0.0,0.818975,0.445842,0.103071,0.007191,6.034048,3.528384,1.2784,0.562496,5.12244
38.9,-104.8,0.09,0.05,0.01,0.0,0.714306,0.395505,0.080699,0.0,3.221568,1.840896,0.664768,0.306816,4.5441
38.9,-105.7,0.06,0.03,0.0,0.0,0.468214,0.216529,0.001598,0.0,0.869312,0.51136,0.204544,0.102272,2.48778
38.9,-106.6,0.0,0.0,0.0,0.0,0.0,0.0,0.0,0.0,0.102272,0.051136,0.0,0.0,0.0
38.9,-107.5,0.0,0.0,0.0,0.0,0.0,0.0,0.0,0.0,0.051136,0.0,0.0,0.0,0.0
38.9,-108.4,0.0,0.0,0.0,0.0,0.0,0.0,0.0,0.0,0.051136,0.0,0.0,0.0,0.0
39.8,-103.0,0.12,0.06,0.02,0.0,0.965192,0.510561,0.131036,0.018377,6.034048,3.528384,1.329536,0.613632,5.86602
39.8,-103.9,0.11,0.06,0.01,0.0,0.865317,0.466616,0.11186,0.010387,5.676096,3.272704,1.176128,0.51136,5.36112
39.8,-104.8,0.09,0.05,0.01,0.0,0.754256,0.417078,0.090287,0.002397,3.528384,1.994304,0.715904,0.306816,4.79196
39.8,-105.7,0.06,0.03,0.0,0.0,0.496978,0.237303,0.011186,0.0,1.073856,0.613632,0.204544,0.102272,2.72646
39.8,-106.6,0.0,0.0,0.0,0.0,0.0,0.0,0.0,0.0,0.153408,0.102272,0.051136,0.0,0.0
39.8,-107.5,0.0,0.0,0.0,0.0,0.0,0.0,0.0,0.0,0.051136,0.051136,0.0,0.0,0.0
39.8,-108.4,0.0,0.0,0.0,0.0,0.0,0.0,0.0,0.0,0.051136,0.0,0.0,0.0,0.0
39.8,-109.3,0.0,0.0,0.0,0.0,0.0,0.0,0.0,0.0,0.102272,0.051136,0.0,0.0,0.0
40.7,-102.1,0.12,0.06,0.02,0.0,0.924443,0.492983,0.123046,0.015181,7.363584,4.295424,1.53408,0.715904,5.66406
40.7,-103.0,0.12,0.06,0.02,0.0,0.931634,0.496179,0.124644,0.01598,5.727232,3.32384,1.176128,0.562496,5.70078
40.7,-103.9,0.11,0.06,0.01,0.0,0.850136,0.459425,0.108664,0.009588,4.551104,2.659072,0.971584,0.409088,5.2785
40.7,-104.8,0.09,0.05,0.01,0.0,0.67915,0.369937,0.069513,0.0,2.81248,1.585216,0.562496,0.25568,4.25034
40.7,-105.7,0.05,0.02,0.0,0.0,0.389912,0.17578,0.0,0.0,0.869312,0.460224,0.153408,0.051136,2.0196
40.7,-106.6,0.0,0.0,0.0,0.0,0.0,0.0,0.0,0.0,0.051136,0.051136,0.0,0.0,0.0
40.7,-107.5,0.0,0.0,0.0,0.0,0.0,0.0,0.0,0.0,0.051136,0.051136,0.0,0.0,0.0
40.7,-108.4,0.0,0.0,0.0,0.0,0.0,0.0,0.0,0.0,0.051136,0.0,0.0,0.0,0.0
41.6,-72.4,0.02,0.01,0.0,0.0,0.136629,0.056729,0.0,0.0,0.51136,0.25568,0.051136,0.0,0.65178
41.6,-73.3,0.03,0.01,0.0,0.0,0.254881,0.107865,0.0,0.0,0.971584,0.460224,0.102272,0.051136,1.2393
38.9,-75.1,0.02,0.01,0.0,0.0,0.164594,0.067915,0.0,0.0,0.562496,0.25568,0.051136,0.0,0.7803
24.5,-79.6,0.0,0.0,0.0,0.0,0.0,0.0,0.0,0.0,0.102272,0.051136,0.0,0.0,0.0
24.5,-80.5,0.0,0.0,0.0,0.0,0.0,0.0,0.0,0.0,0.153408,0.102272,0.051136,0.0,0.0
24.5,-81.4,0.0,0.0,0.0,0.0,0.0,0.0,0.0,0.0,0.102272,0.051136,0.0,0.0,0.0
24.5,-82.3,0.0,0.0,0.0,0.0,0.0,0.0,0.0,0.0,0.102272,0.051136,0.0,0.0,0.0
25.4,-80.5,0.03,0.01,0.0,0.0,0.230112,0.095081,0.0,0.0,0.51136,0.25568,0.102272,0.051136,1.09242
25.4,-81.4,0.01,0.0,0.0,0.0,0.080699,0.033558,0.0,0.0,0.357952,0.204544,0.051136,0.0,0.38556
25.4,-82.3,0.0,0.0,0.0,0.0,0.026367,0.010387,0.0,0.0,0.204544,0.153408,0.051136,0.0,0.11934
26.3,-79.6,0.02,0.01,0.0,0.0,0.198152,0.082297,0.0,0.0,0.460224,0.25568,0.051136,0.051136,0.94554
26.3,-80.5,0.04,0.02,0.0,0.0,0.314007,0.137428,0.0,0.0,0.971584,0.51136,0.153408,0.051136,1.57896
26.3,-81.4,0.04,0.02,0.0,0.0,0.301223,0.131036,0.0,0.0,0.869312,0.460224,0.153408,0.051136,1.50552
26.3,-82.3,0.03,0.01,0.0,0.0,0.243695,0.102272,0.0,0.0,0.562496,0.306816,0.102272,0.051136,1.17504
26.3,-83.2,0.0,0.0,0.0,0.0,0.0,0.0,0.0,0.0,0.102272,0.051136,0.0,0.0,0.0
27.2,-79.6,0.03,0.01,0.0,0.0,0.204544,0.084694,0.0,0.0,0.460224,0.25568,0.102272,0.051136,0.97308
27.2,-80.5,0.04,0.02,0.0,0.0,0.337977,0.149413,0.0,0.0,0.869312,0.51136,0.153408,0.051136,1.71666
27.2,-81.4,0.04,0.02,0.0,0.0,0.347565,0.154207,0.0,0.0,1.02272,0.562496,0.153408,0.051136,1.77174
27.2,-82.3,0.03,0.01,0.0,0.0,0.24769,0.10387,0.0,0.0,0.562496,0.306816,0.102272,0.051136,1.1934
27.2,-83.2,0.0,0.0,0.0,0.0,0.0,0.0,0.0,0.0,0.153408,0.102272,0.051136,0.0,0.0
28.1,-79.6,0.01,0.0,0.0,0.0,0.04794,0.019975,0.0,0.0,0.25568,0.153408,0.051136,0.0,0.2295
28.1,-80.5,0.03,0.01,0.0,0.0,0.249288,0.104669,0.0,0.0,0.76704,0.409088,0.102272,0.051136,1.20258
28.1,-81.4,0.05,0.02,0.0,0.0,0.405093,0.18377,0.0,0.0,1.2784,0.664768,0.204544,0.051136,2.1114
28.1,-82.3,0.03,0.01,0.0,0.0,0.220524,0.091086,0.0,0.0,0.715904,0.357952,0.102272,0.051136,1.04652
28.1,-83.2,0.0,0.0,0.0,0.0,0.001598,0.000799,0.0,0.0,0.25568,0.153408,0.051136,0.0,0.00918
29.0,-80.5,0.03,0.01,0.0,0.0,0.208539,0.086292,0.0,0.0,0.818176,0.409088,0.102272,0.0,0.99144
29.0,-81.4,0.04,0.02,0.0,0.0,0.345168,0.153408,0.0,0.0,1.431808,0.76704,0.204544,0.051136,1.76256
29.0,-82.3,0.04,0.02,0.0,0.0,0.30362,0.131835,0.0,0.0,1.02272,0.562496,0.153408,0.051136,1.5147
29.0,-83.2,0.01,0.0,0.0,0.0,0.08789,0.035955,0.0,0.0,0.460224,0.204544,0.051136,0.0,0.4131
29.0,-84.1,0.02,0.01,0.0,0.0,0.123046,0.051136,0.0,0.0,0.409088,0.204544,0.051136,0.0,0.58752
29.0,-85.0,0.02,0.01,0.0,0.0,0.128639,0.052734,0.0,0.0,0.357952,0.204544,0.051136,0.0,0.60588
29.0,-85.9,0.0,0.0,0.0,0.0,0.0,0.0,0.0,0.0,0.204544,0.102272,0.051136,0.0,0.0
29.9,-80.5,0.04,0.02,0.0,0.0,0.298826,0.129438,0.0,0.0,0.869312,0.460224,0.102272,0.051136,1.48716
29.9,-81.4,0.05,0.02,0.0,0.0,0.413882,0.187765,0.0,0.0,1.329536,0.664768,0.204544,0.051136,2.1573
29.9,-82.3,0.06,0.03,0.0,0.0,0.512958,0.249288,0.01598,0.0,1.585216,0.818176,0.25568,0.102272,2.86416
29.9,-83.2,0.05,0.02,0.0,0.0,0.433857,0.198152,0.0,0.0,1.227264,0.664768,0.204544,0.051136,2.27664
29.9,-84.1,0.03,0.01,0.0,0.0,0.272459,0.116654,0.0,0.0,0.920448,0.460224,0.153408,0.051136,1.34028
29.9,-85.0,0.03,0.01,0.0,0.0,0.260474,0.110262,0.0,0.0,0.715904,0.357952,0.102272,0.051136,1.26684
29.9,-85.9,0.03,0.01,0.0,0.0,0.251685,0.105468,0.0,0.0,0.613632,0.306816,0.102272,0.051136,1.21176
29.9,-86.8,0.03,0.01,0.0,0.0,0.2397,0.099875,0.0,0.0,0.51136,0.25568,0.102272,0.051136,1.1475
30.8,-81.4,0.06,0.03,0.0,0.0,0.497777,0.237303,0.011186,0.0,1.687488,0.920448,0.25568,0.102272,2.72646
30.8,-85.0,0.06,0.03,0.0,0.0,0.492184,0.234107,0.009588,0.0,1.482944,0.818176,0.25568,0.102272,2.68974
30.8,-85.9,0.06,0.03,0.0,0.0,0.49538,0.235705,0.010387,0.0,1.329536,0.715904,0.25568,0.102272,2.7081
30.8,-86.8,0.06,0.03,0.0,0.0,0.488988,0.23171,0.00799,0.0,1.380672,0.76704,0.25568,0.102272,2.6622
30.8,-80.5,0.05,0.02,0.0,0.0,0.393907,0.178177,0.0,0.0,0.971584,0.51136,0.153408,0.051136,2.04714
30.8,-82.3,0.07,0.03,0.0,0.0,0.540124,0.268464,0.024769,0.0,2.198848,1.176128,0.357952,0.102272,3.08448
30.8,-83.2,0.07,0.03,0.0,0.0,0.528938,0.260474,0.020774,0.0,1.892032,1.02272,0.306816,0.102272,2.99268
30.8,-84.1,0.06,0.03,0.0,0.0,0.500174,0.2397,0.011985,0.0,1.738624,0.920448,0.306816,0.102272,2.754
31.7,-80.5,0.04,0.02,0.0,0.0,0.321198,0.141423,0.0,0.0,0.920448,0.51136,0.153408,0.051136,1.62486
31.7,-81.4,0.07,0.04,0.0,0.0,0.565692,0.28764,0.032759,0.0,1.994304,1.124992,0.357952,0.153408,3.3048
31.7,-82.3,0.08,0.04,0.01,0.0,0.60724,0.318002,0.046342,0.0,2.403392,1.329536,0.409088,0.153408,3.65364
31.7,-83.2,0.07,0.04,0.0,0.0,0.557702,0.281248,0.030362,0.0,1.994304,1.073856,0.357952,0.153408,3.23136
31.7,-84.1,0.07,0.04,0.0,0.0,0.565692,0.28764,0.032759,0.0,2.147712,1.176128,0.409088,0.153408,3.3048
31.7,-85.0,0.07,0.03,0.0,0.0,0.552908,0.278052,0.028764,0.0,2.096576,1.176128,0.357952,0.153408,3.19464
32.6,-82.3,0.06,0.03,0.0,0.0,0.500174,0.238901,0.011985,0.0,1.840896,0.971584,0.25568,0.102272,2.74482
32.6,-83.2,0.06,0.03,0.0,0.0,0.481797,0.226117,0.005593,0.0,1.687488,0.869312,0.25568,0.102272,2.59794
32.6,-84.1,0.06,0.03,0.0,0.0,0.504968,0.242896,0.013583,0.0,1.636352,0.869312,0.25568,0.102272,2.79072
33.5,-82.3,0.06,0.03,0.0,0.0,0.484993,0.228514,0.006392,0.0,1.738624,0.920448,0.25568,0.102272,2.62548
33.5,-83.2,0.06,0.03,0.0,0.0,0.484993,0.228514,0.007191,0.0,1.636352,0.869312,0.25568,0.102272,2.62548
33.5,-84.1,0.06,0.03,0.0,0.0,0.513757,0.249288,0.01598,0.0,1.78976,0.920448,0.306816,0.102272,2.86416
33.5,-85.0,0.08,0.04,0.01,0.0,0.619225,0.325992,0.050337,0.0,2.198848,1.176128,0.409088,0.204544,3.74544
34.4,-83.2,0.04,0.02,0.0,0.0,0.331585,0.146217,0.0,0.0,1.073856,0.562496,0.153408,0.051136,1.67994
34.4,-84.1,0.05,0.02,0.0,0.0,0.384319,0.172584,0.0,0.0,1.2784,0.664768,0.204544,0.051136,1.98288
34.4,-85.0,0.06,0.03,0.0,0.0,0.48739,0.230112,0.00799,0.0,1.738624,0.869312,0.25568,0.102272,2.64384
40.7,-91.3,0.07,0.03,0.0,0.0,0.520149,0.254082,0.018377,0.0,1.943168,1.02272,0.306816,0.153408,2.91924
40.7,-92.2,0.06,0.03,0.0,0.0,0.513757,0.249288,0.01598,0.0,1.994304,1.073856,0.306816,0.102272,2.86416
40.7,-93.1,0.09,0.05,0.01,0.0,0.684743,0.374731,0.07191,0.0,2.659072,1.482944,0.51136,0.204544,4.30542
40.7,-94.0,0.1,0.05,0.01,0.0,0.763045,0.420274,0.091885,0.003196,3.937472,2.198848,0.715904,0.306816,4.82868
40.7,-94.9,0.1,0.05,0.01,0.0,0.787015,0.43146,0.096679,0.004794,5.318144,2.965888,0.971584,0.409088,4.9572
41.6,-91.3,0.06,0.03,0.0,0.0,0.472209,0.218926,0.002397,0.0,1.738624,0.920448,0.25568,0.102272,2.51532
41.6,-92.2,0.07,0.04,0.0,0.0,0.571285,0.291635,0.035156,0.0,1.943168,1.073856,0.357952,0.153408,3.3507
41.6,-93.1,0.09,0.05,0.01,0.0,0.67915,0.369937,0.069513,0.0,2.147712,1.176128,0.409088,0.204544,4.25034
41.6,-94.0,0.09,0.05,0.01,0.0,0.747065,0.413882,0.088689,0.001598,2.761344,1.53408,0.51136,0.204544,4.75524
41.6,-94.9,0.1,0.05,0.01,0.0,0.763844,0.421073,0.091885,0.003196,3.681792,2.096576,0.715904,0.306816,4.83786
41.6,-95.8,0.1,0.05,0.01,0.0,0.773432,0.425068,0.094282,0.003995,4.704512,2.607936,0.869312,0.357952,4.88376
42.5,-91.3,0.07,0.04,0.01,0.0,0.590461,0.305218,0.040749,0.0,2.249984,1.227264,0.409088,0.153408,3.50676
42.5,-92.2,0.08,0.04,0.01,0.0,0.634406,0.337178,0.055131,0.0,2.505664,1.380672,0.460224,0.204544,3.87396
42.5,-93.1,0.08,0.04,0.01,0.0,0.59925,0.31161,0.043945,0.0,2.352256,1.2784,0.409088,0.204544,3.5802
42.5,-94.0,0.07,0.04,0.0,0.0,0.573682,0.293233,0.035955,0.0,2.198848,1.176128,0.357952,0.153408,3.36906
42.5,-94.9,0.08,0.04,0.01,0.0,0.59925,0.312409,0.043945,0.0,2.607936,1.380672,0.409088,0.153408,3.58938
42.5,-95.8,0.08,0.05,0.01,0.0,0.676753,0.368339,0.068714,0.0,3.374976,1.840896,0.562496,0.204544,4.23198
43.4,-91.3,0.07,0.03,0.0,0.0,0.53533,0.265268,0.023171,0.0,2.30112,1.227264,0.409088,0.153408,3.04776
43.4,-92.2,0.07,0.04,0.01,0.0,0.597652,0.310811,0.043146,0.0,2.505664,1.329536,0.409088,0.153408,3.57102
43.4,-93.1,0.07,0.04,0.0,0.0,0.565692,0.28764,0.032759,0.0,2.5568,1.329536,0.409088,0.153408,3.3048
43.4,-94.9,0.07,0.03,0.0,0.0,0.522546,0.25568,0.019176,0.0,2.147712,1.124992,0.306816,0.153408,2.9376
43.4,-95.8,0.06,0.03,0.0,0.0,0.50337,0.242097,0.012784,0.0,2.198848,1.124992,0.306816,0.153408,2.78154
42.5,-111.1,0.0,0.0,0.0,0.0,0.0,0.0,0.0,0.0,0.102272,0.051136,0.0,0.0,0.0
42.5,-112.0,0.0,0.0,0.0,0.0,0.0,0.0,0.0,0.0,0.102272,0.051136,0.0,0.0,0.0
42.5,-112.9,0.0,0.0,0.0,0.0,0.0,0.0,0.0,0.0,0.102272,0.051136,0.0,0.0,0.0
42.5,-113.8,0.0,0.0,0.0,0.0,0.0,0.0,0.0,0.0,0.102272,0.051136,0.0,0.0,0.0
42.5,-114.7,0.0,0.0,0.0,0.0,0.0,0.0,0.0,0.0,0.153408,0.051136,0.0,0.0,0.0
42.5,-115.6,0.0,0.0,0.0,0.0,0.0,0.0,0.0,0.0,0.25568,0.153408,0.051136,0.051136,0.0
42.5,-116.5,0.0,0.0,0.0,0.0,0.0,0.0,0.0,0.0,0.25568,0.153408,0.051136,0.051136,0.0
42.5,-117.4,0.0,0.0,0.0,0.0,0.0,0.0,0.0,0.0,0.204544,0.102272,0.051136,0.0,0.0
43.4,-111.1,0.0,0.0,0.0,0.0,0.0,0.0,0.0,0.0,0.102272,0.051136,0.0,0.0,0.0
43.4,-112.0,0.0,0.0,0.0,0.0,0.0,0.0,0.0,0.0,0.102272,0.051136,0.0,0.0,0.0
43.4,-112.9,0.0,0.0,0.0,0.0,0.0,0.0,0.0,0.0,0.102272,0.051136,0.0,0.0,0.0
43.4,-113.8,0.0,0.0,0.0,0.0,0.0,0.0,0.0,0.0,0.051136,0.0,0.0,0.0,0.0
43.4,-114.7,0.0,0.0,0.0,0.0,0.0,0.0,0.0,0.0,0.051136,0.0,0.0,0.0,0.0
43.4,-115.6,0.0,0.0,0.0,0.0,0.0,0.0,0.0,0.0,0.102272,0.051136,0.0,0.0,0.0
43.4,-116.5,0.0,0.0,0.0,0.0,0.0,0.0,0.0,0.0,0.102272,0.051136,0.0,0.0,0.0
43.4,-117.4,0.0,0.0,0.0,0.0,0.0,0.0,0.0,0.0,0.102272,0.051136,0.0,0.0,0.0
44.3,-112.0,0.0,0.0,0.0,0.0,0.0,0.0,0.0,0.0,0.051136,0.0,0.0,0.0,0.0
44.3,-112.9,0.0,0.0,0.0,0.0,0.0,0.0,0.0,0.0,0.051136,0.051136,0.0,0.0,0.0
44.3,-113.8,0.0,0.0,0.0,0.0,0.0,0.0,0.0,0.0,0.051136,0.0,0.0,0.0,0.0
44.3,-114.7,0.0,0.0,0.0,0.0,0.0,0.0,0.0,0.0,0.0,0.0,0.0,0.0,0.0
44.3,-115.6,0.0,0.0,0.0,0.0,0.0,0.0,0.0,0.0,0.0,0.0,0.0,0.0,0.0
44.3,-116.5,0.0,0.0,0.0,0.0,0.0,0.0,0.0,0.0,0.051136,0.0,0.0,0.0,0.0
45.2,-113.8,0.0,0.0,0.0,0.0,0.0,0.0,0.0,0.0,0.102272,0.051136,0.0,0.0,0.0
45.2,-114.7,0.0,0.0,0.0,0.0,0.0,0.0,0.0,0.0,0.051136,0.0,0.0,0.0,0.0
45.2,-115.6,0.0,0.0,0.0,0.0,0.0,0.0,0.0,0.0,0.051136,0.051136,0.0,0.0,0.0
45.2,-116.5,0.0,0.0,0.0,0.0,0.0,0.0,0.0,0.0,0.102272,0.051136,0.0,0.0,0.0
46.1,-115.6,0.0,0.0,0.0,0.0,0.0,0.0,0.0,0.0,0.102272,0.051136,0.0,0.0,0.0
46.1,-116.5,0.0,0.0,0.0,0.0,0.0,0.0,0.0,0.0,0.204544,0.102272,0.051136,0.0,0.0
47.0,-115.6,0.0,0.0,0.0,0.0,0.0,0.0,0.0,0.0,0.102272,0.051136,0.0,0.0,0.0
47.0,-116.5,0.0,0.0,0.0,0.0,0.0,0.0,0.0,0.0,0.051136,0.051136,0.0,0.0,0.0
47.9,-116.5,0.0,0.0,0.0,0.0,0.0,0.0,0.0,0.0,0.051136,0.051136,0.0,0.0,0.0
48.8,-116.5,0.0,0.0,0.0,0.0,0.0,0.0,0.0,0.0,0.0,0.0,0.0,0.0,0.0
38.0,-88.6,0.06,0.03,0.0,0.0,0.502571,0.241298,0.012784,0.0,2.607936,1.2784,0.357952,0.153408,2.77236
38.0,-89.5,0.07,0.04,0.0,0.0,0.578476,0.296429,0.036754,0.0,3.272704,1.636352,0.51136,0.204544,3.40578
38.9,-87.7,0.06,0.03,0.0,0.0,0.4794,0.224519,0.004794,0.0,2.607936,1.176128,0.306816,0.102272,2.57958
38.9,-88.6,0.06,0.03,0.0,0.0,0.484993,0.228514,0.007191,0.0,2.659072,1.2784,0.357952,0.102272,2.62548
38.9,-89.5,0.08,0.04,0.01,0.0,0.641597,0.342771,0.057528,0.0,3.528384,1.840896,0.562496,0.204544,3.93822
39.8,-87.7,0.07,0.04,0.0,0.0,0.570486,0.290836,0.034357,0.0,2.710208,1.329536,0.409088,0.153408,3.34152
39.8,-88.6,0.06,0.03,0.0,0.0,0.51136,0.24769,0.015181,0.0,2.30112,1.124992,0.357952,0.153408,2.8458
39.8,-89.5,0.07,0.03,0.0,0.0,0.552109,0.277253,0.028764,0.0,2.454528,1.2784,0.409088,0.153408,3.18546
39.8,-90.4,0.08,0.05,0.01,0.0,0.666366,0.360349,0.065518,0.0,2.863616,1.53408,0.51136,0.204544,4.14018
39.8,-91.3,0.07,0.04,0.01,0.0,0.598451,0.31161,0.043945,0.0,2.761344,1.482944,0.460224,0.204544,3.5802
40.7,-87.7,0.07,0.04,0.0,0.0,0.563295,0.286042,0.03196,0.0,2.454528,1.227264,0.357952,0.153408,3.28644
40.7,-88.6,0.07,0.03,0.0,0.0,0.528139,0.259675,0.020774,0.0,2.04544,1.02272,0.306816,0.153408,2.9835
40.7,-89.5,0.07,0.03,0.0,0.0,0.533732,0.264469,0.023171,0.0,1.994304,1.073856,0.357952,0.153408,3.03858
40.7,-90.4,0.07,0.03,0.0,0.0,0.552109,0.277253,0.028764,0.0,2.04544,1.124992,0.357952,0.153408,3.18546
41.6,-87.7,0.06,0.03,0.0,0.0,0.48739,0.230112,0.00799,0.0,2.096576,1.02272,0.306816,0.102272,2.64384
41.6,-88.6,0.06,0.03,0.0,0.0,0.49538,0.236504,0.010387,0.0,1.892032,0.971584,0.306816,0.102272,2.71728
41.6,-89.5,0.06,0.03,0.0,0.0,0.477003,0.222921,0.004794,0.0,1.585216,0.818176,0.25568,0.102272,2.56122
41.6,-90.4,0.05,0.02,0.0,0.0,0.401897,0.181373,0.0,0.0,1.53408,0.818176,0.204544,0.102272,2.08386
42.5,-87.7,0.06,0.03,0.0,0.0,0.504968,0.242896,0.013583,0.0,1.738624,0.920448,0.25568,0.102272,2.79072
42.5,-89.5,0.06,0.03,0.0,0.0,0.500973,0.240499,0.011985,0.0,1.78976,0.920448,0.306816,0.102272,2.76318
38.0,-86.8,0.07,0.04,0.0,0.0,0.557702,0.281248,0.030362,0.0,2.965888,1.431808,0.409088,0.153408,3.23136
38.0,-87.7,0.06,0.03,0.0,0.0,0.498576,0.238102,0.011186,0.0,2.659072,1.2784,0.357952,0.153408,2.73564
38.9,-85.0,0.06,0.03,0.0,0.0,0.494581,0.235705,0.010387,0.0,1.994304,0.971584,0.25568,0.102272,2.7081
38.9,-85.9,0.06,0.03,0.0,0.0,0.501772,0.240499,0.011985,0.0,2.403392,1.124992,0.306816,0.102272,2.76318
38.9,-86.8,0.07,0.03,0.0,0.0,0.524943,0.257278,0.019975,0.0,2.607936,1.227264,0.357952,0.153408,2.95596
39.8,-85.0,0.06,0.03,0.0,0.0,0.449038,0.205343,0.0,0.0,1.892032,0.920448,0.25568,0.102272,2.35926
39.8,-85.9,0.06,0.03,0.0,0.0,0.466616,0.214931,0.000799,0.0,2.30112,1.073856,0.306816,0.102272,2.46942
39.8,-86.8,0.06,0.03,0.0,0.0,0.501772,0.240499,0.012784,0.0,2.607936,1.227264,0.357952,0.153408,2.76318
40.7,-85.0,0.04,0.02,0.0,0.0,0.312409,0.136629,0.0,0.0,1.53408,0.664768,0.153408,0.051136,1.56978
40.7,-85.9,0.05,0.02,0.0,0.0,0.385118,0.173383,0.0,0.0,1.78976,0.818176,0.25568,0.102272,1.99206
40.7,-86.8,0.07,0.03,0.0,0.0,0.525742,0.258077,0.019975,0.0,2.249984,1.073856,0.306816,0.153408,2.96514
41.6,-85.0,0.04,0.02,0.0,0.0,0.339575,0.150212,0.0,0.0,1.482944,0.664768,0.204544,0.051136,1.72584
41.6,-85.9,0.05,0.02,0.0,0.0,0.428264,0.194956,0.0,0.0,1.585216,0.76704,0.204544,0.102272,2.23992
41.6,-86.8,0.06,0.03,0.0,0.0,0.480199,0.224519,0.005593,0.0,1.892032,0.920448,0.25568,0.102272,2.57958
37.1,-100.3,0.12,0.06,0.02,0.0,0.952408,0.504968,0.128639,0.017578,6.801088,3.784064,1.2784,0.562496,5.80176
37.1,-101.2,0.1,0.06,0.01,0.0,0.807789,0.441048,0.100674,0.006392,5.164736,2.914752,0.971584,0.409088,5.06736
37.1,-102.1,0.09,0.05,0.01,0.0,0.727889,0.405093,0.085493,0.0,4.244288,2.352256,0.715904,0.306816,4.65426
37.1,-94.9,0.09,0.05,0.01,0.0,0.739874,0.410686,0.08789,0.000799,5.267008,2.81248,0.818176,0.357952,4.71852
37.1,-95.8,0.09,0.05,0.01,0.0,0.753457,0.416279,0.090287,0.002397,6.545408,3.477248,1.02272,0.409088,4.78278
37.1,-96.7,0.1,0.05,0.01,0.0,0.782221,0.429063,0.09588,0.003995,8.335168,4.551104,1.380672,0.562496,4.92966
37.1,-97.6,0.1,0.05,0.01,0.0,0.802196,0.437852,0.099875,0.005593,9.20448,5.011328,1.585216,0.613632,5.03064
37.1,-98.5,0.1,0.06,0.01,0.0,0.824568,0.448239,0.10387,0.00799,8.43744,4.653376,1.482944,0.613632,5.14998
37.1,-99.4,0.12,0.06,0.02,0.0,0.922845,0.492184,0.123046,0.015181,7.823808,4.34656,1.431808,0.613632,5.65488
38.0,-100.3,0.11,0.06,0.01,0.0,0.900473,0.481797,0.119051,0.013583,6.954496,3.886336,1.2784,0.51136,5.53554
38.0,-101.2,0.1,0.06,0.01,0.0,0.836553,0.453033,0.106267,0.008789,5.573824,3.221568,1.124992,0.460224,5.20506
38.0,-102.1,0.1,0.06,0.01,0.0,0.821372,0.446641,0.103071,0.007191,5.471552,3.170432,1.124992,0.460224,5.13162
38.0,-94.9,0.1,0.05,0.01,0.0,0.795005,0.434656,0.098277,0.005593,6.289728,3.528384,1.176128,0.51136,4.99392
38.0,-95.8,0.1,0.05,0.01,0.0,0.787015,0.43146,0.096679,0.004794,7.465856,4.142016,1.329536,0.562496,4.9572
38.0,-96.7,0.1,0.05,0.01,0.0,0.789412,0.432259,0.097478,0.004794,7.6704,4.193152,1.2784,0.51136,4.96638
38.0,-97.6,0.11,0.06,0.01,0.0,0.840548,0.45543,0.107066,0.008789,9.153344,5.062464,1.636352,0.664768,5.2326
38.0,-98.5,0.11,0.06,0.01,0.0,0.888488,0.477003,0.116654,0.012784,10.329472,5.778368,1.892032,0.76704,5.48046
38.0,-99.4,0.12,0.06,0.02,0.0,0.946016,0.502571,0.12784,0.016779,9.46016,5.215872,1.687488,0.664768,5.77422
38.9,-100.3,0.11,0.06,0.02,0.0,0.91086,0.486591,0.120649,0.014382,7.823808,4.499968,1.53408,0.664768,5.59062
38.9,-101.2,0.11,0.06,0.01,0.0,0.883694,0.474606,0.115855,0.011985,6.494272,3.784064,1.329536,0.613632,5.45292
38.9,-94.9,0.1,0.06,0.01,0.0,0.818975,0.445842,0.103071,0.007191,5.88064,3.32384,1.124992,0.460224,5.12244
38.9,-95.8,0.1,0.06,0.01,0.0,0.815779,0.444244,0.102272,0.007191,7.056768,3.988608,1.380672,0.562496,5.10408
38.9,-96.7,0.1,0.06,0.01,0.0,0.826166,0.449038,0.104669,0.00799,7.516992,4.193152,1.380672,0.562496,5.15916
38.9,-97.6,0.1,0.06,0.01,0.0,0.826166,0.449038,0.104669,0.00799,8.846528,4.960192,1.636352,0.664768,5.15916
38.9,-98.5,0.11,0.06,0.01,0.0,0.858126,0.46342,0.110262,0.010387,10.431744,5.88064,1.892032,0.76704,5.3244
38.9,-99.4,0.11,0.06,0.01,0.0,0.877302,0.47141,0.114257,0.011985,9.306752,5.215872,1.636352,0.664768,5.4162
39.8,-100.3,0.11,0.06,0.01,0.0,0.849337,0.459425,0.108664,0.009588,7.721536,4.397696,1.431808,0.613632,5.2785
39.8,-101.2,0.11,0.06,0.02,0.0,0.918051,0.489787,0.122247,0.015181,6.64768,3.8352,1.329536,0.613632,5.62734
39.8,-102.1,0.12,0.06,0.02,0.0,0.942021,0.500174,0.127041,0.016779,5.778368,3.374976,1.227264,0.562496,5.74668
39.8,-94.9,0.1,0.05,0.01,0.0,0.77503,0.425867,0.094282,0.003995,5.676096,3.119296,0.971584,0.409088,4.89294
39.8,-95.8,0.1,0.06,0.01,0.0,0.812583,0.442646,0.101473,0.006392,6.596544,3.630656,1.176128,0.460224,5.08572
39.8,-96.7,0.11,0.06,0.01,0.0,0.874905,0.470611,0.113458,0.011186,7.977216,4.499968,1.482944,0.613632,5.40702
39.8,-97.6,0.11,0.06,0.01,0.0,0.882096,0.473807,0.115056,0.011985,9.20448,5.215872,1.738624,0.715904,5.44374
39.8,-98.5,0.1,0.06,0.01,0.0,0.81498,0.444244,0.102272,0.007191,8.284032,4.653376,1.482944,0.613632,5.10408
39.8,-99.4,0.1,0.06,0.01,0.0,0.817377,0.445043,0.103071,0.007191,7.977216,4.499968,1.482944,0.613632,5.11326
37.1,-83.2,0.05,0.02,0.0,0.0,0.427465,0.194956,0.0,0.0,1.176128,0.613632,0.204544,0.102272,2.23992
37.1,-84.1,0.06,0.03,0.0,0.0,0.451435,0.206941,0.0,0.0,1.329536,0.664768,0.204544,0.102272,2.37762
37.1,-85.0,0.06,0.03,0.0,0.0,0.51136,0.24769,0.015181,0.0,1.78976,0.869312,0.25568,0.153408,2.8458
37.1,-85.9,0.07,0.03,0.0,0.0,0.520149,0.254082,0.018377,0.0,2.30112,1.124992,0.306816,0.153408,2.91924
37.1,-86.8,0.07,0.03,0.0,0.0,0.553707,0.278851,0.029563,0.0,2.710208,1.380672,0.409088,0.153408,3.20382
37.1,-87.7,0.07,0.03,0.0,0.0,0.538526,0.267665,0.02397,0.0,2.761344,1.380672,0.409088,0.153408,3.0753
37.1,-88.6,0.06,0.03,0.0,0.0,0.515355,0.250087,0.016779,0.0,2.403392,1.176128,0.306816,0.102272,2.87334
38.0,-83.2,0.06,0.03,0.0,0.0,0.459425,0.210936,0.0,0.0,1.482944,0.76704,0.25568,0.102272,2.42352
38.0,-84.1,0.06,0.03,0.0,0.0,0.483395,0.227715,0.006392,0.0,1.585216,0.818176,0.25568,0.102272,2.6163
38.0,-85.0,0.06,0.03,0.0,0.0,0.496978,0.237303,0.011186,0.0,1.943168,0.920448,0.25568,0.102272,2.72646
38.0,-85.9,0.06,0.03,0.0,0.0,0.516953,0.251685,0.016779,0.0,2.5568,1.227264,0.306816,0.153408,2.8917
29.0,-89.5,0.02,0.01,0.0,0.0,0.190961,0.079101,0.0,0.0,0.409088,0.204544,0.102272,0.051136,0.90882
29.0,-90.4,0.02,0.01,0.0,0.0,0.160599,0.066317,0.0,0.0,0.409088,0.204544,0.051136,0.051136,0.76194
29.0,-91.3,0.02,0.01,0.0,0.0,0.195755,0.080699,0.0,0.0,0.51136,0.25568,0.102272,0.051136,0.92718
29.0,-92.2,0.05,0.02,0.0,0.0,0.366741,0.164594,0.0,0.0,0.818176,0.460224,0.153408,0.051136,1.89108
29.0,-93.1,0.07,0.04,0.0,0.0,0.574481,0.294032,0.035955,0.0,1.380672,0.76704,0.25568,0.102272,3.37824
29.9,-90.4,0.06,0.03,0.0,0.0,0.473008,0.219725,0.003196,0.0,1.176128,0.664768,0.204544,0.102272,2.5245
29.9,-91.3,0.07,0.03,0.0,0.0,0.531335,0.262072,0.021573,0.0,1.636352,0.920448,0.306816,0.153408,3.01104
29.9,-92.2,0.07,0.04,0.0,0.0,0.568888,0.290037,0.034357,0.0,1.687488,0.971584,0.357952,0.153408,3.33234
29.9,-93.1,0.09,0.05,0.01,0.0,0.728688,0.405093,0.085493,0.0,2.30112,1.329536,0.460224,0.204544,4.65426
30.8,-90.4,0.06,0.03,0.0,0.0,0.506566,0.244494,0.014382,0.0,1.585216,0.869312,0.306816,0.102272,2.80908
30.8,-91.3,0.07,0.03,0.0,0.0,0.532933,0.26367,0.022372,0.0,1.994304,1.124992,0.357952,0.153408,3.0294
30.8,-92.2,0.07,0.03,0.0,0.0,0.541722,0.270062,0.025568,0.0,2.04544,1.124992,0.357952,0.153408,3.10284
30.8,-93.1,0.07,0.03,0.0,0.0,0.540124,0.268464,0.024769,0.0,2.198848,1.176128,0.357952,0.153408,3.08448
31.7,-92.2,0.07,0.03,0.0,0.0,0.522546,0.25568,0.019176,0.0,2.249984,1.176128,0.357952,0.153408,2.9376
31.7,-93.1,0.07,0.04,0.0,0.0,0.560099,0.283645,0.031161,0.0,2.30112,1.227264,0.409088,0.153408,3.2589
32.6,-91.3,0.06,0.03,0.0,0.0,0.493782,0.234906,0.009588,0.0,2.198848,1.124992,0.306816,0.102272,2.69892
32.6,-92.2,0.07,0.03,0.0,0.0,0.528938,0.260474,0.021573,0.0,2.710208,1.380672,0.409088,0.153408,2.99268
32.6,-93.1,0.08,0.04,0.01,0.0,0.612034,0.321198,0.04794,0.0,2.81248,1.482944,0.460224,0.204544,3.69036
32.6,-94.0,0.08,0.04,0.01,0.0,0.612034,0.321198,0.04794,0.0,2.5568,1.329536,0.460224,0.204544,3.69036
40.7,-69.7,0.0,0.0,0.0,0.0,0.0,0.0,0.0,0.0,0.051136,0.0,0.0,0.0,0.0
40.7,-70.6,0.0,0.0,0.0,0.0,0.0,0.0,0.0,0.0,0.051136,0.051136,0.0,0.0,0.0
41.6,-69.7,0.0,0.0,0.0,0.0,0.0,0.0,0.0,0.0,0.102272,0.051136,0.0,0.0,0.0
41.6,-70.6,0.0,0.0,0.0,0.0,0.0,0.0,0.0,0.0,0.204544,0.102272,0.051136,0.0,0.0
42.5,-69.7,0.0,0.0,0.0,0.0,0.0,0.0,0.0,0.0,0.153408,0.102272,0.051136,0.0,0.0
42.5,-70.6,0.02,0.01,0.0,0.0,0.126242,0.051935,0.0,0.0,0.409088,0.204544,0.051136,0.0,0.5967
42.5,-71.5,0.02,0.01,0.0,0.0,0.169388,0.069513,0.0,0.0,0.613632,0.306816,0.102272,0.051136,0.79866
42.5,-72.4,0.02,0.01,0.0,0.0,0.155006,0.06392,0.0,0.0,0.664768,0.306816,0.102272,0.051136,0.7344
42.5,-73.3,0.03,0.01,0.0,0.0,0.262072,0.111061,0.0,0.0,1.073856,0.51136,0.153408,0.051136,1.27602
38.0,-74.2,0.0,0.0,0.0,0.0,0.0,0.0,0.0,0.0,0.153408,0.051136,0.0,0.0,0.0
38.0,-76.0,0.03,0.01,0.0,0.0,0.264469,0.112659,0.0,0.0,0.920448,0.460224,0.102272,0.051136,1.29438
38.9,-76.0,0.04,0.02,0.0,0.0,0.285243,0.123046,0.0,0.0,1.227264,0.613632,0.153408,0.051136,1.41372
38.9,-76.9,0.05,0.02,0.0,0.0,0.389113,0.174981,0.0,0.0,1.994304,0.971584,0.25568,0.102272,2.01042
39.8,-78.7,0.04,0.02,0.0,0.0,0.355555,0.158202,0.0,0.0,0.971584,0.51136,0.153408,0.051136,1.81764
43.4,-68.8,0.0,0.0,0.0,0.0,0.0,0.0,0.0,0.0,0.051136,0.0,0.0,0.0,0.0
43.4,-69.7,0.0,0.0,0.0,0.0,0.0,0.0,0.0,0.0,0.153408,0.102272,0.051136,0.0,0.0
43.4,-70.6,0.01,0.0,0.0,0.0,0.070312,0.028764,0.0,0.0,0.357952,0.153408,0.051136,0.0,0.33048
44.3,-67.9,0.0,0.0,0.0,0.0,0.0,0.0,0.0,0.0,0.051136,0.051136,0.0,0.0,0.0
44.3,-68.8,0.0,0.0,0.0,0.0,0.0,0.0,0.0,0.0,0.102272,0.051136,0.0,0.0,0.0
44.3,-69.7,0.0,0.0,0.0,0.0,0.0,0.0,0.0,0.0,0.204544,0.102272,0.051136,0.0,0.0
44.3,-70.6,0.0,0.0,0.0,0.0,0.012784,0.005593,0.0,0.0,0.204544,0.102272,0.051136,0.0,0.06426
45.2,-67.9,0.0,0.0,0.0,0.0,0.0,0.0,0.0,0.0,0.102272,0.051136,0.0,0.0,0.0
45.2,-68.8,0.0,0.0,0.0,0.0,0.0,0.0,0.0,0.0,0.153408,0.102272,0.051136,0.0,0.0
45.2,-69.7,0.0,0.0,0.0,0.0,0.0,0.0,0.0,0.0,0.153408,0.102272,0.051136,0.0,0.0
45.2,-70.6,0.0,0.0,0.0,0.0,0.0,0.0,0.0,0.0,0.102272,0.051136,0.051136,0.0,0.0
46.1,-67.9,0.0,0.0,0.0,0.0,0.0,0.0,0.0,0.0,0.051136,0.051136,0.0,0.0,0.0
46.1,-68.8,0.0,0.0,0.0,0.0,0.0,0.0,0.0,0.0,0.102272,0.051136,0.0,0.0,0.0
46.1,-69.7,0.0,0.0,0.0,0.0,0.0,0.0,0.0,0.0,0.102272,0.051136,0.0,0.0,0.0
47.0,-67.9,0.0,0.0,0.0,0.0,0.0,0.0,0.0,0.0,0.051136,0.051136,0.0,0.0,0.0
47.0,-68.8,0.0,0.0,0.0,0.0,0.0,0.0,0.0,0.0,0.051136,0.051136,0.0,0.0,0.0
42.5,-83.2,0.02,0.01,0.0,0.0,0.164594,0.067915,0.0,0.0,0.715904,0.306816,0.102272,0.051136,0.7803
42.5,-84.1,0.04,0.02,0.0,0.0,0.283645,0.122247,0.0,0.0,0.971584,0.460224,0.153408,0.051136,1.40454
42.5,-85.0,0.04,0.02,0.0,0.0,0.342771,0.15181,0.0,0.0,1.073856,0.51136,0.153408,0.051136,1.7442
42.5,-85.9,0.05,0.02,0.0,0.0,0.405892,0.18377,0.0,0.0,1.227264,0.613632,0.204544,0.051136,2.1114
42.5,-86.8,0.06,0.03,0.0,0.0,0.476204,0.222122,0.003995,0.0,1.482944,0.76704,0.25568,0.102272,2.55204
43.4,-82.3,0.0,0.0,0.0,0.0,0.0,0.0,0.0,0.0,0.306816,0.102272,0.0,0.0,0.0
43.4,-83.2,0.01,0.0,0.0,0.0,0.090287,0.037553,0.0,0.0,0.613632,0.25568,0.051136,0.0,0.43146
43.4,-84.1,0.03,0.01,0.0,0.0,0.240499,0.099875,0.0,0.0,0.818176,0.357952,0.102272,0.051136,1.1475
43.4,-85.0,0.03,0.01,0.0,0.0,0.245293,0.103071,0.0,0.0,0.76704,0.357952,0.102272,0.051136,1.18422
43.4,-85.9,0.03,0.01,0.0,0.0,0.232509,0.096679,0.0,0.0,0.818176,0.357952,0.102272,0.051136,1.11078
43.4,-86.8,0.04,0.02,0.0,0.0,0.315605,0.138227,0.0,0.0,1.124992,0.562496,0.153408,0.051136,1.58814
44.3,-82.3,0.0,0.0,0.0,0.0,0.031161,0.012784,0.0,0.0,0.357952,0.153408,0.051136,0.0,0.14688
44.3,-83.2,0.02,0.01,0.0,0.0,0.186167,0.076704,0.0,0.0,0.664768,0.306816,0.102272,0.051136,0.88128
44.3,-84.1,0.02,0.01,0.0,0.0,0.190961,0.079101,0.0,0.0,0.715904,0.357952,0.102272,0.051136,0.90882
44.3,-85.0,0.02,0.01,0.0,0.0,0.149413,0.061523,0.0,0.0,0.613632,0.306816,0.102272,0.051136,0.70686
44.3,-85.9,0.02,0.01,0.0,0.0,0.188564,0.077503,0.0,0.0,0.715904,0.357952,0.102272,0.051136,0.89046
44.3,-86.8,0.03,0.01,0.0,0.0,0.265268,0.112659,0.0,0.0,1.073856,0.51136,0.102272,0.051136,1.29438
45.2,-83.2,0.02,0.01,0.0,0.0,0.132634,0.054332,0.0,0.0,0.409088,0.204544,0.051136,0.051136,0.62424
45.2,-84.1,0.01,0.01,0.0,0.0,0.097478,0.03995,0.0,0.0,0.409088,0.204544,0.051136,0.0,0.459
45.2,-85.0,0.0,0.0,0.0,0.0,0.0,0.0,0.0,0.0,0.306816,0.153408,0.051136,0.0,0.0
45.2,-85.9,0.01,0.0,0.0,0.0,0.093483,0.038352,0.0,0.0,0.460224,0.204544,0.051136,0.0,0.44064
45.2,-86.8,0.03,0.01,0.0,0.0,0.254082,0.107066,0.0,0.0,0.869312,0.409088,0.102272,0.051136,1.23012
46.1,-84.1,0.0,0.0,0.0,0.0,0.0,0.0,0.0,0.0,0.102272,0.051136,0.0,0.0,0.0
46.1,-85.0,0.0,0.0,0.0,0.0,0.0,0.0,0.0,0.0,0.153408,0.051136,0.0,0.0,0.0
46.1,-85.9,0.0,0.0,0.0,0.0,0.027965,0.011186,0.0,0.0,0.357952,0.153408,0.051136,0.0,0.12852
46.1,-86.8,0.03,0.01,0.0,0.0,0.230911,0.09588,0.0,0.0,0.664768,0.306816,0.102272,0.051136,1.1016
46.1,-87.7,0.04,0.02,0.0,0.0,0.294032,0.12784,0.0,0.0,0.869312,0.460224,0.153408,0.051136,1.4688
46.1,-88.6,0.04,0.02,0.0,0.0,0.345967,0.153408,0.0,0.0,0.971584,0.51136,0.153408,0.051136,1.76256
47.0,-85.0,0.0,0.0,0.0,0.0,0.0,0.0,0.0,0.0,0.153408,0.051136,0.0,0.0,0.0
47.0,-85.9,0.0,0.0,0.0,0.0,0.027166,0.011186,0.0,0.0,0.306816,0.153408,0.051136,0.0,0.12852
47.0,-86.8,0.01,0.0,0.0,0.0,0.083895,0.034357,0.0,0.0,0.357952,0.204544,0.051136,0.0,0.39474
47.0,-87.7,0.01,0.0,0.0,0.0,0.079101,0.032759,0.0,0.0,0.409088,0.204544,0.051136,0.0,0.37638
47.0,-88.6,0.02,0.01,0.0,0.0,0.131036,0.054332,0.0,0.0,0.51136,0.25568,0.051136,0.0,0.62424
47.0,-89.5,0.01,0.01,0.0,0.0,0.098277,0.040749,0.0,0.0,0.562496,0.25568,0.051136,0.0,0.46818
47.9,-87.7,0.0,0.0,0.0,0.0,0.0,0.0,0.0,0.0,0.102272,0.051136,0.0,0.0,0.0
47.9,-88.6,0.0,0.0,0.0,0.0,0.0,0.0,0.0,0.0,0.153408,0.102272,0.0,0.0,0.0
43.4,-94.0,0.06,0.03,0.0,0.0,0.512958,0.248489,0.01598,0.0,2.30112,1.176128,0.306816,0.102272,2.85498
44.3,-92.2,0.09,0.05,0.01,0.0,0.736678,0.409088,0.087091,0.000799,2.965888,1.636352,0.562496,0.204544,4.70016
44.3,-93.1,0.09,0.05,0.01,0.0,0.694331,0.381123,0.075106,0.0,3.017024,1.636352,0.51136,0.204544,4.37886
44.3,-94.0,0.08,0.04,0.01,0.0,0.610436,0.3196,0.047141,0.0,2.607936,1.431808,0.460224,0.204544,3.672
44.3,-94.9,0.07,0.04,0.0,0.0,0.574481,0.294032,0.035955,0.0,2.096576,1.124992,0.409088,0.153408,3.37824
44.3,-95.8,0.07,0.03,0.0,0.0,0.528139,0.259675,0.020774,0.0,1.943168,1.02272,0.306816,0.102272,2.9835
45.2,-93.1,0.09,0.05,0.01,0.0,0.740673,0.410686,0.08789,0.000799,3.477248,1.943168,0.664768,0.25568,4.71852
45.2,-94.0,0.1,0.05,0.01,0.0,0.764643,0.421073,0.092684,0.003196,3.170432,1.78976,0.664768,0.306816,4.83786
45.2,-94.9,0.08,0.04,0.01,0.0,0.648788,0.347565,0.059925,0.0,2.403392,1.380672,0.460224,0.204544,3.9933
45.2,-95.8,0.06,0.03,0.0,0.0,0.512159,0.248489,0.01598,0.0,1.994304,1.073856,0.306816,0.102272,2.85498
46.1,-93.1,0.07,0.04,0.01,0.0,0.585667,0.302022,0.03995,0.0,2.096576,1.176128,0.409088,0.153408,3.47004
46.1,-94.0,0.07,0.04,0.01,0.0,0.586466,0.302022,0.03995,0.0,2.198848,1.227264,0.409088,0.153408,3.47004
46.1,-94.9,0.07,0.03,0.0,0.0,0.548114,0.274856,0.027166,0.0,1.892032,1.02272,0.357952,0.153408,3.15792
46.1,-95.8,0.06,0.03,0.0,0.0,0.440249,0.201348,0.0,0.0,1.585216,0.869312,0.25568,0.102272,2.31336
47.0,-91.3,0.02,0.01,0.0,0.0,0.170187,0.070312,0.0,0.0,0.562496,0.306816,0.102272,0.051136,0.80784
47.0,-92.2,0.03,0.01,0.0,0.0,0.266866,0.113458,0.0,0.0,0.664768,0.357952,0.102272,0.051136,1.30356
47.0,-93.1,0.04,0.02,0.0,0.0,0.35156,0.156604,0.0,0.0,0.869312,0.460224,0.153408,0.051136,1.79928
47.0,-94.0,0.05,0.02,0.0,0.0,0.386716,0.174182,0.0,0.0,1.124992,0.613632,0.153408,0.051136,2.00124
47.0,-94.9,0.05,0.02,0.0,0.0,0.374731,0.16779,0.0,0.0,1.176128,0.613632,0.204544,0.102272,1.9278
47.0,-95.8,0.05,0.02,0.0,0.0,0.369138,0.165393,0.0,0.0,1.176128,0.613632,0.204544,0.102272,1.90026
47.0,-96.7,0.06,0.03,0.0,0.0,0.465817,0.214931,0.000799,0.0,1.329536,0.715904,0.25568,0.102272,2.46942
47.9,-90.4,0.0,0.0,0.0,0.0,0.0,0.0,0.0,0.0,0.204544,0.102272,0.0,0.0,0.0
47.9,-91.3,0.0,0.0,0.0,0.0,0.030362,0.011985,0.0,0.0,0.306816,0.153408,0.051136,0.0,0.1377
47.9,-92.2,0.01,0.0,0.0,0.0,0.058327,0.02397,0.0,0.0,0.357952,0.204544,0.051136,0.0,0.2754
47.9,-93.1,0.01,0.0,0.0,0.0,0.046342,0.019176,0.0,0.0,0.409088,0.204544,0.051136,0.0,0.22032
47.9,-94.0,0.01,0.0,0.0,0.0,0.074307,0.030362,0.0,0.0,0.460224,0.204544,0.051136,0.0,0.34884
47.9,-94.9,0.02,0.01,0.0,0.0,0.139825,0.057528,0.0,0.0,0.562496,0.25568,0.051136,0.0,0.66096
47.9,-95.8,0.03,0.01,0.0,0.0,0.261273,0.111061,0.0,0.0,0.715904,0.357952,0.102272,0.051136,1.27602
47.9,-96.7,0.05,0.02,0.0,0.0,0.365942,0.163795,0.0,0.0,0.971584,0.51136,0.153408,0.051136,1.8819
48.8,-94.0,0.0,0.0,0.0,0.0,0.0,0.0,0.0,0.0,0.153408,0.051136,0.0,0.0,0.0
48.8,-94.9,0.0,0.0,0.0,0.0,0.0,0.0,0.0,0.0,0.25568,0.102272,0.051136,0.0,0.0
48.8,-95.8,0.01,0.0,0.0,0.0,0.068714,0.028764,0.0,0.0,0.409088,0.204544,0.051136,0.051136,0.33048
48.8,-96.7,0.02,0.01,0.0,0.0,0.180574,0.074307,0.0,0.0,0.613632,0.306816,0.102272,0.051136,0.85374
37.1,-89.5,0.06,0.03,0.0,0.0,0.500973,0.2397,0.011985,0.0,2.454528,1.176128,0.306816,0.102272,2.754
37.1,-90.4,0.07,0.03,0.0,0.0,0.529737,0.261273,0.021573,0.0,2.81248,1.380672,0.357952,0.153408,3.00186
37.1,-91.3,0.07,0.03,0.0,0.0,0.547315,0.274057,0.027166,0.0,2.81248,1.431808,0.409088,0.153408,3.14874
37.1,-92.2,0.08,0.04,0.01,0.0,0.632009,0.33558,0.054332,0.0,2.761344,1.431808,0.460224,0.204544,3.8556
37.1,-93.1,0.08,0.04,0.01,0.0,0.649587,0.348364,0.059925,0.0,3.06816,1.585216,0.51136,0.204544,4.00248
37.1,-94.0,0.09,0.05,0.01,0.0,0.726291,0.404294,0.084694,0.0,3.937472,2.04544,0.664768,0.25568,4.64508
38.0,-90.4,0.08,0.04,0.01,0.0,0.604044,0.315605,0.045543,0.0,3.681792,1.840896,0.562496,0.204544,3.6261
38.0,-91.3,0.09,0.05,0.01,0.0,0.72709,0.404294,0.085493,0.0,3.630656,1.892032,0.613632,0.25568,4.64508
38.0,-92.2,0.09,0.05,0.01,0.0,0.72709,0.404294,0.085493,0.0,3.426112,1.78976,0.562496,0.204544,4.64508
38.0,-93.1,0.09,0.05,0.01,0.0,0.68714,0.376329,0.072709,0.0,3.170432,1.636352,0.51136,0.204544,4.32378
38.0,-94.0,0.09,0.05,0.01,0.0,0.747065,0.413882,0.088689,0.001598,3.937472,2.147712,0.715904,0.306816,4.75524
38.9,-90.4,0.09,0.05,0.01,0.0,0.696728,0.382721,0.075106,0.0,3.886336,2.04544,0.664768,0.25568,4.39722
38.9,-91.3,0.09,0.05,0.01,0.0,0.698326,0.384319,0.075905,0.0,3.732928,1.943168,0.613632,0.25568,4.41558
38.9,-92.2,0.09,0.05,0.01,0.0,0.681547,0.372334,0.070312,0.0,3.477248,1.840896,0.562496,0.204544,4.27788
38.9,-93.1,0.08,0.04,0.01,0.0,0.650386,0.349163,0.060724,0.0,3.374976,1.78976,0.562496,0.204544,4.01166
38.9,-94.0,0.09,0.05,0.01,0.0,0.739874,0.410686,0.08789,0.000799,4.142016,2.249984,0.715904,0.306816,4.71852
39.8,-92.2,0.06,0.03,0.0,0.0,0.496179,0.236504,0.010387,0.0,2.454528,1.2784,0.357952,0.153408,2.71728
39.8,-93.1,0.08,0.04,0.01,0.0,0.640798,0.341972,0.057528,0.0,3.017024,1.636352,0.51136,0.204544,3.92904
39.8,-94.0,0.09,0.05,0.01,0.0,0.755854,0.417877,0.091086,0.002397,4.34656,2.352256,0.76704,0.306816,4.80114
29.9,-88.6,0.04,0.02,0.0,0.0,0.34357,0.152609,0.0,0.0,0.664768,0.409088,0.153408,0.051136,1.75338
29.9,-89.5,0.06,0.03,0.0,0.0,0.466616,0.214931,0.000799,0.0,0.869312,0.51136,0.153408,0.051136,2.46942
30.8,-88.6,0.04,0.02,0.0,0.0,0.349163,0.155006,0.0,0.0,0.920448,0.51136,0.153408,0.051136,1.78092
30.8,-89.5,0.06,0.03,0.0,0.0,0.480998,0.226117,0.005593,0.0,1.176128,0.613632,0.204544,0.102272,2.59794
31.7,-88.6,0.06,0.03,0.0,0.0,0.48739,0.230112,0.00799,0.0,1.892032,0.971584,0.306816,0.102272,2.64384
31.7,-89.5,0.07,0.03,0.0,0.0,0.52734,0.259675,0.020774,0.0,1.840896,0.971584,0.306816,0.102272,2.9835
31.7,-90.4,0.06,0.03,0.0,0.0,0.512159,0.248489,0.01598,0.0,1.892032,1.02272,0.306816,0.102272,2.85498
31.7,-91.3,0.06,0.03,0.0,0.0,0.501772,0.240499,0.011985,0.0,1.994304,1.073856,0.306816,0.153408,2.76318
32.6,-88.6,0.07,0.03,0.0,0.0,0.534531,0.264469,0.023171,0.0,2.454528,1.329536,0.409088,0.153408,3.03858
32.6,-89.5,0.07,0.03,0.0,0.0,0.525742,0.258077,0.019975,0.0,2.147712,1.124992,0.357952,0.153408,2.96514
32.6,-90.4,0.07,0.03,0.0,0.0,0.520948,0.254881,0.018377,0.0,2.04544,1.073856,0.306816,0.102272,2.92842
33.5,-88.6,0.07,0.04,0.0,0.0,0.565692,0.286841,0.032759,0.0,2.5568,1.329536,0.409088,0.153408,3.29562
33.5,-89.5,0.08,0.04,0.01,0.0,0.636004,0.337977,0.05593,0.0,2.505664,1.380672,0.409088,0.204544,3.88314
33.5,-90.4,0.08,0.04,0.01,0.0,0.61523,0.323595,0.048739,0.0,2.81248,1.482944,0.460224,0.204544,3.7179
34.4,-88.6,0.07,0.04,0.0,0.0,0.572883,0.292434,0.035156,0.0,2.761344,1.380672,0.409088,0.153408,3.35988
34.4,-89.5,0.08,0.04,0.01,0.0,0.603245,0.314806,0.044744,0.0,2.505664,1.2784,0.409088,0.153408,3.61692
34.4,-90.4,0.07,0.04,0.0,0.0,0.564893,0.286841,0.032759,0.0,2.505664,1.2784,0.357952,0.153408,3.29562
44.3,-110.2,0.0,0.0,0.0,0.0,0.0,0.0,0.0,0.0,0.0,0.0,0.0,0.0,0.0
44.3,-111.1,0.0,0.0,0.0,0.0,0.0,0.0,0.0,0.0,0.0,0.0,0.0,0.0,0.0
45.2,-104.8,0.07,0.04,0.01,0.0,0.590461,0.305218,0.040749,0.0,1.380672,0.818176,0.357952,0.153408,3.50676
45.2,-105.7,0.06,0.03,0.0,0.0,0.442646,0.202147,0.0,0.0,1.2784,0.715904,0.204544,0.102272,2.32254
45.2,-106.6,0.06,0.03,0.0,0.0,0.493782,0.234906,0.009588,0.0,1.687488,0.920448,0.25568,0.102272,2.69892
45.2,-107.5,0.06,0.03,0.0,0.0,0.493782,0.234906,0.009588,0.0,1.585216,0.869312,0.25568,0.102272,2.69892
45.2,-109.3,0.02,0.01,0.0,0.0,0.121448,0.050337,0.0,0.0,0.460224,0.204544,0.051136,0.0,0.57834
45.2,-110.2,0.0,0.0,0.0,0.0,0.00799,0.003196,0.0,0.0,0.204544,0.102272,0.051136,0.0,0.03672
45.2,-111.1,0.0,0.0,0.0,0.0,0.0,0.0,0.0,0.0,0.102272,0.051136,0.0,0.0,0.0
45.2,-112.0,0.0,0.0,0.0,0.0,0.0,0.0,0.0,0.0,0.102272,0.051136,0.0,0.0,0.0
45.2,-112.9,0.0,0.0,0.0,0.0,0.0,0.0,0.0,0.0,0.051136,0.051136,0.0,0.0,0.0
46.1,-103.9,0.06,0.03,0.0,0.0,0.454631,0.208539,0.0,0.0,1.073856,0.613632,0.25568,0.102272,2.39598
46.1,-104.8,0.03,0.01,0.0,0.0,0.258077,0.109463,0.0,0.0,0.76704,0.409088,0.153408,0.051136,1.25766
46.1,-105.7,0.05,0.02,0.0,0.0,0.389912,0.17578,0.0,0.0,1.431808,0.715904,0.204544,0.051136,2.0196
46.1,-106.6,0.07,0.03,0.0,0.0,0.530536,0.261273,0.021573,0.0,2.249984,1.227264,0.357952,0.153408,3.00186
46.1,-107.5,0.07,0.04,0.0,0.0,0.573682,0.293233,0.035955,0.0,2.30112,1.2784,0.409088,0.153408,3.36906
46.1,-108.4,0.06,0.03,0.0,0.0,0.507365,0.244494,0.014382,0.0,1.78976,0.971584,0.306816,0.102272,2.80908
46.1,-109.3,0.05,0.02,0.0,0.0,0.35955,0.160599,0.0,0.0,1.227264,0.613632,0.204544,0.051136,1.84518
46.1,-110.2,0.03,0.01,0.0,0.0,0.254082,0.107066,0.0,0.0,0.715904,0.357952,0.102272,0.051136,1.23012
46.1,-111.1,0.01,0.0,0.0,0.0,0.058327,0.02397,0.0,0.0,0.357952,0.153408,0.051136,0.0,0.2754
46.1,-112.0,0.0,0.0,0.0,0.0,0.0,0.0,0.0,0.0,0.25568,0.102272,0.051136,0.0,0.0
46.1,-112.9,0.0,0.0,0.0,0.0,0.0,0.0,0.0,0.0,0.204544,0.102272,0.051136,0.0,0.0
46.1,-113.8,0.0,0.0,0.0,0.0,0.0,0.0,0.0,0.0,0.153408,0.051136,0.0,0.0,0.0
46.1,-114.7,0.0,0.0,0.0,0.0,0.0,0.0,0.0,0.0,0.102272,0.051136,0.0,0.0,0.0
47.0,-104.8,0.06,0.03,0.0,0.0,0.472209,0.218926,0.003196,0.0,1.53408,0.818176,0.25568,0.102272,2.51532
47.0,-105.7,0.07,0.04,0.01,0.0,0.590461,0.305218,0.040749,0.0,2.249984,1.227264,0.409088,0.153408,3.50676
47.0,-106.6,0.08,0.04,0.01,0.0,0.637602,0.339575,0.056729,0.0,2.710208,1.482944,0.51136,0.204544,3.9015
47.0,-107.5,0.07,0.04,0.01,0.0,0.589662,0.304419,0.040749,0.0,2.710208,1.482944,0.460224,0.204544,3.49758
47.0,-108.4,0.07,0.03,0.0,0.0,0.533732,0.26367,0.022372,0.0,2.30112,1.227264,0.409088,0.153408,3.0294
47.0,-109.3,0.06,0.03,0.0,0.0,0.441048,0.201348,0.0,0.0,1.585216,0.869312,0.25568,0.102272,2.31336
47.0,-110.2,0.04,0.02,0.0,0.0,0.358751,0.1598,0.0,0.0,1.073856,0.562496,0.204544,0.051136,1.836
47.0,-111.1,0.03,0.01,0.0,0.0,0.269263,0.115056,0.0,0.0,0.715904,0.357952,0.102272,0.051136,1.32192
47.0,-112.0,0.02,0.01,0.0,0.0,0.147016,0.060724,0.0,0.0,0.460224,0.204544,0.051136,0.051136,0.69768
47.0,-112.9,0.01,0.01,0.0,0.0,0.101473,0.042347,0.0,0.0,0.357952,0.204544,0.051136,0.0,0.48654
47.0,-113.8,0.0,0.0,0.0,0.0,0.027166,0.011186,0.0,0.0,0.25568,0.102272,0.051136,0.0,0.12852
47.0,-114.7,0.0,0.0,0.0,0.0,0.0,0.0,0.0,0.0,0.153408,0.051136,0.0,0.0,0.0
47.9,-103.9,0.05,0.02,0.0,0.0,0.376329,0.168589,0.0,0.0,1.585216,0.818176,0.204544,0.102272,1.93698
47.9,-104.8,0.07,0.03,0.0,0.0,0.538526,0.267665,0.02397,0.0,1.994304,1.124992,0.357952,0.153408,3.0753
47.9,-105.7,0.08,0.04,0.01,0.0,0.604044,0.315605,0.045543,0.0,2.249984,1.2784,0.460224,0.204544,3.6261
47.9,-106.6,0.07,0.04,0.0,0.0,0.556104,0.27965,0.029563,0.0,2.249984,1.227264,0.460224,0.204544,3.213
47.9,-107.5,0.06,0.03,0.0,0.0,0.516953,0.251685,0.017578,0.0,1.78976,0.971584,0.306816,0.153408,2.8917
47.9,-108.4,0.06,0.03,0.0,0.0,0.484194,0.228514,0.006392,0.0,1.482944,0.818176,0.25568,0.102272,2.62548
47.9,-109.3,0.05,0.02,0.0,0.0,0.363545,0.162197,0.0,0.0,1.073856,0.562496,0.153408,0.051136,1.86354
47.9,-110.2,0.04,0.02,0.0,0.0,0.332384,0.146217,0.0,0.0,0.818176,0.460224,0.153408,0.051136,1.67994
47.9,-111.1,0.05,0.02,0.0,0.0,0.400299,0.180574,0.0,0.0,0.818176,0.460224,0.153408,0.051136,2.07468
47.9,-112.0,0.04,0.02,0.0,0.0,0.330786,0.146217,0.0,0.0,0.613632,0.357952,0.102272,0.051136,1.67994
47.9,-112.9,0.02,0.01,0.0,0.0,0.139825,0.057528,0.0,0.0,0.357952,0.204544,0.051136,0.051136,0.66096
47.9,-113.8,0.0,0.0,0.0,0.0,0.013583,0.005593,0.0,0.0,0.204544,0.102272,0.051136,0.0,0.06426
47.9,-114.7,0.0,0.0,0.0,0.0,0.0,0.0,0.0,0.0,0.102272,0.051136,0.0,0.0,0.0
47.9,-115.6,0.0,0.0,0.0,0.0,0.0,0.0,0.0,0.0,0.051136,0.051136,0.0,0.0,0.0
48.8,-104.8,0.05,0.02,0.0,0.0,0.425867,0.194157,0.0,0.0,1.2784,0.715904,0.204544,0.102272,2.23074
48.8,-105.7,0.06,0.03,0.0,0.0,0.469013,0.216529,0.001598,0.0,1.380672,0.76704,0.25568,0.102272,2.48778
48.8,-106.6,0.06,0.03,0.0,0.0,0.466616,0.214931,0.000799,0.0,1.2784,0.715904,0.25568,0.102272,2.46942
48.8,-107.5,0.05,0.02,0.0,0.0,0.394706,0.178177,0.0,0.0,0.971584,0.51136,0.153408,0.051136,2.04714
48.8,-108.4,0.03,0.01,0.0,0.0,0.275655,0.118252,0.0,0.0,0.715904,0.409088,0.102272,0.051136,1.35864
48.8,-109.3,0.03,0.01,0.0,0.0,0.224519,0.092684,0.0,0.0,0.562496,0.306816,0.102272,0.051136,1.06488
48.8,-110.2,0.02,0.01,0.0,0.0,0.18377,0.075905,0.0,0.0,0.409088,0.204544,0.051136,0.0,0.8721
48.8,-111.1,0.02,0.01,0.0,0.0,0.134232,0.055131,0.0,0.0,0.306816,0.153408,0.051136,0.0,0.63342
48.8,-112.0,0.01,0.0,0.0,0.0,0.047141,0.019176,0.0,0.0,0.25568,0.153408,0.051136,0.0,0.22032
48.8,-112.9,0.0,0.0,0.0,0.0,0.0,0.0,0.0,0.0,0.153408,0.102272,0.0,0.0,0.0
48.8,-113.8,0.0,0.0,0.0,0.0,0.0,0.0,0.0,0.0,0.051136,0.051136,0.0,0.0,0.0
48.8,-114.7,0.0,0.0,0.0,0.0,0.0,0.0,0.0,0.0,0.051136,0.0,0.0,0.0,0.0
48.8,-115.6,0.0,0.0,0.0,0.0,0.0,0.0,0.0,0.0,0.051136,0.0,0.0,0.0,0.0
33.5,-77.8,0.01,0.0,0.0,0.0,0.08789,0.035955,0.0,0.0,0.51136,0.204544,0.051136,0.0,0.4131
34.4,-75.1,0.0,0.0,0.0,0.0,0.003995,0.001598,0.0,0.0,0.357952,0.102272,0.051136,0.0,0.01836
34.4,-76.0,0.0,0.0,0.0,0.0,0.037553,0.015181,0.0,0.0,0.51136,0.204544,0.051136,0.0,0.17442
34.4,-76.9,0.01,0.01,0.0,0.0,0.097478,0.040749,0.0,0.0,0.613632,0.25568,0.051136,0.0,0.46818
34.4,-77.8,0.03,0.01,0.0,0.0,0.24769,0.10387,0.0,0.0,0.971584,0.460224,0.102272,0.051136,1.1934
34.4,-78.7,0.06,0.03,0.0,0.0,0.442646,0.202147,0.0,0.0,1.840896,0.920448,0.25568,0.102272,2.32254
35.3,-75.1,0.0,0.0,0.0,0.0,0.0,0.0,0.0,0.0,0.25568,0.102272,0.0,0.0,0.0
35.3,-76.0,0.01,0.01,0.0,0.0,0.108664,0.044744,0.0,0.0,0.613632,0.25568,0.051136,0.0,0.51408
35.3,-76.9,0.04,0.02,0.0,0.0,0.298027,0.129438,0.0,0.0,1.329536,0.613632,0.153408,0.051136,1.48716
35.3,-77.8,0.04,0.02,0.0,0.0,0.329987,0.145418,0.0,0.0,1.636352,0.76704,0.204544,0.051136,1.67076
35.3,-78.7,0.05,0.02,0.0,0.0,0.374731,0.16779,0.0,0.0,1.892032,0.869312,0.204544,0.051136,1.9278
35.3,-79.6,0.04,0.02,0.0,0.0,0.296429,0.128639,0.0,0.0,1.636352,0.715904,0.153408,0.051136,1.47798
35.3,-80.5,0.05,0.02,0.0,0.0,0.389113,0.174981,0.0,0.0,1.636352,0.76704,0.204544,0.051136,2.01042
35.3,-81.4,0.06,0.03,0.0,0.0,0.492983,0.234107,0.009588,0.0,1.840896,0.920448,0.25568,0.102272,2.68974
35.3,-82.3,0.04,0.02,0.0,0.0,0.34357,0.15181,0.0,0.0,1.176128,0.562496,0.153408,0.051136,1.7442
35.3,-83.2,0.02,0.01,0.0,0.0,0.16779,0.069513,0.0,0.0,0.664768,0.306816,0.102272,0.051136,0.79866
35.3,-84.1,0.04,0.02,0.0,0.0,0.292434,0.126242,0.0,0.0,0.971584,0.460224,0.153408,0.051136,1.45044
36.2,-75.1,0.0,0.0,0.0,0.0,0.0,0.0,0.0,0.0,0.25568,0.102272,0.0,0.0,0.0
36.2,-76.0,0.01,0.01,0.0,0.0,0.11186,0.046342,0.0,0.0,0.664768,0.306816,0.051136,0.0,0.53244
36.2,-76.9,0.04,0.02,0.0,0.0,0.349962,0.155805,0.0,0.0,1.2784,0.613632,0.204544,0.102272,1.7901
36.2,-77.8,0.05,0.02,0.0,0.0,0.422671,0.192559,0.0,0.0,1.738624,0.818176,0.25568,0.102272,2.21238
36.2,-78.7,0.05,0.02,0.0,0.0,0.405892,0.18377,0.0,0.0,1.78976,0.869312,0.204544,0.102272,2.1114
36.2,-79.6,0.04,0.02,0.0,0.0,0.313208,0.137428,0.0,0.0,1.380672,0.664768,0.153408,0.051136,1.57896
36.2,-80.5,0.03,0.01,0.0,0.0,0.214132,0.08789,0.0,0.0,1.02272,0.409088,0.102272,0.051136,1.0098
36.2,-81.4,0.02,0.01,0.0,0.0,0.193358,0.0799,0.0,0.0,0.818176,0.409088,0.102272,0.051136,0.918
46.1,-100.3,0.08,0.04,0.01,0.0,0.641597,0.342771,0.057528,0.0,3.272704,1.892032,0.613632,0.25568,3.93822
46.1,-103.0,0.07,0.04,0.01,0.0,0.598451,0.31161,0.043945,0.0,2.04544,1.227264,0.460224,0.204544,3.5802
46.1,-96.7,0.05,0.02,0.0,0.0,0.422671,0.192559,0.0,0.0,1.636352,0.869312,0.25568,0.102272,2.21238
46.1,-97.6,0.06,0.03,0.0,0.0,0.496978,0.237303,0.010387,0.0,1.943168,1.02272,0.306816,0.102272,2.72646
46.1,-98.5,0.07,0.04,0.0,0.0,0.582471,0.299625,0.038352,0.0,2.659072,1.482944,0.460224,0.204544,3.4425
46.1,-99.4,0.08,0.05,0.01,0.0,0.667165,0.361148,0.066317,0.0,3.119296,1.78976,0.613632,0.25568,4.14936
47.0,-100.3,0.07,0.04,0.01,0.0,0.589662,0.305218,0.040749,0.0,3.017024,1.687488,0.562496,0.204544,3.50676
47.0,-101.2,0.08,0.04,0.01,0.0,0.620024,0.326791,0.050337,0.0,3.06816,1.78976,0.613632,0.25568,3.75462
47.0,-102.1,0.08,0.04,0.01,0.0,0.601647,0.314007,0.044744,0.0,2.607936,1.53408,0.51136,0.204544,3.60774
47.0,-103.0,0.06,0.03,0.0,0.0,0.518551,0.252484,0.017578,0.0,1.585216,0.920448,0.306816,0.153408,2.90088
47.0,-103.9,0.04,0.02,0.0,0.0,0.357952,0.1598,0.0,0.0,1.124992,0.613632,0.204544,0.102272,1.836
47.0,-97.6,0.06,0.03,0.0,0.0,0.492184,0.233308,0.008789,0.0,1.738624,0.920448,0.306816,0.102272,2.68056
47.0,-98.5,0.07,0.04,0.0,0.0,0.560898,0.284444,0.03196,0.0,2.352256,1.2784,0.409088,0.153408,3.26808
47.0,-99.4,0.08,0.04,0.01,0.0,0.603245,0.314806,0.045543,0.0,2.863616,1.585216,0.51136,0.204544,3.61692
47.9,-100.3,0.07,0.04,0.0,0.0,0.558501,0.282047,0.030362,0.0,2.096576,1.227264,0.409088,0.153408,3.24054
47.9,-101.2,0.07,0.04,0.0,0.0,0.562496,0.284444,0.03196,0.0,1.994304,1.124992,0.409088,0.153408,3.26808
47.9,-102.1,0.07,0.03,0.0,0.0,0.52734,0.259675,0.020774,0.0,1.738624,0.971584,0.306816,0.153408,2.9835
47.9,-103.0,0.04,0.02,0.0,0.0,0.349163,0.155006,0.0,0.0,1.482944,0.818176,0.204544,0.051136,1.78092
47.9,-97.6,0.05,0.02,0.0,0.0,0.405892,0.18377,0.0,0.0,1.227264,0.664768,0.204544,0.051136,2.1114
47.9,-98.5,0.06,0.03,0.0,0.0,0.465817,0.214132,0.000799,0.0,1.636352,0.869312,0.25568,0.102272,2.46024
47.9,-99.4,0.07,0.03,0.0,0.0,0.523345,0.256479,0.019176,0.0,1.994304,1.124992,0.357952,0.153408,2.94678
48.8,-100.3,0.06,0.03,0.0,0.0,0.449038,0.205343,0.0,0.0,1.227264,0.664768,0.204544,0.102272,2.35926
48.8,-101.2,0.06,0.03,0.0,0.0,0.47141,0.218127,0.002397,0.0,1.2784,0.715904,0.204544,0.102272,2.50614
48.8,-102.1,0.06,0.03,0.0,0.0,0.453033,0.20774,0.0,0.0,1.124992,0.613632,0.204544,0.102272,2.3868
48.8,-103.0,0.04,0.02,0.0,0.0,0.29563,0.12784,0.0,0.0,0.971584,0.51136,0.153408,0.051136,1.4688
48.8,-103.9,0.03,0.01,0.0,0.0,0.268464,0.114257,0.0,0.0,1.02272,0.51136,0.153408,0.051136,1.31274
48.8,-97.6,0.04,0.02,0.0,0.0,0.299625,0.130237,0.0,0.0,0.920448,0.51136,0.153408,0.051136,1.49634
48.8,-98.5,0.04,0.02,0.0,0.0,0.329188,0.145418,0.0,0.0,1.124992,0.613632,0.153408,0.051136,1.67076
48.8,-99.4,0.05,0.02,0.0,0.0,0.381922,0.171785,0.0,0.0,1.227264,0.664768,0.204544,0.051136,1.9737
40.7,-100.3,0.1,0.06,0.01,0.0,0.807789,0.440249,0.100674,0.006392,9.306752,5.36928,1.840896,0.715904,5.05818
40.7,-101.2,0.11,0.06,0.01,0.0,0.8789,0.472209,0.114257,0.011985,8.744256,5.164736,1.840896,0.818176,5.42538
40.7,-95.8,0.1,0.06,0.01,0.0,0.837352,0.453832,0.106267,0.008789,6.545408,3.681792,1.176128,0.51136,5.21424
40.7,-96.7,0.11,0.06,0.01,0.0,0.871709,0.469013,0.113458,0.011186,8.079488,4.60224,1.53408,0.664768,5.38866
40.7,-97.6,0.11,0.06,0.01,0.0,0.868513,0.468214,0.112659,0.011186,8.9488,5.1136,1.738624,0.715904,5.37948
40.7,-98.5,0.1,0.06,0.01,0.0,0.837352,0.453832,0.106267,0.008789,8.9488,5.011328,1.636352,0.664768,5.21424
40.7,-99.4,0.1,0.06,0.01,0.0,0.819774,0.445842,0.103071,0.007191,8.9488,5.062464,1.636352,0.664768,5.12244
41.6,-100.3,0.1,0.05,0.01,0.0,0.788613,0.432259,0.096679,0.004794,7.823808,4.448832,1.482944,0.613632,4.96638
41.6,-101.2,0.1,0.05,0.01,0.0,0.781422,0.429063,0.09588,0.003995,7.056768,4.09088,1.431808,0.562496,4.92966
41.6,-102.1,0.11,0.06,0.01,0.0,0.858925,0.46342,0.111061,0.010387,6.954496,4.09088,1.431808,0.613632,5.3244
41.6,-103.0,0.11,0.06,0.01,0.0,0.850136,0.459425,0.108664,0.009588,5.420416,3.170432,1.124992,0.51136,5.2785
41.6,-103.9,0.11,0.06,0.02,0.0,0.914056,0.488189,0.121448,0.014382,3.988608,2.403392,0.920448,0.460224,5.60898
41.6,-96.7,0.1,0.05,0.01,0.0,0.796603,0.435455,0.098277,0.005593,5.931776,3.272704,1.073856,0.460224,5.0031
41.6,-97.6,0.1,0.05,0.01,0.0,0.794206,0.434656,0.098277,0.005593,7.056768,3.988608,1.329536,0.51136,4.99392
41.6,-98.5,0.1,0.05,0.01,0.0,0.798201,0.436254,0.099076,0.005593,8.335168,4.755648,1.585216,0.664768,5.01228
41.6,-99.4,0.1,0.05,0.01,0.0,0.794206,0.434656,0.098277,0.005593,8.744256,5.011328,1.687488,0.664768,4.99392
42.5,-100.3,0.1,0.05,0.01,0.0,0.780623,0.428264,0.09588,0.003995,7.005632,4.09088,1.431808,0.613632,4.92048
42.5,-101.2,0.1,0.05,0.01,0.0,0.771834,0.424269,0.093483,0.003196,7.41472,4.295424,1.53408,0.613632,4.87458
42.5,-102.1,0.1,0.05,0.01,0.0,0.802196,0.438651,0.099875,0.005593,7.210176,4.244288,1.482944,0.613632,5.03982
42.5,-103.0,0.1,0.06,0.01,0.0,0.821372,0.446641,0.103071,0.007191,5.215872,3.06816,1.073856,0.460224,5.13162
42.5,-103.9,0.1,0.06,0.01,0.0,0.806191,0.43945,0.100674,0.006392,3.426112,2.096576,0.818176,0.357952,5.049
42.5,-96.7,0.09,0.05,0.01,0.0,0.753457,0.416279,0.090287,0.002397,4.295424,2.403392,0.76704,0.306816,4.78278
42.5,-97.6,0.09,0.05,0.01,0.0,0.747864,0.413882,0.089488,0.001598,5.420416,3.06816,0.971584,0.357952,4.75524
42.5,-98.5,0.1,0.05,0.01,0.0,0.797402,0.436254,0.099076,0.005593,6.954496,4.039744,1.329536,0.562496,5.01228
42.5,-99.4,0.1,0.06,0.01,0.0,0.82297,0.44744,0.10387,0.007191,7.41472,4.397696,1.53408,0.664768,5.1408
43.4,-71.5,0.01,0.0,0.0,0.0,0.05593,0.023171,0.0,0.0,0.357952,0.204544,0.051136,0.0,0.26622
43.4,-72.4,0.0,0.0,0.0,0.0,0.023171,0.009588,0.0,0.0,0.409088,0.204544,0.051136,0.0,0.11016
44.3,-71.5,0.01,0.0,0.0,0.0,0.040749,0.016779,0.0,0.0,0.25568,0.153408,0.051136,0.0,0.19278
38.9,-73.3,0.0,0.0,0.0,0.0,0.0,0.0,0.0,0.0,0.102272,0.051136,0.0,0.0,0.0
38.9,-74.2,0.0,0.0,0.0,0.0,0.011186,0.004794,0.0,0.0,0.25568,0.102272,0.051136,0.0,0.05508
39.8,-73.3,0.0,0.0,0.0,0.0,0.0,0.0,0.0,0.0,0.204544,0.102272,0.0,0.0,0.0
39.8,-74.2,0.01,0.0,0.0,0.0,0.090287,0.037553,0.0,0.0,0.51136,0.25568,0.051136,0.0,0.43146
39.8,-75.1,0.03,0.01,0.0,0.0,0.252484,0.106267,0.0,0.0,1.02272,0.460224,0.102272,0.051136,1.22094
40.7,-74.2,0.02,0.01,0.0,0.0,0.146217,0.059925,0.0,0.0,0.76704,0.357952,0.102272,0.0,0.6885
40.7,-75.1,0.03,0.01,0.0,0.0,0.211735,0.087091,0.0,0.0,1.02272,0.460224,0.102272,0.051136,1.00062
31.7,-106.6,0.04,0.02,0.0,0.0,0.345967,0.153408,0.0,0.0,0.664768,0.357952,0.153408,0.051136,1.76256
31.7,-106.6,0.04,0.02,0.0,0.0,0.345967,0.153408,0.0,0.0,0.664768,0.357952,0.153408,0.051136,1.76256
32.6,-103.0,0.1,0.05,0.01,0.0,0.769437,0.42347,0.093483,0.003196,6.13632,3.528384,1.176128,0.51136,4.8654
32.6,-103.9,0.08,0.04,0.01,0.0,0.60724,0.317203,0.046342,0.0,3.528384,1.943168,0.613632,0.204544,3.64446
32.6,-104.8,0.06,0.03,0.0,0.0,0.473008,0.219725,0.003196,0.0,1.943168,1.073856,0.306816,0.102272,2.5245
32.6,-105.7,0.04,0.02,0.0,0.0,0.355555,0.158202,0.0,0.0,0.920448,0.51136,0.153408,0.051136,1.81764
32.6,-105.7,0.04,0.02,0.0,0.0,0.345967,0.153408,0.0,0.0,0.664768,0.357952,0.153408,0.051136,1.76256
31.7,-106.6,0.04,0.02,0.0,0.0,0.345967,0.153408,0.0,0.0,0.664768,0.357952,0.153408,0.051136,1.76256
32.6,-108.4,0.0,0.0,0.0,0.0,0.0,0.0,0.0,0.0,0.153408,0.102272,0.0,0.0,0.0
33.5,-103.9,0.09,0.05,0.01,0.0,0.729487,0.405892,0.085493,0.0,4.34656,2.505664,0.818176,0.306816,4.66344
33.5,-104.8,0.07,0.03,0.0,0.0,0.548913,0.274856,0.027166,0.0,2.352256,1.329536,0.409088,0.153408,3.15792
32.6,-105.7,0.04,0.02,0.0,0.0,0.345967,0.153408,0.0,0.0,0.664768,0.357952,0.153408,0.051136,1.76256
32.6,-105.7,0.04,0.02,0.0,0.0,0.355555,0.158202,0.0,0.0,0.920448,0.51136,0.153408,0.051136,1.81764
32.6,-105.7,0.04,0.02,0.0,0.0,0.345967,0.153408,0.0,0.0,0.664768,0.357952,0.153408,0.051136,1.76256
31.7,-106.6,0.04,0.02,0.0,0.0,0.345967,0.153408,0.0,0.0,0.664768,0.357952,0.153408,0.051136,1.76256
33.5,-108.4,0.0,0.0,0.0,0.0,0.0,0.0,0.0,0.0,0.102272,0.051136,0.0,0.0,0.0
34.4,-103.9,0.08,0.04,0.01,0.0,0.618426,0.325992,0.050337,0.0,3.528384,1.994304,0.613632,0.25568,3.74544
34.4,-104.8,0.07,0.03,0.0,0.0,0.544119,0.27166,0.026367,0.0,2.04544,1.176128,0.409088,0.153408,3.1212
34.4,-105.7,0.06,0.03,0.0,0.0,0.481797,0.226117,0.005593,0.0,1.124992,0.664768,0.204544,0.102272,2.59794
34.4,-106.6,0.01,0.0,0.0,0.0,0.086292,0.035955,0.0,0.0,0.306816,0.204544,0.051136,0.0,0.4131
34.4,-107.5,0.0,0.0,0.0,0.0,0.0,0.0,0.0,0.0,0.102272,0.051136,0.051136,0.0,0.0
35.3,-103.0,0.09,0.05,0.01,0.0,0.74307,0.411485,0.08789,0.001598,6.187456,3.57952,1.176128,0.460224,4.7277
35.3,-103.9,0.08,0.04,0.01,0.0,0.616828,0.324394,0.049538,0.0,3.374976,1.892032,0.613632,0.204544,3.72708
35.3,-104.8,0.07,0.03,0.0,0.0,0.540923,0.269263,0.024769,0.0,2.147712,1.227264,0.409088,0.153408,3.09366
35.3,-105.7,0.05,0.02,0.0,0.0,0.404294,0.182971,0.0,0.0,0.920448,0.51136,0.153408,0.051136,2.10222
35.3,-106.6,0.0,0.0,0.0,0.0,0.022372,0.009588,0.0,0.0,0.25568,0.153408,0.051136,0.0,0.11016
35.3,-107.5,0.0,0.0,0.0,0.0,0.0,0.0,0.0,0.0,0.153408,0.102272,0.051136,0.0,0.0
35.3,-108.4,0.0,0.0,0.0,0.0,0.0,0.0,0.0,0.0,0.0,0.0,0.0,0.0,0.0
36.2,-103.0,0.09,0.05,0.01,0.0,0.726291,0.404294,0.084694,0.0,4.448832,2.454528,0.76704,0.25568,4.64508
36.2,-103.9,0.07,0.03,0.0,0.0,0.542521,0.270062,0.025568,0.0,2.914752,1.585216,0.460224,0.153408,3.10284
36.2,-104.8,0.05,0.02,0.0,0.0,0.392309,0.177378,0.0,0.0,1.482944,0.818176,0.204544,0.102272,2.03796
36.2,-105.7,0.01,0.0,0.0,0.0,0.064719,0.026367,0.0,0.0,0.357952,0.204544,0.051136,0.0,0.30294
36.2,-106.6,0.0,0.0,0.0,0.0,0.0,0.0,0.0,0.0,0.051136,0.051136,0.0,0.0,0.0
36.2,-107.5,0.0,0.0,0.0,0.0,0.0,0.0,0.0,0.0,0.0,0.0,0.0,0.0,0.0
37.1,-103.9,0.07,0.04,0.01,0.0,0.590461,0.305218,0.040749,0.0,2.249984,1.2784,0.409088,0.153408,3.50676
37.1,-106.6,0.0,0.0,0.0,0.0,0.0,0.0,0.0,0.0,0.0,0.0,0.0,0.0,0.0
35.3,-114.7,0.01,0.0,0.0,0.0,0.094282,0.039151,0.0,0.0,0.357952,0.153408,0.051136,0.0,0.44982
35.3,-115.6,0.0,0.0,0.0,0.0,0.0,0.0,0.0,0.0,0.204544,0.102272,0.0,0.0,0.0
36.2,-114.7,0.0,0.0,0.0,0.0,0.0,0.0,0.0,0.0,0.204544,0.102272,0.051136,0.0,0.0
36.2,-115.6,0.0,0.0,0.0,0.0,0.0,0.0,0.0,0.0,0.102272,0.051136,0.0,0.0,0.0
36.2,-116.5,0.0,0.0,0.0,0.0,0.0,0.0,0.0,0.0,0.051136,0.0,0.0,0.0,0.0
37.1,-114.7,0.0,0.0,0.0,0.0,0.0,0.0,0.0,0.0,0.153408,0.102272,0.051136,0.0,0.0
37.1,-115.6,0.0,0.0,0.0,0.0,0.0,0.0,0.0,0.0,0.102272,0.051136,0.0,0.0,0.0
38.0,-114.7,0.0,0.0,0.0,0.0,0.0,0.0,0.0,0.0,0.102272,0.051136,0.0,0.0,0.0
38.9,-114.7,0.0,0.0,0.0,0.0,0.0,0.0,0.0,0.0,0.102272,0.051136,0.0,0.0,0.0
38.9,-115.6,0.0,0.0,0.0,0.0,0.0,0.0,0.0,0.0,0.153408,0.051136,0.051136,0.0,0.0
38.9,-116.5,0.0,0.0,0.0,0.0,0.0,0.0,0.0,0.0,0.153408,0.102272,0.051136,0.0,0.0
38.9,-117.4,0.0,0.0,0.0,0.0,0.0,0.0,0.0,0.0,0.153408,0.051136,0.051136,0.0,0.0
38.9,-118.3,0.0,0.0,0.0,0.0,0.0,0.0,0.0,0.0,0.102272,0.051136,0.0,0.0,0.0
38.9,-119.2,0.0,0.0,0.0,0.0,0.0,0.0,0.0,0.0,0.102272,0.051136,0.0,0.0,0.0
39.8,-114.7,0.0,0.0,0.0,0.0,0.0,0.0,0.0,0.0,0.204544,0.153408,0.051136,0.0,0.0
39.8,-115.6,0.06,0.03,0.0,0.0,0.465817,0.214931,0.000799,0.0,0.460224,0.306816,0.102272,0.051136,2.46942
39.8,-116.5,0.07,0.03,0.0,0.0,0.526541,0.258876,0.019975,0.0,0.664768,0.409088,0.204544,0.102272,2.97432
39.8,-117.4,0.07,0.03,0.0,0.0,0.525742,0.258077,0.019975,0.0,0.562496,0.357952,0.153408,0.051136,2.96514
39.8,-118.3,0.01,0.01,0.0,0.0,0.096679,0.03995,0.0,0.0,0.306816,0.204544,0.102272,0.051136,0.459
39.8,-119.2,0.0,0.0,0.0,0.0,0.0,0.0,0.0,0.0,0.153408,0.102272,0.051136,0.0,0.0
39.8,-120.1,0.0,0.0,0.0,0.0,0.0,0.0,0.0,0.0,0.051136,0.0,0.0,0.0,0.0
40.7,-114.7,0.05,0.02,0.0,0.0,0.420274,0.190961,0.0,0.0,0.460224,0.306816,0.102272,0.051136,2.19402
40.7,-115.6,0.07,0.03,0.0,0.0,0.549712,0.275655,0.027965,0.0,0.715904,0.460224,0.204544,0.102272,3.1671
40.7,-116.5,0.06,0.03,0.0,0.0,0.496978,0.237303,0.011186,0.0,0.613632,0.409088,0.153408,0.102272,2.72646
40.7,-117.4,0.05,0.02,0.0,0.0,0.37553,0.168589,0.0,0.0,0.357952,0.25568,0.102272,0.051136,1.93698
40.7,-118.3,0.0,0.0,0.0,0.0,0.0,0.0,0.0,0.0,0.204544,0.153408,0.051136,0.051136,0.0
40.7,-119.2,0.0,0.0,0.0,0.0,0.0,0.0,0.0,0.0,0.102272,0.051136,0.051136,0.0,0.0
41.6,-114.7,0.0,0.0,0.0,0.0,0.0,0.0,0.0,0.0,0.25568,0.102272,0.051136,0.0,0.0
41.6,-115.6,0.01,0.0,0.0,0.0,0.080699,0.033558,0.0,0.0,0.25568,0.153408,0.051136,0.051136,0.38556
41.6,-116.5,0.0,0.0,0.0,0.0,0.0,0.0,0.0,0.0,0.204544,0.102272,0.051136,0.0,0.0
41.6,-117.4,0.0,0.0,0.0,0.0,0.0,0.0,0.0,0.0,0.102272,0.051136,0.051136,0.0,0.0
41.6,-118.3,0.0,0.0,0.0,0.0,0.0,0.0,0.0,0.0,0.102272,0.051136,0.0,0.0,0.0
40.7,-71.5,0.0,0.0,0.0,0.0,0.0,0.0,0.0,0.0,0.102272,0.051136,0.0,0.0,0.0
40.7,-72.4,0.0,0.0,0.0,0.0,0.0,0.0,0.0,0.0,0.204544,0.102272,0.0,0.0,0.0
40.7,-73.3,0.01,0.0,0.0,0.0,0.064719,0.026367,0.0,0.0,0.51136,0.25568,0.051136,0.0,0.30294
41.6,-74.2,0.03,0.01,0.0,0.0,0.242097,0.101473,0.0,0.0,1.02272,0.51136,0.102272,0.051136,1.16586
42.5,-74.2,0.04,0.02,0.0,0.0,0.301223,0.131036,0.0,0.0,1.227264,0.613632,0.153408,0.051136,1.50552
42.5,-75.1,0.03,0.01,0.0,0.0,0.266866,0.114257,0.0,0.0,1.073856,0.51136,0.153408,0.051136,1.31274
42.5,-76.0,0.03,0.01,0.0,0.0,0.244494,0.102272,0.0,0.0,1.073856,0.51136,0.102272,0.051136,1.17504
42.5,-76.9,0.02,0.01,0.0,0.0,0.1598,0.065518,0.0,0.0,0.818176,0.357952,0.102272,0.0,0.75276
42.5,-77.8,0.01,0.0,0.0,0.0,0.044744,0.018377,0.0,0.0,0.460224,0.204544,0.051136,0.0,0.21114
42.5,-78.7,0.0,0.0,0.0,0.0,0.003995,0.001598,0.0,0.0,0.306816,0.102272,0.0,0.0,0.01836
42.5,-79.6,0.0,0.0,0.0,0.0,0.016779,0.007191,0.0,0.0,0.357952,0.153408,0.051136,0.0,0.08262
43.4,-73.3,0.02,0.01,0.0,0.0,0.135031,0.05593,0.0,0.0,0.664768,0.306816,0.102272,0.051136,0.6426
43.4,-74.2,0.03,0.01,0.0,0.0,0.233308,0.096679,0.0,0.0,0.76704,0.409088,0.102272,0.051136,1.11078
43.4,-75.1,0.03,0.01,0.0,0.0,0.232509,0.096679,0.0,0.0,0.76704,0.357952,0.102272,0.051136,1.11078
43.4,-76.0,0.02,0.01,0.0,0.0,0.170986,0.070312,0.0,0.0,0.715904,0.306816,0.102272,0.0,0.80784
43.4,-76.9,0.01,0.0,0.0,0.0,0.075106,0.031161,0.0,0.0,0.460224,0.204544,0.051136,0.0,0.35802
43.4,-77.8,0.0,0.0,0.0,0.0,0.0,0.0,0.0,0.0,0.306816,0.102272,0.0,0.0,0.0
43.4,-78.7,0.0,0.0,0.0,0.0,0.0,0.0,0.0,0.0,0.204544,0.102272,0.0,0.0,0.0
44.3,-74.2,0.01,0.0,0.0,0.0,0.064719,0.026367,0.0,0.0,0.409088,0.204544,0.051136,0.0,0.30294
44.3,-75.1,0.0,0.0,0.0,0.0,0.025568,0.010387,0.0,0.0,0.306816,0.153408,0.051136,0.0,0.11934
44.3,-76.0,0.0,0.0,0.0,0.0,0.0,0.0,0.0,0.0,0.204544,0.102272,0.0,0.0,0.0
38.9,-82.3,0.06,0.03,0.0,0.0,0.488988,0.230911,0.00799,0.0,1.482944,0.76704,0.25568,0.102272,2.65302
38.9,-83.2,0.06,0.03,0.0,0.0,0.481797,0.226117,0.005593,0.0,1.585216,0.818176,0.25568,0.102272,2.59794
38.9,-84.1,0.05,0.02,0.0,0.0,0.396304,0.178976,0.0,0.0,1.636352,0.76704,0.204544,0.051136,2.05632
39.8,-81.4,0.03,0.01,0.0,0.0,0.269263,0.115056,0.0,0.0,0.869312,0.409088,0.102272,0.051136,1.32192
39.8,-82.3,0.04,0.02,0.0,0.0,0.340374,0.151011,0.0,0.0,1.124992,0.562496,0.153408,0.051136,1.73502
39.8,-83.2,0.05,0.02,0.0,0.0,0.368339,0.164594,0.0,0.0,1.482944,0.715904,0.204544,0.051136,1.89108
39.8,-84.1,0.05,0.02,0.0,0.0,0.361947,0.161398,0.0,0.0,1.636352,0.76704,0.204544,0.051136,1.85436
40.7,-81.4,0.03,0.01,0.0,0.0,0.274856,0.117453,0.0,0.0,0.920448,0.460224,0.102272,0.051136,1.34946
40.7,-82.3,0.03,0.01,0.0,0.0,0.274856,0.117453,0.0,0.0,0.971584,0.460224,0.102272,0.051136,1.34946
40.7,-83.2,0.04,0.02,0.0,0.0,0.298027,0.129438,0.0,0.0,1.124992,0.51136,0.153408,0.051136,1.48716
40.7,-84.1,0.04,0.02,0.0,0.0,0.294831,0.12784,0.0,0.0,1.2784,0.562496,0.153408,0.051136,1.4688
41.6,-81.4,0.02,0.01,0.0,0.0,0.148614,0.061523,0.0,0.0,0.51136,0.25568,0.051136,0.051136,0.70686
41.6,-82.3,0.03,0.01,0.0,0.0,0.246092,0.103071,0.0,0.0,0.76704,0.357952,0.102272,0.051136,1.18422
41.6,-83.2,0.04,0.02,0.0,0.0,0.3196,0.139825,0.0,0.0,1.124992,0.562496,0.153408,0.051136,1.6065
41.6,-84.1,0.04,0.02,0.0,0.0,0.33558,0.148614,0.0,0.0,1.380672,0.613632,0.153408,0.051136,1.70748
34.4,-94.9,0.08,0.04,0.01,0.0,0.656778,0.353957,0.062322,0.0,3.732928,1.943168,0.562496,0.204544,4.06674
34.4,-95.8,0.09,0.05,0.01,0.0,0.732683,0.40749,0.086292,0.000799,4.34656,2.30112,0.664768,0.25568,4.6818
34.4,-96.7,0.1,0.06,0.01,0.0,0.828563,0.449837,0.104669,0.00799,6.085184,3.272704,1.02272,0.409088,5.16834
34.4,-97.6,0.11,0.06,0.01,0.0,0.874106,0.469812,0.113458,0.011186,8.18176,4.448832,1.380672,0.562496,5.39784
34.4,-98.5,0.11,0.06,0.01,0.0,0.902071,0.482596,0.119051,0.013583,8.999936,4.909056,1.53408,0.613632,5.54472
34.4,-99.4,0.13,0.07,0.02,0.0,0.999549,0.525742,0.138227,0.020774,11.352192,6.392,2.096576,0.869312,6.04044
35.3,-94.9,0.09,0.05,0.01,0.0,0.735879,0.408289,0.087091,0.000799,4.244288,2.198848,0.664768,0.25568,4.69098
35.3,-95.8,0.1,0.05,0.01,0.0,0.795804,0.435455,0.098277,0.005593,5.215872,2.81248,0.920448,0.409088,5.0031
35.3,-96.7,0.11,0.06,0.01,0.0,0.902071,0.482596,0.119051,0.013583,6.545408,3.477248,1.073856,0.460224,5.54472
35.3,-97.6,0.13,0.07,0.02,0.0,1.077851,0.560898,0.153408,0.027166,8.488576,4.653376,1.482944,0.613632,6.44436
35.3,-98.5,0.12,0.06,0.02,0.0,0.963594,0.509762,0.131036,0.018377,9.664704,5.36928,1.738624,0.715904,5.85684
35.3,-99.4,0.12,0.06,0.02,0.0,0.946815,0.502571,0.12784,0.016779,12.323776,7.056768,2.403392,1.02272,5.77422
36.2,-94.9,0.09,0.05,0.01,0.0,0.705517,0.389912,0.078302,0.0,4.193152,2.198848,0.664768,0.25568,4.47984
36.2,-95.8,0.09,0.05,0.01,0.0,0.755055,0.417078,0.090287,0.002397,5.36928,2.761344,0.818176,0.357952,4.79196
36.2,-96.7,0.1,0.06,0.01,0.0,0.834156,0.452234,0.106267,0.00799,7.41472,4.039744,1.2784,0.51136,5.19588
36.2,-97.6,0.11,0.06,0.01,0.0,0.899674,0.481797,0.118252,0.013583,8.590848,4.755648,1.53408,0.613632,5.53554
36.2,-98.5,0.11,0.06,0.01,0.0,0.895679,0.4794,0.117453,0.012784,9.357888,5.164736,1.636352,0.664768,5.508
36.2,-99.4,0.11,0.06,0.01,0.0,0.883694,0.474606,0.115855,0.011985,10.176064,5.727232,1.892032,0.76704,5.45292
42.5,-120.1,0.0,0.0,0.0,0.0,0.0,0.0,0.0,0.0,0.0,0.0,0.0,0.0,0.0
42.5,-121.9,0.0,0.0,0.0,0.0,0.0,0.0,0.0,0.0,0.051136,0.051136,0.0,0.0,0.0
42.5,-122.8,0.0,0.0,0.0,0.0,0.0,0.0,0.0,0.0,0.102272,0.051136,0.0,0.0,0.0
42.5,-123.7,0.0,0.0,0.0,0.0,0.0,0.0,0.0,0.0,0.051136,0.0,0.0,0.0,0.0
43.4,-118.3,0.0,0.0,0.0,0.0,0.0,0.0,0.0,0.0,0.102272,0.051136,0.0,0.0,0.0
43.4,-119.2,0.0,0.0,0.0,0.0,0.0,0.0,0.0,0.0,0.051136,0.0,0.0,0.0,0.0
43.4,-120.1,0.0,0.0,0.0,0.0,0.0,0.0,0.0,0.0,0.0,0.0,0.0,0.0,0.0
43.4,-121.0,0.0,0.0,0.0,0.0,0.0,0.0,0.0,0.0,0.051136,0.0,0.0,0.0,0.0
43.4,-121.9,0.0,0.0,0.0,0.0,0.0,0.0,0.0,0.0,0.051136,0.051136,0.0,0.0,0.0
43.4,-122.8,0.0,0.0,0.0,0.0,0.0,0.0,0.0,0.0,0.051136,0.051136,0.0,0.0,0.0
43.4,-123.7,0.0,0.0,0.0,0.0,0.0,0.0,0.0,0.0,0.0,0.0,0.0,0.0,0.0
44.3,-117.4,0.0,0.0,0.0,0.0,0.0,0.0,0.0,0.0,0.051136,0.051136,0.0,0.0,0.0
44.3,-118.3,0.0,0.0,0.0,0.0,0.0,0.0,0.0,0.0,0.051136,0.051136,0.0,0.0,0.0
44.3,-119.2,0.0,0.0,0.0,0.0,0.0,0.0,0.0,0.0,0.051136,0.051136,0.0,0.0,0.0
44.3,-120.1,0.0,0.0,0.0,0.0,0.0,0.0,0.0,0.0,0.051136,0.051136,0.0,0.0,0.0
44.3,-121.0,0.0,0.0,0.0,0.0,0.0,0.0,0.0,0.0,0.102272,0.051136,0.0,0.0,0.0
44.3,-121.9,0.0,0.0,0.0,0.0,0.0,0.0,0.0,0.0,0.153408,0.102272,0.0,0.0,0.0
44.3,-122.8,0.0,0.0,0.0,0.0,0.0,0.0,0.0,0.0,0.102272,0.051136,0.0,0.0,0.0
44.3,-123.7,0.0,0.0,0.0,0.0,0.0,0.0,0.0,0.0,0.051136,0.051136,0.0,0.0,0.0
45.2,-117.4,0.0,0.0,0.0,0.0,0.0,0.0,0.0,0.0,0.204544,0.102272,0.051136,0.0,0.0
45.2,-118.3,0.0,0.0,0.0,0.0,0.009588,0.003995,0.0,0.0,0.204544,0.102272,0.051136,0.0,0.0459
45.2,-119.2,0.0,0.0,0.0,0.0,0.0,0.0,0.0,0.0,0.153408,0.102272,0.051136,0.0,0.0
45.2,-120.1,0.0,0.0,0.0,0.0,0.0,0.0,0.0,0.0,0.102272,0.051136,0.0,0.0,0.0
45.2,-121.0,0.0,0.0,0.0,0.0,0.0,0.0,0.0,0.0,0.102272,0.051136,0.0,0.0,0.0
45.2,-121.9,0.0,0.0,0.0,0.0,0.0,0.0,0.0,0.0,0.153408,0.051136,0.0,0.0,0.0
45.2,-122.8,0.0,0.0,0.0,0.0,0.0,0.0,0.0,0.0,0.153408,0.102272,0.051136,0.0,0.0
45.2,-123.7,0.0,0.0,0.0,0.0,0.0,0.0,0.0,0.0,0.153408,0.102272,0.051136,0.0,0.0
45.2,-124.6,0.0,0.0,0.0,0.0,0.0,0.0,0.0,0.0,0.102272,0.051136,0.0,0.0,0.0
46.1,-123.7,0.0,0.0,0.0,0.0,0.0,0.0,0.0,0.0,0.102272,0.051136,0.0,0.0,0.0
39.8,-76.0,0.04,0.02,0.0,0.0,0.281248,0.120649,0.0,0.0,1.482944,0.664768,0.153408,0.051136,1.38618
39.8,-76.9,0.04,0.02,0.0,0.0,0.317203,0.139026,0.0,0.0,1.585216,0.76704,0.204544,0.051136,1.59732
39.8,-77.8,0.05,0.02,0.0,0.0,0.419475,0.190961,0.0,0.0,1.380672,0.715904,0.204544,0.051136,2.19402
39.8,-79.6,0.03,0.01,0.0,0.0,0.240499,0.099875,0.0,0.0,0.664768,0.306816,0.102272,0.051136,1.1475
40.7,-76.0,0.04,0.02,0.0,0.0,0.306017,0.133433,0.0,0.0,1.329536,0.613632,0.153408,0.051136,1.53306
40.7,-76.9,0.04,0.02,0.0,0.0,0.35156,0.156604,0.0,0.0,1.227264,0.613632,0.153408,0.051136,1.79928
40.7,-77.8,0.03,0.01,0.0,0.0,0.242097,0.101473,0.0,0.0,0.818176,0.357952,0.102272,0.051136,1.16586
40.7,-78.7,0.01,0.01,0.0,0.0,0.118252,0.048739,0.0,0.0,0.51136,0.204544,0.051136,0.0,0.55998
40.7,-79.6,0.03,0.01,0.0,0.0,0.227715,0.094282,0.0,0.0,0.664768,0.306816,0.102272,0.051136,1.08324
40.7,-80.5,0.03,0.01,0.0,0.0,0.242097,0.101473,0.0,0.0,0.818176,0.357952,0.102272,0.051136,1.16586
41.6,-75.1,0.03,0.01,0.0,0.0,0.209338,0.086292,0.0,0.0,0.869312,0.409088,0.102272,0.051136,0.99144
41.6,-76.0,0.03,0.01,0.0,0.0,0.242097,0.101473,0.0,0.0,1.02272,0.460224,0.102272,0.051136,1.16586
41.6,-76.9,0.03,0.01,0.0,0.0,0.243695,0.102272,0.0,0.0,0.869312,0.409088,0.102272,0.051136,1.17504
41.6,-77.8,0.01,0.01,0.0,0.0,0.096679,0.03995,0.0,0.0,0.51136,0.204544,0.051136,0.0,0.459
41.6,-78.7,0.0,0.0,0.0,0.0,0.031161,0.012784,0.0,0.0,0.409088,0.153408,0.051136,0.0,0.14688
41.6,-79.6,0.01,0.01,0.0,0.0,0.10387,0.042347,0.0,0.0,0.562496,0.25568,0.051136,0.051136,0.48654
41.6,-80.5,0.03,0.01,0.0,0.0,0.204544,0.084694,0.0,0.0,0.613632,0.306816,0.102272,0.051136,0.97308
41.6,-71.5,0.01,0.0,0.0,0.0,0.055131,0.023171,0.0,0.0,0.357952,0.153408,0.051136,0.0,0.26622
32.6,-78.7,0.01,0.0,0.0,0.0,0.052734,0.021573,0.0,0.0,0.460224,0.204544,0.051136,0.0,0.24786
32.6,-79.6,0.04,0.02,0.0,0.0,0.282047,0.121448,0.0,0.0,0.920448,0.460224,0.102272,0.051136,1.39536
32.6,-80.5,0.06,0.03,0.0,0.0,0.457028,0.209338,0.0,0.0,1.482944,0.76704,0.204544,0.102272,2.40516
32.6,-81.4,0.06,0.03,0.0,0.0,0.472209,0.218926,0.002397,0.0,1.738624,0.869312,0.25568,0.102272,2.51532
33.5,-78.7,0.04,0.02,0.0,0.0,0.296429,0.128639,0.0,0.0,1.2784,0.613632,0.204544,0.102272,1.47798
33.5,-79.6,0.06,0.03,0.0,0.0,0.481797,0.226117,0.005593,0.0,2.04544,1.073856,0.306816,0.153408,2.59794
33.5,-80.5,0.06,0.03,0.0,0.0,0.500174,0.2397,0.011985,0.0,2.249984,1.176128,0.357952,0.153408,2.754
33.5,-81.4,0.06,0.03,0.0,0.0,0.473807,0.220524,0.003196,0.0,1.78976,0.920448,0.25568,0.102272,2.53368
34.4,-79.6,0.06,0.03,0.0,0.0,0.508164,0.245293,0.014382,0.0,2.352256,1.227264,0.357952,0.153408,2.81826
34.4,-80.5,0.07,0.03,0.0,0.0,0.528938,0.260474,0.020774,0.0,2.403392,1.2784,0.357952,0.153408,2.99268
34.4,-81.4,0.06,0.03,0.0,0.0,0.501772,0.240499,0.011985,0.0,1.943168,1.02272,0.306816,0.102272,2.76318
34.4,-82.3,0.06,0.03,0.0,0.0,0.465018,0.213333,0.0,0.0,1.53408,0.76704,0.25568,0.102272,2.45106
43.4,-102.1,0.1,0.05,0.01,0.0,0.782221,0.429063,0.09588,0.003995,5.778368,3.426112,1.227264,0.51136,4.92966
43.4,-103.0,0.1,0.06,0.01,0.0,0.825367,0.448239,0.10387,0.00799,4.551104,2.761344,1.073856,0.460224,5.14998
43.4,-103.9,0.1,0.05,0.01,0.0,0.75905,0.418676,0.091086,0.002397,2.761344,1.687488,0.664768,0.306816,4.81032
43.4,-96.7,0.07,0.03,0.0,0.0,0.547315,0.274057,0.027166,0.0,2.454528,1.329536,0.409088,0.153408,3.14874
43.4,-97.6,0.08,0.04,0.01,0.0,0.65518,0.353158,0.062322,0.0,3.272704,1.78976,0.562496,0.25568,4.05756
43.4,-98.5,0.09,0.05,0.01,0.0,0.730286,0.405892,0.085493,0.0,3.937472,2.249984,0.715904,0.306816,4.66344
44.3,-102.1,0.1,0.05,0.01,0.0,0.771035,0.424269,0.093483,0.003196,3.937472,2.403392,0.920448,0.409088,4.87458
44.3,-103.0,0.11,0.06,0.01,0.0,0.882895,0.473807,0.115056,0.011985,3.886336,2.403392,0.971584,0.460224,5.44374
44.3,-103.9,0.11,0.06,0.01,0.0,0.858925,0.46342,0.110262,0.010387,3.017024,1.892032,0.818176,0.409088,5.3244
44.3,-96.7,0.07,0.04,0.0,0.0,0.577677,0.29563,0.036754,0.0,2.198848,1.227264,0.409088,0.153408,3.3966
44.3,-97.6,0.07,0.04,0.01,0.0,0.595255,0.308414,0.042347,0.0,2.30112,1.2784,0.409088,0.204544,3.54348
44.3,-98.5,0.08,0.04,0.01,0.0,0.637602,0.339575,0.05593,0.0,2.710208,1.482944,0.51136,0.204544,3.9015
45.2,-100.3,0.08,0.04,0.01,0.0,0.633607,0.336379,0.055131,0.0,3.170432,1.78976,0.613632,0.25568,3.86478
45.2,-101.2,0.08,0.05,0.01,0.0,0.667964,0.361947,0.066317,0.0,3.426112,1.994304,0.664768,0.25568,4.15854
45.2,-102.1,0.09,0.05,0.01,0.0,0.749462,0.414681,0.089488,0.001598,3.477248,2.096576,0.818176,0.357952,4.76442
45.2,-103.0,0.1,0.05,0.01,0.0,0.764643,0.421073,0.092684,0.003196,2.965888,1.840896,0.76704,0.357952,4.83786
45.2,-103.9,0.09,0.05,0.01,0.0,0.73508,0.408289,0.086292,0.000799,2.147712,1.329536,0.562496,0.25568,4.69098
45.2,-96.7,0.06,0.03,0.0,0.0,0.500973,0.240499,0.011985,0.0,2.147712,1.124992,0.306816,0.102272,2.76318
45.2,-97.6,0.07,0.03,0.0,0.0,0.529737,0.261273,0.021573,0.0,2.147712,1.176128,0.357952,0.153408,3.00186
45.2,-98.5,0.07,0.04,0.0,0.0,0.574481,0.294032,0.035955,0.0,2.30112,1.2784,0.409088,0.204544,3.37824
45.2,-99.4,0.08,0.04,0.01,0.0,0.628014,0.332384,0.053533,0.0,2.710208,1.53408,0.51136,0.204544,3.81888
46.1,-101.2,0.08,0.04,0.01,0.0,0.656778,0.353957,0.062322,0.0,3.221568,1.892032,0.664768,0.306816,4.06674
46.1,-102.1,0.09,0.05,0.01,0.0,0.687939,0.376329,0.072709,0.0,2.914752,1.738624,0.664768,0.306816,4.32378
35.3,-85.0,0.05,0.03,0.0,0.0,0.437053,0.19975,0.0,0.0,1.431808,0.715904,0.204544,0.102272,2.295
35.3,-85.9,0.07,0.03,0.0,0.0,0.539325,0.268464,0.024769,0.0,1.994304,1.02272,0.357952,0.153408,3.08448
35.3,-86.8,0.09,0.05,0.01,0.0,0.731085,0.406691,0.086292,0.000799,2.81248,1.482944,0.51136,0.204544,4.67262
35.3,-87.7,0.09,0.05,0.01,0.0,0.715904,0.397103,0.081498,0.0,3.272704,1.687488,0.51136,0.204544,4.56246
35.3,-88.6,0.07,0.04,0.0,0.0,0.572883,0.292434,0.035156,0.0,3.06816,1.53408,0.460224,0.204544,3.35988
35.3,-89.5,0.06,0.03,0.0,0.0,0.483395,0.226916,0.006392,0.0,2.30112,1.073856,0.306816,0.102272,2.60712
36.2,-82.3,0.03,0.01,0.0,0.0,0.23171,0.09588,0.0,0.0,0.76704,0.357952,0.102272,0.051136,1.1016
36.2,-83.2,0.03,0.01,0.0,0.0,0.238901,0.099076,0.0,0.0,0.76704,0.409088,0.102272,0.051136,1.13832
36.2,-84.1,0.04,0.02,0.0,0.0,0.329987,0.145418,0.0,0.0,1.124992,0.562496,0.153408,0.051136,1.67076
36.2,-85.0,0.06,0.03,0.0,0.0,0.457028,0.209338,0.0,0.0,1.482944,0.715904,0.204544,0.102272,2.40516
36.2,-85.9,0.07,0.03,0.0,0.0,0.54332,0.270861,0.025568,0.0,2.096576,1.073856,0.357952,0.153408,3.11202
36.2,-86.8,0.08,0.04,0.01,0.0,0.612833,0.321997,0.04794,0.0,2.761344,1.431808,0.460224,0.204544,3.69954
36.2,-87.7,0.07,0.04,0.01,0.0,0.595255,0.308414,0.042347,0.0,2.965888,1.482944,0.460224,0.204544,3.54348
36.2,-88.6,0.07,0.03,0.0,0.0,0.529737,0.260474,0.021573,0.0,2.761344,1.380672,0.409088,0.153408,2.99268
36.2,-89.5,0.06,0.03,0.0,0.0,0.470611,0.218127,0.002397,0.0,2.147712,1.073856,0.306816,0.102272,2.50614
26.3,-96.7,0.07,0.03,0.0,0.0,0.520149,0.254082,0.018377,0.0,1.176128,0.715904,0.25568,0.102272,2.91924
26.3,-97.6,0.09,0.05,0.01,0.0,0.726291,0.404294,0.084694,0.0,2.096576,1.2784,0.460224,0.204544,4.64508
26.3,-98.5,0.09,0.05,0.01,0.0,0.726291,0.404294,0.084694,0.0,2.761344,1.636352,0.562496,0.25568,4.64508
27.2,-96.7,0.07,0.04,0.0,0.0,0.563295,0.286042,0.03196,0.0,1.585216,0.920448,0.306816,0.153408,3.28644
27.2,-97.6,0.09,0.05,0.01,0.0,0.726291,0.404294,0.084694,0.0,2.454528,1.482944,0.51136,0.204544,4.64508
27.2,-98.5,0.09,0.05,0.01,0.0,0.73508,0.408289,0.087091,0.000799,3.170432,1.892032,0.664768,0.306816,4.69098
27.2,-99.4,0.07,0.03,0.0,0.0,0.552908,0.278052,0.028764,0.0,2.352256,1.329536,0.409088,0.153408,3.19464
28.1,-94.9,0.04,0.02,0.0,0.0,0.352359,0.156604,0.0,0.0,0.818176,0.409088,0.153408,0.051136,1.79928
28.1,-95.8,0.06,0.03,0.0,0.0,0.488988,0.230911,0.00799,0.0,1.227264,0.664768,0.25568,0.102272,2.65302
28.1,-96.7,0.07,0.04,0.0,0.0,0.561697,0.284444,0.03196,0.0,1.585216,0.920448,0.306816,0.102272,3.26808
28.1,-97.6,0.08,0.05,0.01,0.0,0.676753,0.368339,0.068714,0.0,2.505664,1.431808,0.460224,0.204544,4.23198
28.1,-98.5,0.09,0.05,0.01,0.0,0.744668,0.412284,0.088689,0.001598,3.630656,2.147712,0.76704,0.306816,4.73688
28.1,-99.4,0.09,0.05,0.01,0.0,0.74307,0.411485,0.08789,0.001598,3.988608,2.352256,0.818176,0.357952,4.7277
29.0,-100.3,0.09,0.05,0.01,0.0,0.744668,0.412284,0.088689,0.001598,5.062464,2.914752,1.02272,0.409088,4.73688
29.0,-94.0,0.08,0.04,0.01,0.0,0.603245,0.314806,0.044744,0.0,1.329536,0.76704,0.25568,0.102272,3.61692
29.0,-94.9,0.07,0.04,0.0,0.0,0.565692,0.286841,0.032759,0.0,1.636352,0.920448,0.306816,0.153408,3.29562
29.0,-95.8,0.06,0.03,0.0,0.0,0.504968,0.242896,0.013583,0.0,1.78976,0.971584,0.306816,0.153408,2.79072
29.0,-96.7,0.08,0.04,0.01,0.0,0.613632,0.321997,0.048739,0.0,1.994304,1.124992,0.357952,0.153408,3.69954
29.0,-97.6,0.09,0.05,0.01,0.0,0.739874,0.410686,0.08789,0.000799,2.965888,1.738624,0.613632,0.25568,4.71852
29.0,-98.5,0.1,0.06,0.01,0.0,0.826965,0.449038,0.104669,0.00799,4.295424,2.505664,0.920448,0.409088,5.15916
29.0,-99.4,0.11,0.06,0.01,0.0,0.846141,0.457827,0.107865,0.009588,5.36928,3.170432,1.124992,0.51136,5.26014
29.9,-100.3,0.1,0.05,0.01,0.0,0.788613,0.432259,0.096679,0.004794,6.64768,3.784064,1.329536,0.562496,4.96638
29.9,-101.2,0.1,0.05,0.01,0.0,0.769437,0.42347,0.093483,0.003196,5.931776,3.426112,1.176128,0.460224,4.8654
29.9,-102.1,0.08,0.04,0.01,0.0,0.659175,0.355555,0.063121,0.0,4.653376,2.607936,0.76704,0.306816,4.0851
29.9,-103.0,0.06,0.03,0.0,0.0,0.465018,0.214132,0.0,0.0,2.5568,1.380672,0.357952,0.102272,2.46024
29.9,-103.9,0.02,0.01,0.0,0.0,0.185368,0.076704,0.0,0.0,0.664768,0.357952,0.102272,0.051136,0.88128
29.9,-94.0,0.09,0.05,0.01,0.0,0.733482,0.40749,0.086292,0.000799,2.5568,1.53408,0.562496,0.25568,4.6818
29.9,-94.9,0.09,0.05,0.01,0.0,0.726291,0.404294,0.084694,0.0,2.403392,1.329536,0.460224,0.204544,4.64508
29.9,-95.8,0.07,0.03,0.0,0.0,0.548114,0.274856,0.027166,0.0,2.352256,1.2784,0.409088,0.153408,3.15792
29.9,-96.7,0.08,0.04,0.01,0.0,0.662371,0.357952,0.06392,0.0,2.607936,1.431808,0.51136,0.204544,4.11264
29.9,-97.6,0.09,0.05,0.01,0.0,0.753457,0.416279,0.090287,0.002397,3.32384,1.892032,0.664768,0.306816,4.78278
29.9,-98.5,0.11,0.06,0.01,0.0,0.89488,0.4794,0.117453,0.012784,5.011328,2.863616,1.073856,0.460224,5.508
29.9,-99.4,0.11,0.06,0.01,0.0,0.857327,0.462621,0.110262,0.010387,6.90336,3.937472,1.380672,0.562496,5.31522
30.8,-100.3,0.1,0.05,0.01,0.0,0.776628,0.426666,0.095081,0.003995,6.90336,3.886336,1.2784,0.51136,4.90212
30.8,-101.2,0.1,0.05,0.01,0.0,0.781422,0.429063,0.09588,0.003995,7.056768,3.988608,1.380672,0.562496,4.92966
30.8,-102.1,0.1,0.05,0.01,0.0,0.784618,0.430661,0.096679,0.004794,8.130624,4.704512,1.636352,0.664768,4.94802
30.8,-103.0,0.1,0.05,0.01,0.0,0.760648,0.419475,0.091885,0.002397,5.982912,3.426112,1.124992,0.460224,4.8195
30.8,-103.9,0.07,0.03,0.0,0.0,0.544119,0.27166,0.026367,0.0,2.147712,1.227264,0.357952,0.153408,3.1212
30.8,-104.8,0.01,0.01,0.0,0.0,0.100674,0.041548,0.0,0.0,0.409088,0.204544,0.051136,0.0,0.47736
30.8,-105.7,0.03,0.01,0.0,0.0,0.22372,0.092684,0.0,0.0,0.357952,0.204544,0.051136,0.051136,1.06488
30.8,-94.0,0.06,0.03,0.0,0.0,0.515355,0.250087,0.016779,0.0,2.147712,1.124992,0.357952,0.153408,2.87334
30.8,-94.9,0.06,0.03,0.0,0.0,0.512159,0.248489,0.01598,0.0,2.454528,1.2784,0.409088,0.153408,2.85498
30.8,-95.8,0.06,0.03,0.0,0.0,0.504968,0.242896,0.013583,0.0,2.659072,1.380672,0.409088,0.153408,2.79072
30.8,-96.7,0.08,0.04,0.01,0.0,0.60724,0.318002,0.046342,0.0,3.221568,1.687488,0.51136,0.204544,3.65364
30.8,-97.6,0.1,0.06,0.01,0.0,0.825367,0.448239,0.10387,0.00799,4.755648,2.607936,0.869312,0.409088,5.14998
30.8,-98.5,0.11,0.06,0.01,0.0,0.902071,0.482596,0.119051,0.013583,7.312448,4.09088,1.431808,0.613632,5.54472
30.8,-99.4,0.1,0.06,0.01,0.0,0.815779,0.444244,0.102272,0.007191,8.079488,4.60224,1.585216,0.664768,5.10408
31.7,-100.3,0.11,0.06,0.01,0.0,0.883694,0.474606,0.115855,0.011985,8.488576,4.755648,1.636352,0.715904,5.45292
31.7,-101.2,0.1,0.05,0.01,0.0,0.796603,0.435455,0.098277,0.005593,8.9488,5.062464,1.738624,0.715904,5.0031
31.7,-102.1,0.1,0.05,0.01,0.0,0.789412,0.432259,0.097478,0.004794,7.977216,4.499968,1.53408,0.613632,4.96638
31.7,-103.0,0.1,0.05,0.01,0.0,0.763045,0.421073,0.091885,0.003196,5.62496,3.221568,1.124992,0.460224,4.83786
31.7,-103.9,0.08,0.04,0.01,0.0,0.637602,0.339575,0.05593,0.0,2.863616,1.636352,0.51136,0.204544,3.9015
31.7,-104.8,0.04,0.02,0.0,0.0,0.310012,0.13583,0.0,0.0,1.073856,0.562496,0.153408,0.051136,1.5606
31.7,-105.7,0.05,0.02,0.0,0.0,0.396304,0.178976,0.0,0.0,0.76704,0.460224,0.153408,0.051136,2.05632
31.7,-94.0,0.07,0.04,0.0,0.0,0.566491,0.28764,0.033558,0.0,2.147712,1.124992,0.357952,0.153408,3.3048
31.7,-94.9,0.07,0.03,0.0,0.0,0.538526,0.267665,0.02397,0.0,2.454528,1.2784,0.409088,0.153408,3.0753
31.7,-95.8,0.07,0.03,0.0,0.0,0.548913,0.274856,0.027166,0.0,3.221568,1.636352,0.460224,0.204544,3.15792
31.7,-96.7,0.08,0.05,0.01,0.0,0.678351,0.369937,0.069513,0.0,3.988608,2.096576,0.664768,0.25568,4.25034
31.7,-97.6,0.1,0.06,0.01,0.0,0.806191,0.440249,0.100674,0.006392,6.034048,3.272704,1.073856,0.460224,5.05818
31.7,-98.5,0.11,0.06,0.01,0.0,0.892483,0.478601,0.117453,0.012784,8.69312,4.960192,1.738624,0.76704,5.49882
31.7,-99.4,0.12,0.06,0.02,0.0,0.938825,0.499375,0.126242,0.016779,9.20448,5.267008,1.892032,0.818176,5.7375
32.6,-100.3,0.11,0.06,0.01,0.0,0.89488,0.4794,0.117453,0.012784,12.426048,7.056768,2.403392,0.971584,5.508
32.6,-101.2,0.11,0.06,0.01,0.0,0.850136,0.459425,0.108664,0.009588,12.068096,6.90336,2.403392,0.971584,5.2785
32.6,-102.1,0.11,0.06,0.01,0.0,0.848538,0.458626,0.108664,0.009588,9.306752,5.318144,1.840896,0.76704,5.26932
32.6,-94.9,0.08,0.04,0.01,0.0,0.627215,0.332384,0.052734,0.0,2.914752,1.53408,0.51136,0.204544,3.81888
32.6,-95.8,0.09,0.05,0.01,0.0,0.739075,0.409887,0.087091,0.000799,3.784064,2.04544,0.664768,0.25568,4.70934
32.6,-96.7,0.14,0.07,0.02,0.0,1.081047,0.562496,0.153408,0.027166,5.522688,3.017024,1.073856,0.51136,6.46272
32.6,-97.6,0.14,0.07,0.02,0.0,1.103419,0.572084,0.158202,0.028764,7.92608,4.397696,1.585216,0.715904,6.57288
32.6,-98.5,0.11,0.06,0.01,0.0,0.890885,0.477802,0.116654,0.012784,9.664704,5.471552,1.892032,0.818176,5.48964
32.6,-99.4,0.13,0.07,0.02,0.0,1.003544,0.528139,0.139026,0.021573,10.99424,6.238592,2.147712,0.920448,6.06798
33.5,-100.3,0.11,0.06,0.01,0.0,0.8789,0.472209,0.114257,0.011985,13.857856,7.977216,2.710208,1.124992,5.42538
33.5,-101.2,0.11,0.06,0.01,0.0,0.886091,0.475405,0.115855,0.011985,12.732864,7.210176,2.403392,0.971584,5.4621
33.5,-102.1,0.11,0.06,0.01,0.0,0.903669,0.483395,0.119051,0.013583,10.431744,5.931776,1.994304,0.818176,5.5539
33.5,-103.0,0.1,0.05,0.01,0.0,0.79101,0.433058,0.097478,0.004794,8.028352,4.653376,1.585216,0.664768,4.97556
33.5,-94.9,0.08,0.04,0.01,0.0,0.611235,0.320399,0.04794,0.0,3.477248,1.840896,0.562496,0.204544,3.68118
33.5,-95.8,0.09,0.05,0.01,0.0,0.7191,0.398701,0.082297,0.0,4.09088,2.147712,0.613632,0.25568,4.58082
33.5,-96.7,0.12,0.06,0.02,0.0,0.981971,0.518551,0.134232,0.019975,6.443136,3.528384,1.176128,0.51136,5.95782
33.5,-97.6,0.13,0.07,0.02,0.0,1.032308,0.540923,0.144619,0.02397,8.590848,4.704512,1.636352,0.715904,6.21486
33.5,-98.5,0.11,0.06,0.01,0.0,0.883694,0.474606,0.115855,0.011985,9.357888,5.267008,1.78976,0.715904,5.45292
33.5,-99.4,0.11,0.06,0.01,0.0,0.894081,0.4794,0.117453,0.012784,11.76128,6.64768,2.249984,0.920448,5.508
34.4,-100.3,0.12,0.07,0.02,0.0,0.997152,0.524943,0.137428,0.020774,14.420352,8.43744,2.965888,1.2784,6.03126
34.4,-101.2,0.12,0.07,0.02,0.0,0.985167,0.51935,0.135031,0.019975,13.960128,8.232896,2.965888,1.2784,5.967
34.4,-102.1,0.11,0.06,0.02,0.0,0.910061,0.485792,0.120649,0.014382,11.301056,6.64768,2.403392,1.02272,5.58144
34.4,-103.0,0.1,0.05,0.01,0.0,0.803794,0.438651,0.099875,0.006392,7.619264,4.448832,1.53408,0.664768,5.03982
35.3,-100.3,0.13,0.07,0.02,0.0,1.010735,0.531335,0.139825,0.021573,15.033984,8.999936,3.32384,1.482944,6.1047
35.3,-101.2,0.12,0.06,0.02,0.0,0.977177,0.516154,0.133433,0.019176,13.499904,8.028352,2.914752,1.2784,5.93028
35.3,-102.1,0.1,0.06,0.01,0.0,0.837352,0.453832,0.106267,0.008789,9.664704,5.573824,1.943168,0.818176,5.21424
36.2,-100.3,0.12,0.06,0.02,0.0,0.975579,0.515355,0.133433,0.019176,10.840832,6.289728,2.198848,0.971584,5.9211
36.2,-101.2,0.11,0.06,0.01,0.0,0.897277,0.480199,0.118252,0.013583,8.641984,5.011328,1.78976,0.76704,5.51718
36.2,-102.1,0.1,0.05,0.01,0.0,0.761447,0.420274,0.091885,0.002397,5.88064,3.32384,1.073856,0.409088,4.82868
37.1,-112.0,0.0,0.0,0.0,0.0,0.0,0.0,0.0,0.0,0.102272,0.051136,0.0,0.0,0.0
37.1,-112.9,0.0,0.0,0.0,0.0,0.0,0.0,0.0,0.0,0.102272,0.051136,0.0,0.0,0.0
37.1,-113.8,0.0,0.0,0.0,0.0,0.0,0.0,0.0,0.0,0.204544,0.102272,0.051136,0.0,0.0
38.0,-109.3,0.0,0.0,0.0,0.0,0.0,0.0,0.0,0.0,0.051136,0.051136,0.0,0.0,0.0
38.0,-110.2,0.0,0.0,0.0,0.0,0.0,0.0,0.0,0.0,0.102272,0.051136,0.0,0.0,0.0
38.0,-111.1,0.0,0.0,0.0,0.0,0.0,0.0,0.0,0.0,0.153408,0.051136,0.0,0.0,0.0
38.0,-112.0,0.0,0.0,0.0,0.0,0.0,0.0,0.0,0.0,0.153408,0.051136,0.051136,0.0,0.0
38.0,-112.9,0.0,0.0,0.0,0.0,0.0,0.0,0.0,0.0,0.102272,0.051136,0.0,0.0,0.0
38.0,-113.8,0.0,0.0,0.0,0.0,0.0,0.0,0.0,0.0,0.102272,0.051136,0.0,0.0,0.0
38.9,-109.3,0.0,0.0,0.0,0.0,0.0,0.0,0.0,0.0,0.102272,0.051136,0.0,0.0,0.0
38.9,-110.2,0.0,0.0,0.0,0.0,0.0,0.0,0.0,0.0,0.153408,0.051136,0.0,0.0,0.0
38.9,-111.1,0.0,0.0,0.0,0.0,0.0,0.0,0.0,0.0,0.102272,0.051136,0.0,0.0,0.0
38.9,-112.0,0.0,0.0,0.0,0.0,0.0,0.0,0.0,0.0,0.102272,0.051136,0.0,0.0,0.0
38.9,-112.9,0.0,0.0,0.0,0.0,0.0,0.0,0.0,0.0,0.102272,0.051136,0.0,0.0,0.0
38.9,-113.8,0.0,0.0,0.0,0.0,0.0,0.0,0.0,0.0,0.051136,0.051136,0.0,0.0,0.0
39.8,-110.2,0.0,0.0,0.0,0.0,0.0,0.0,0.0,0.0,0.102272,0.051136,0.0,0.0,0.0
39.8,-111.1,0.0,0.0,0.0,0.0,0.0,0.0,0.0,0.0,0.102272,0.051136,0.0,0.0,0.0
39.8,-112.0,0.0,0.0,0.0,0.0,0.0,0.0,0.0,0.0,0.102272,0.051136,0.0,0.0,0.0
39.8,-112.9,0.0,0.0,0.0,0.0,0.0,0.0,0.0,0.0,0.102272,0.051136,0.0,0.0,0.0
40.7,-109.3,0.0,0.0,0.0,0.0,0.0,0.0,0.0,0.0,0.051136,0.0,0.0,0.0,0.0
40.7,-110.2,0.0,0.0,0.0,0.0,0.0,0.0,0.0,0.0,0.051136,0.0,0.0,0.0,0.0
40.7,-111.1,0.0,0.0,0.0,0.0,0.0,0.0,0.0,0.0,0.102272,0.051136,0.0,0.0,0.0
40.7,-112.0,0.0,0.0,0.0,0.0,0.0,0.0,0.0,0.0,0.204544,0.102272,0.051136,0.0,0.0
40.7,-112.9,0.0,0.0,0.0,0.0,0.013583,0.005593,0.0,0.0,0.25568,0.153408,0.051136,0.0,0.06426
40.7,-113.8,0.0,0.0,0.0,0.0,0.035955,0.015181,0.0,0.0,0.25568,0.153408,0.051136,0.0,0.17442
41.6,-111.1,0.0,0.0,0.0,0.0,0.0,0.0,0.0,0.0,0.102272,0.051136,0.0,0.0,0.0
41.6,-112.0,0.0,0.0,0.0,0.0,0.0,0.0,0.0,0.0,0.153408,0.051136,0.0,0.0,0.0
41.6,-112.9,0.0,0.0,0.0,0.0,0.0,0.0,0.0,0.0,0.204544,0.102272,0.051136,0.0,0.0
41.6,-113.8,0.0,0.0,0.0,0.0,0.0,0.0,0.0,0.0,0.204544,0.102272,0.051136,0.0,0.0
37.1,-75.1,0.0,0.0,0.0,0.0,0.0,0.0,0.0,0.0,0.306816,0.153408,0.051136,0.0,0.0
37.1,-76.0,0.02,0.01,0.0,0.0,0.125443,0.051935,0.0,0.0,0.664768,0.306816,0.051136,0.0,0.5967
37.1,-76.9,0.03,0.02,0.0,0.0,0.278851,0.11985,0.0,0.0,1.176128,0.562496,0.153408,0.051136,1.377
37.1,-77.8,0.06,0.03,0.0,0.0,0.444244,0.202946,0.0,0.0,1.482944,0.76704,0.204544,0.102272,2.33172
37.1,-78.7,0.05,0.03,0.0,0.0,0.438651,0.200549,0.0,0.0,1.329536,0.664768,0.204544,0.051136,2.30418
37.1,-79.6,0.04,0.02,0.0,0.0,0.330786,0.145418,0.0,0.0,1.02272,0.51136,0.153408,0.051136,1.67076
37.1,-80.5,0.03,0.01,0.0,0.0,0.241298,0.100674,0.0,0.0,0.715904,0.357952,0.102272,0.051136,1.15668
37.1,-81.4,0.04,0.02,0.0,0.0,0.31161,0.136629,0.0,0.0,0.869312,0.409088,0.153408,0.051136,1.56978
37.1,-82.3,0.05,0.02,0.0,0.0,0.363545,0.162197,0.0,0.0,1.02272,0.51136,0.153408,0.051136,1.86354
38.0,-75.1,0.0,0.0,0.0,0.0,0.027965,0.011186,0.0,0.0,0.357952,0.153408,0.051136,0.0,0.12852
38.0,-76.9,0.06,0.03,0.0,0.0,0.452234,0.206941,0.0,0.0,1.738624,0.869312,0.25568,0.102272,2.37762
38.0,-77.8,0.06,0.03,0.0,0.0,0.498576,0.238102,0.011186,0.0,1.840896,0.971584,0.306816,0.102272,2.73564
38.0,-78.7,0.05,0.02,0.0,0.0,0.380324,0.170986,0.0,0.0,1.02272,0.51136,0.153408,0.051136,1.96452
38.0,-79.6,0.02,0.01,0.0,0.0,0.171785,0.071111,0.0,0.0,0.51136,0.25568,0.051136,0.051136,0.81702
38.9,-77.8,0.06,0.03,0.0,0.0,0.459425,0.210936,0.0,0.0,1.994304,0.971584,0.25568,0.102272,2.42352
38.9,-78.7,0.04,0.02,0.0,0.0,0.333982,0.147815,0.0,0.0,1.073856,0.562496,0.153408,0.051136,1.6983
44.3,-72.4,0.01,0.0,0.0,0.0,0.07191,0.029563,0.0,0.0,0.409088,0.204544,0.051136,0.0,0.33966
44.3,-73.3,0.01,0.0,0.0,0.0,0.075905,0.031161,0.0,0.0,0.460224,0.25568,0.051136,0.0,0.35802
46.1,-117.4,0.0,0.0,0.0,0.0,0.020774,0.008789,0.0,0.0,0.204544,0.153408,0.051136,0.0,0.10098
46.1,-118.3,0.0,0.0,0.0,0.0,0.0,0.0,0.0,0.0,0.153408,0.102272,0.051136,0.0,0.0
46.1,-119.2,0.0,0.0,0.0,0.0,0.0,0.0,0.0,0.0,0.102272,0.051136,0.0,0.0,0.0
46.1,-120.1,0.0,0.0,0.0,0.0,0.0,0.0,0.0,0.0,0.051136,0.0,0.0,0.0,0.0
46.1,-121.0,0.0,0.0,0.0,0.0,0.0,0.0,0.0,0.0,0.051136,0.0,0.0,0.0,0.0
46.1,-121.9,0.0,0.0,0.0,0.0,0.0,0.0,0.0,0.0,0.051136,0.051136,0.0,0.0,0.0
46.1,-122.8,0.0,0.0,0.0,0.0,0.0,0.0,0.0,0.0,0.102272,0.051136,0.0,0.0,0.0
46.1,-124.6,0.0,0.0,0.0,0.0,0.0,0.0,0.0,0.0,0.051136,0.0,0.0,0.0,0.0
47.0,-117.4,0.0,0.0,0.0,0.0,0.0,0.0,0.0,0.0,0.102272,0.051136,0.0,0.0,0.0
47.0,-118.3,0.0,0.0,0.0,0.0,0.0,0.0,0.0,0.0,0.102272,0.051136,0.0,0.0,0.0
47.0,-119.2,0.0,0.0,0.0,0.0,0.0,0.0,0.0,0.0,0.051136,0.051136,0.0,0.0,0.0
47.0,-120.1,0.0,0.0,0.0,0.0,0.0,0.0,0.0,0.0,0.051136,0.0,0.0,0.0,0.0
47.0,-121.0,0.0,0.0,0.0,0.0,0.0,0.0,0.0,0.0,0.051136,0.051136,0.0,0.0,0.0
47.0,-121.9,0.0,0.0,0.0,0.0,0.0,0.0,0.0,0.0,0.102272,0.051136,0.0,0.0,0.0
47.0,-122.8,0.0,0.0,0.0,0.0,0.0,0.0,0.0,0.0,0.153408,0.102272,0.051136,0.0,0.0
47.0,-123.7,0.0,0.0,0.0,0.0,0.0,0.0,0.0,0.0,0.102272,0.051136,0.0,0.0,0.0
47.0,-124.6,0.0,0.0,0.0,0.0,0.0,0.0,0.0,0.0,0.051136,0.0,0.0,0.0,0.0
47.9,-117.4,0.0,0.0,0.0,0.0,0.0,0.0,0.0,0.0,0.051136,0.0,0.0,0.0,0.0
47.9,-118.3,0.0,0.0,0.0,0.0,0.0,0.0,0.0,0.0,0.051136,0.0,0.0,0.0,0.0
47.9,-119.2,0.0,0.0,0.0,0.0,0.0,0.0,0.0,0.0,0.051136,0.0,0.0,0.0,0.0
47.9,-120.1,0.0,0.0,0.0,0.0,0.0,0.0,0.0,0.0,0.051136,0.0,0.0,0.0,0.0
47.9,-121.0,0.0,0.0,0.0,0.0,0.0,0.0,0.0,0.0,0.102272,0.051136,0.0,0.0,0.0
47.9,-121.9,0.0,0.0,0.0,0.0,0.0,0.0,0.0,0.0,0.153408,0.051136,0.051136,0.0,0.0
47.9,-122.8,0.0,0.0,0.0,0.0,0.0,0.0,0.0,0.0,0.153408,0.102272,0.051136,0.0,0.0
47.9,-123.7,0.0,0.0,0.0,0.0,0.0,0.0,0.0,0.0,0.102272,0.051136,0.051136,0.0,0.0
47.9,-124.6,0.0,0.0,0.0,0.0,0.0,0.0,0.0,0.0,0.102272,0.051136,0.0,0.0,0.0
48.8,-119.2,0.0,0.0,0.0,0.0,0.0,0.0,0.0,0.0,0.0,0.0,0.0,0.0,0.0
48.8,-120.1,0.0,0.0,0.0,0.0,0.0,0.0,0.0,0.0,0.051136,0.0,0.0,0.0,0.0
48.8,-121.9,0.0,0.0,0.0,0.0,0.0,0.0,0.0,0.0,0.102272,0.051136,0.0,0.0,0.0
48.8,-122.8,0.0,0.0,0.0,0.0,0.0,0.0,0.0,0.0,0.102272,0.051136,0.051136,0.0,0.0
42.5,-88.6,0.06,0.03,0.0,0.0,0.500973,0.240499,0.011985,0.0,1.892032,0.971584,0.306816,0.102272,2.76318
42.5,-90.4,0.07,0.03,0.0,0.0,0.51935,0.254082,0.018377,0.0,1.892032,1.02272,0.306816,0.153408,2.91924
43.4,-87.7,0.05,0.02,0.0,0.0,0.402696,0.182172,0.0,0.0,1.329536,0.664768,0.204544,0.102272,2.09304
43.4,-88.6,0.06,0.03,0.0,0.0,0.486591,0.229313,0.007191,0.0,1.687488,0.869312,0.306816,0.102272,2.63466
43.4,-89.5,0.07,0.03,0.0,0.0,0.552109,0.277253,0.028764,0.0,2.30112,1.227264,0.409088,0.153408,3.18546
43.4,-90.4,0.07,0.03,0.0,0.0,0.542521,0.270062,0.025568,0.0,2.249984,1.227264,0.409088,0.153408,3.10284
44.3,-87.7,0.05,0.02,0.0,0.0,0.369937,0.165393,0.0,0.0,1.2784,0.664768,0.204544,0.102272,1.90026
44.3,-88.6,0.06,0.03,0.0,0.0,0.473008,0.219725,0.003196,0.0,1.482944,0.818176,0.25568,0.153408,2.5245
44.3,-89.5,0.07,0.03,0.0,0.0,0.538526,0.267665,0.02397,0.0,1.840896,1.02272,0.357952,0.153408,3.0753
44.3,-90.4,0.07,0.04,0.0,0.0,0.563295,0.285243,0.03196,0.0,2.198848,1.176128,0.409088,0.153408,3.27726
44.3,-91.3,0.08,0.04,0.01,0.0,0.635205,0.337977,0.05593,0.0,2.5568,1.380672,0.460224,0.204544,3.88314
45.2,-87.7,0.05,0.02,0.0,0.0,0.390711,0.17578,0.0,0.0,1.329536,0.664768,0.204544,0.102272,2.0196
45.2,-88.6,0.05,0.02,0.0,0.0,0.436254,0.198951,0.0,0.0,1.2784,0.664768,0.204544,0.102272,2.28582
45.2,-89.5,0.05,0.02,0.0,0.0,0.365942,0.163795,0.0,0.0,1.176128,0.613632,0.153408,0.051136,1.8819
45.2,-90.4,0.05,0.02,0.0,0.0,0.42347,0.192559,0.0,0.0,1.53408,0.76704,0.204544,0.102272,2.21238
45.2,-91.3,0.08,0.04,0.01,0.0,0.632808,0.336379,0.055131,0.0,2.147712,1.124992,0.357952,0.153408,3.86478
45.2,-92.2,0.09,0.05,0.01,0.0,0.733482,0.40749,0.086292,0.000799,3.06816,1.687488,0.562496,0.204544,4.6818
46.1,-89.5,0.03,0.01,0.0,0.0,0.27166,0.115855,0.0,0.0,0.971584,0.460224,0.153408,0.051136,1.3311
46.1,-90.4,0.04,0.02,0.0,0.0,0.283645,0.122247,0.0,0.0,1.073856,0.51136,0.153408,0.051136,1.40454
46.1,-91.3,0.06,0.03,0.0,0.0,0.499375,0.238901,0.011186,0.0,1.431808,0.76704,0.25568,0.102272,2.74482
46.1,-92.2,0.07,0.03,0.0,0.0,0.548114,0.274057,0.027166,0.0,1.840896,1.02272,0.357952,0.153408,3.14874
47.0,-90.4,0.01,0.0,0.0,0.0,0.081498,0.033558,0.0,0.0,0.51136,0.25568,0.051136,0.0,0.38556
38.0,-80.5,0.03,0.01,0.0,0.0,0.206142,0.084694,0.0,0.0,0.613632,0.306816,0.102272,0.051136,0.97308
38.0,-81.4,0.05,0.02,0.0,0.0,0.405892,0.18377,0.0,0.0,1.124992,0.562496,0.153408,0.051136,2.1114
38.0,-82.3,0.06,0.03,0.0,0.0,0.467415,0.21573,0.000799,0.0,1.482944,0.76704,0.204544,0.102272,2.4786
38.9,-79.6,0.03,0.01,0.0,0.0,0.236504,0.098277,0.0,0.0,0.562496,0.306816,0.102272,0.051136,1.12914
38.9,-80.5,0.03,0.01,0.0,0.0,0.26367,0.11186,0.0,0.0,0.715904,0.357952,0.102272,0.051136,1.2852
38.9,-81.4,0.05,0.02,0.0,0.0,0.379525,0.170986,0.0,0.0,1.176128,0.613632,0.153408,0.051136,1.96452
39.8,-80.5,0.03,0.01,0.0,0.0,0.276454,0.118252,0.0,0.0,0.869312,0.409088,0.102272,0.051136,1.35864
41.6,-104.8,0.09,0.05,0.01,0.0,0.737477,0.409088,0.087091,0.000799,2.352256,1.431808,0.562496,0.306816,4.70016
41.6,-105.7,0.05,0.02,0.0,0.0,0.381123,0.170986,0.0,0.0,0.818176,0.460224,0.204544,0.102272,1.96452
41.6,-106.6,0.0,0.0,0.0,0.0,0.0,0.0,0.0,0.0,0.102272,0.051136,0.0,0.0,0.0
41.6,-107.5,0.0,0.0,0.0,0.0,0.0,0.0,0.0,0.0,0.051136,0.0,0.0,0.0,0.0
41.6,-108.4,0.0,0.0,0.0,0.0,0.0,0.0,0.0,0.0,0.051136,0.0,0.0,0.0,0.0
41.6,-109.3,0.0,0.0,0.0,0.0,0.0,0.0,0.0,0.0,0.0,0.0,0.0,0.0,0.0
41.6,-110.2,0.0,0.0,0.0,0.0,0.0,0.0,0.0,0.0,0.051136,0.0,0.0,0.0,0.0
42.5,-104.8,0.09,0.05,0.01,0.0,0.70312,0.387515,0.077503,0.0,1.994304,1.227264,0.51136,0.25568,4.4523
42.5,-105.7,0.05,0.02,0.0,0.0,0.377128,0.169388,0.0,0.0,0.818176,0.460224,0.204544,0.102272,1.94616
42.5,-106.6,0.0,0.0,0.0,0.0,0.024769,0.010387,0.0,0.0,0.306816,0.153408,0.051136,0.0,0.11934
42.5,-107.5,0.0,0.0,0.0,0.0,0.0,0.0,0.0,0.0,0.204544,0.102272,0.0,0.0,0.0
42.5,-108.4,0.0,0.0,0.0,0.0,0.0,0.0,0.0,0.0,0.102272,0.051136,0.0,0.0,0.0
42.5,-109.3,0.0,0.0,0.0,0.0,0.0,0.0,0.0,0.0,0.051136,0.0,0.0,0.0,0.0
42.5,-110.2,0.0,0.0,0.0,0.0,0.0,0.0,0.0,0.0,0.051136,0.0,0.0,0.0,0.0
43.4,-104.8,0.06,0.03,0.0,0.0,0.474606,0.221323,0.003196,0.0,1.124992,0.664768,0.25568,0.102272,2.54286
43.4,-105.7,0.03,0.01,0.0,0.0,0.233308,0.096679,0.0,0.0,0.715904,0.357952,0.102272,0.051136,1.11078
43.4,-106.6,0.01,0.01,0.0,0.0,0.119051,0.048739,0.0,0.0,0.562496,0.25568,0.051136,0.0,0.55998
43.4,-107.5,0.01,0.0,0.0,0.0,0.06392,0.026367,0.0,0.0,0.357952,0.153408,0.051136,0.0,0.30294
43.4,-108.4,0.0,0.0,0.0,0.0,0.006392,0.002397,0.0,0.0,0.204544,0.102272,0.051136,0.0,0.02754
43.4,-109.3,0.0,0.0,0.0,0.0,0.0,0.0,0.0,0.0,0.102272,0.051136,0.0,0.0,0.0
43.4,-110.2,0.0,0.0,0.0,0.0,0.0,0.0,0.0,0.0,0.051136,0.0,0.0,0.0,0.0
44.3,-104.8,0.08,0.04,0.01,0.0,0.661572,0.357153,0.06392,0.0,1.585216,0.971584,0.409088,0.204544,4.10346
44.3,-105.7,0.04,0.02,0.0,0.0,0.337977,0.149413,0.0,0.0,0.920448,0.51136,0.204544,0.102272,1.71666
44.3,-106.6,0.02,0.01,0.0,0.0,0.146217,0.060724,0.0,0.0,0.613632,0.306816,0.051136,0.0,0.69768
44.3,-107.5,0.01,0.01,0.0,0.0,0.099076,0.040749,0.0,0.0,0.460224,0.204544,0.051136,0.0,0.46818
44.3,-108.4,0.0,0.0,0.0,0.0,0.021573,0.008789,0.0,0.0,0.25568,0.102272,0.051136,0.0,0.10098
44.3,-109.3,0.0,0.0,0.0,0.0,0.0,0.0,0.0,0.0,0.153408,0.051136,0.0,0.0,0.0
45.2,-108.4,0.05,0.02,0.0,0.0,0.361148,0.161398,0.0,0.0,0.920448,0.460224,0.153408,0.051136,1.85436
