lat,lon,pml_52,pml_60,pml_70,pml_77,ins_52,ins_60,ins_70,ins_77,risk_52,risk_60,risk_70,risk_77,gc_check
29.9,-87.7,0.17,0.12,0.05,0.02,1.353506,0.996353,0.405093,0.194956,1.738624,1.329536,0.76704,0.51136,11.44746
30.8,-87.7,0.19,0.14,0.06,0.03,1.481346,1.088238,0.450636,0.229313,3.426112,2.5568,1.431808,0.869312,12.50316
31.7,-85.9,0.25,0.19,0.09,0.05,2.008686,1.522095,0.712708,0.386716,6.749952,5.1136,2.863616,1.840896,17.4879
31.7,-86.8,0.25,0.19,0.09,0.05,2.015877,1.528487,0.717502,0.389113,6.596544,5.011328,2.81248,1.78976,17.56134
31.7,-87.7,0.23,0.17,0.08,0.04,1.833705,1.359099,0.59925,0.328389,7.261312,5.471552,2.965888,1.892032,15.61518
32.6,-85.0,0.26,0.19,0.09,0.05,2.044641,1.555653,0.736678,0.398701,7.210176,5.471552,3.06816,1.943168,17.87346
32.6,-85.9,0.27,0.2,0.1,0.05,2.126139,1.631558,0.789412,0.425867,8.744256,6.64768,3.732928,2.352256,18.74556
32.6,-86.8,0.26,0.19,0.09,0.05,2.041445,1.552457,0.734281,0.397103,9.306752,7.056768,3.886336,2.454528,17.83674
32.6,-87.7,0.25,0.19,0.09,0.05,1.963942,1.480547,0.683944,0.371535,9.664704,7.261312,3.988608,2.505664,17.01054
33.5,-85.9,0.26,0.2,0.09,0.05,2.074204,1.582819,0.755854,0.408289,8.897664,6.698816,3.732928,2.352256,18.18558
33.5,-86.8,0.25,0.19,0.09,0.05,2.036651,1.548462,0.731085,0.395505,9.920384,7.41472,4.09088,2.5568,17.79084
33.5,-87.7,0.25,0.19,0.09,0.05,1.978324,1.49413,0.692733,0.376329,10.278336,7.619264,4.142016,2.5568,17.1666
34.4,-85.9,0.24,0.18,0.08,0.04,1.90961,1.43021,0.648788,0.353957,8.846528,6.545408,3.477248,2.147712,16.4322
34.4,-86.8,0.28,0.21,0.11,0.06,2.218823,1.713855,0.84694,0.45543,10.99424,8.18176,4.448832,2.761344,19.6911
34.4,-87.7,0.26,0.2,0.1,0.05,2.10936,1.616377,0.778226,0.420274,11.403328,8.386304,4.499968,2.81248,18.57114
33.5,-91.3,0.24,0.18,0.08,0.05,1.951957,1.469361,0.675954,0.36754,10.380608,7.721536,4.193152,2.607936,16.88202
33.5,-92.2,0.25,0.19,0.09,0.05,1.993505,1.507713,0.70312,0.381922,11.198784,8.284032,4.499968,2.81248,17.32266
33.5,-93.1,0.24,0.18,0.08,0.05,1.951158,1.468562,0.675155,0.36754,11.76128,8.744256,4.704512,2.914752,16.87284
33.5,-94.0,0.26,0.19,0.09,0.05,2.043842,1.554854,0.735879,0.397902,12.221504,9.153344,5.011328,3.170432,17.86428
34.4,-91.3,0.26,0.19,0.09,0.05,2.04544,1.556452,0.736678,0.398701,9.46016,7.056768,3.8352,2.403392,17.88264
34.4,-92.2,0.26,0.2,0.1,0.05,2.087787,1.596402,0.764643,0.413083,11.045376,8.232896,4.499968,2.81248,18.34164
34.4,-93.1,0.26,0.2,0.1,0.05,2.116551,1.62197,0.78302,0.422671,12.477184,9.306752,5.1136,3.170432,18.6354
34.4,-94.0,0.27,0.21,0.1,0.05,2.150908,1.654729,0.805392,0.433857,12.988544,9.664704,5.267008,3.272704,19.01178
35.3,-90.4,0.22,0.16,0.07,0.04,1.760996,1.291184,0.55131,0.304419,8.335168,6.13632,3.272704,1.994304,14.83488
35.3,-91.3,0.24,0.18,0.08,0.04,1.904816,1.425416,0.645592,0.352359,8.386304,6.187456,3.374976,2.096576,16.37712
35.3,-92.2,0.24,0.18,0.08,0.05,1.94157,1.459773,0.669562,0.364344,11.198784,8.284032,4.499968,2.81248,16.77186
35.3,-93.1,0.26,0.2,0.09,0.05,2.075802,1.584417,0.756653,0.409088,12.784,9.511296,5.164736,3.221568,18.20394
35.3,-94.0,0.27,0.21,0.1,0.05,2.159697,1.662719,0.810985,0.437053,13.857856,10.278336,5.573824,3.477248,19.10358
36.2,-90.4,0.23,0.17,0.07,0.04,1.82172,1.347913,0.59126,0.324394,9.511296,7.005632,3.784064,2.352256,15.48666
36.2,-91.3,0.25,0.19,0.09,0.05,1.967138,1.483743,0.685542,0.373133,11.045376,8.18176,4.448832,2.761344,17.04726
36.2,-92.2,0.25,0.19,0.09,0.05,2.018274,1.530884,0.7191,0.389912,11.301056,8.43744,4.60224,2.914752,17.58888
36.2,-93.1,0.25,0.19,0.09,0.05,2.016676,1.529286,0.717502,0.389113,12.579456,9.409024,5.1136,3.221568,17.57052
36.2,-94.0,0.27,0.21,0.1,0.06,2.194853,1.695478,0.834156,0.448239,14.011264,10.48288,5.778368,3.630656,19.47996
31.7,-109.3,0.17,0.13,0.05,0.03,1.383069,1.017926,0.41548,0.202946,1.53408,1.176128,0.664768,0.460224,11.69532
31.7,-110.2,0.23,0.17,0.08,0.04,1.84569,1.370285,0.606441,0.332384,3.732928,2.914752,1.738624,1.124992,15.7437
31.7,-111.1,0.26,0.2,0.1,0.05,2.08539,1.593206,0.762246,0.412284,4.653376,3.681792,2.198848,1.482944,18.30492
31.7,-112.0,0.25,0.19,0.09,0.05,1.977525,1.493331,0.692733,0.376329,2.965888,2.403392,1.431808,0.971584,17.15742
32.6,-109.3,0.22,0.16,0.07,0.04,1.770584,1.300772,0.557702,0.307615,2.30112,1.840896,1.073856,0.715904,14.94504
32.6,-110.2,0.28,0.21,0.11,0.06,2.21323,1.711458,0.845342,0.454631,5.215872,4.34656,2.710208,1.840896,19.66356
32.6,-111.1,0.28,0.21,0.11,0.06,2.219622,1.714654,0.847739,0.456229,5.011328,4.193152,2.607936,1.78976,19.70028
32.6,-112.0,0.28,0.21,0.11,0.06,2.211632,1.710659,0.844543,0.453832,3.06816,2.505664,1.53408,1.02272,19.65438
32.6,-112.9,0.22,0.16,0.07,0.04,1.769785,1.299973,0.557702,0.307615,1.176128,0.971584,0.613632,0.409088,14.93586
32.6,-113.8,0.02,0.01,0.0,0.0,0.130237,0.082297,0.0,0.0,0.306816,0.25568,0.153408,0.102272,0.94554
32.6,-114.7,0.02,0.01,0.0,0.0,0.127041,0.0799,0.0,0.0,0.306816,0.204544,0.153408,0.102272,0.918
33.5,-109.3,0.22,0.16,0.07,0.04,1.78177,1.311159,0.564893,0.31161,1.585216,1.329536,0.818176,0.562496,15.06438
33.5,-110.2,0.0,0.0,0.0,0.0,0.0,0.0,0.0,0.0,5.062464,4.448832,2.914752,2.04544,0.0
33.5,-111.1,0.28,0.21,0.11,0.06,2.214828,1.712257,0.845342,0.454631,5.318144,4.60224,2.965888,2.04544,19.67274
33.5,-112.0,0.26,0.19,0.09,0.05,2.043043,1.554854,0.73508,0.397902,2.5568,2.096576,1.329536,0.869312,17.86428
33.5,-112.9,0.22,0.16,0.07,0.04,1.722644,1.263219,0.537727,0.294032,1.02272,0.869312,0.51136,0.357952,14.51358
33.5,-113.8,0.02,0.01,0.0,0.0,0.131036,0.083096,0.0,0.0,0.25568,0.204544,0.102272,0.051136,0.95472
34.4,-109.3,0.06,0.04,0.01,0.0,0.449038,0.308414,0.076704,0.00799,0.460224,0.357952,0.25568,0.153408,3.54348
34.4,-110.2,0.0,0.0,0.0,0.0,0.0,0.0,0.0,0.0,2.659072,2.30112,1.53408,1.073856,0.0
34.4,-111.1,0.0,0.0,0.0,0.0,0.0,0.0,0.0,0.0,3.732928,3.272704,2.147712,1.482944,0.0
34.4,-112.0,0.0,0.0,0.0,0.0,0.0,0.0,0.0,0.0,2.403392,2.04544,1.329536,0.920448,0.0
34.4,-112.9,0.22,0.17,0.07,0.04,1.796152,1.323943,0.574481,0.315605,1.227264,0.971584,0.613632,0.409088,15.21126
34.4,-113.8,0.1,0.08,0.03,0.01,0.828563,0.61523,0.209338,0.089488,0.76704,0.562496,0.306816,0.204544,7.0686
34.4,-114.7,0.08,0.06,0.02,0.01,0.600049,0.43945,0.126242,0.043945,0.613632,0.460224,0.25568,0.153408,5.049
35.3,-109.3,0.0,0.0,0.0,0.0,0.0,0.0,0.0,0.0,0.102272,0.102272,0.051136,0.051136,0.0
35.3,-110.2,0.11,0.08,0.03,0.01,0.905267,0.67116,0.238102,0.10387,0.460224,0.357952,0.204544,0.153408,7.7112
35.3,-111.1,0.19,0.14,0.06,0.03,1.502919,1.104218,0.458626,0.234906,0.920448,0.715904,0.460224,0.306816,12.68676
35.3,-112.0,0.19,0.14,0.06,0.03,1.493331,1.097826,0.45543,0.232509,1.02272,0.818176,0.51136,0.357952,12.61332
35.3,-112.9,0.17,0.13,0.05,0.03,1.371883,1.009936,0.412284,0.19975,1.073856,0.869312,0.51136,0.306816,11.60352
35.3,-113.8,0.16,0.12,0.05,0.02,1.296777,0.954805,0.385118,0.178976,1.227264,0.920448,0.51136,0.357952,10.9701
36.2,-111.1,0.03,0.02,0.0,0.0,0.214931,0.147815,0.00799,0.0,0.25568,0.153408,0.102272,0.051136,1.6983
36.2,-112.0,0.05,0.04,0.01,0.0,0.42347,0.285243,0.067915,0.002397,0.51136,0.357952,0.204544,0.102272,3.27726
36.2,-112.9,0.08,0.06,0.02,0.01,0.639999,0.474606,0.139825,0.052734,0.869312,0.613632,0.357952,0.204544,5.45292
36.2,-113.8,0.09,0.07,0.02,0.01,0.71111,0.530536,0.165393,0.067915,0.971584,0.715904,0.409088,0.25568,6.09552
37.1,-111.1,0.06,0.04,0.01,0.0,0.448239,0.307615,0.076704,0.00799,0.613632,0.460224,0.204544,0.153408,3.5343
32.6,-116.5,0.0,0.0,0.0,0.0,0.0,0.0,0.0,0.0,0.153408,0.102272,0.051136,0.051136,0.0
32.6,-117.4,0.0,0.0,0.0,0.0,0.0,0.0,0.0,0.0,0.0,0.0,0.0,0.0,0.0
32.6,-118.3,0.0,0.0,0.0,0.0,0.0,0.0,0.0,0.0,0.0,0.0,0.0,0.0,0.0
33.5,-114.7,0.0,0.0,0.0,0.0,0.0,0.0,0.0,0.0,0.204544,0.153408,0.102272,0.051136,0.0
33.5,-115.6,0.0,0.0,0.0,0.0,0.0,0.0,0.0,0.0,0.153408,0.102272,0.051136,0.051136,0.0
33.5,-116.5,0.0,0.0,0.0,0.0,0.0,0.0,0.0,0.0,0.153408,0.102272,0.051136,0.051136,0.0
33.5,-117.4,0.0,0.0,0.0,0.0,0.0,0.0,0.0,0.0,0.102272,0.051136,0.051136,0.0,0.0
33.5,-118.3,0.0,0.0,0.0,0.0,0.0,0.0,0.0,0.0,0.051136,0.051136,0.0,0.0,0.0
33.5,-119.2,0.0,0.0,0.0,0.0,0.0,0.0,0.0,0.0,0.051136,0.051136,0.0,0.0,0.0
33.5,-120.1,0.0,0.0,0.0,0.0,0.0,0.0,0.0,0.0,0.0,0.0,0.0,0.0,0.0
34.4,-115.6,0.06,0.04,0.01,0.0,0.49538,0.348364,0.091885,0.019176,0.51136,0.357952,0.204544,0.102272,4.00248
34.4,-116.5,0.05,0.03,0.01,0.0,0.365942,0.246092,0.051136,0.0,0.357952,0.25568,0.153408,0.102272,2.82744
34.4,-117.4,0.02,0.01,0.0,0.0,0.148614,0.097478,0.0,0.0,0.204544,0.153408,0.102272,0.051136,1.11996
34.4,-118.3,0.01,0.01,0.0,0.0,0.107865,0.06392,0.0,0.0,0.204544,0.153408,0.051136,0.051136,0.7344
34.4,-119.2,0.0,0.0,0.0,0.0,0.0,0.0,0.0,0.0,0.153408,0.102272,0.051136,0.051136,0.0
34.4,-120.1,0.0,0.0,0.0,0.0,0.0,0.0,0.0,0.0,0.051136,0.051136,0.051136,0.0,0.0
35.3,-116.5,0.05,0.03,0.01,0.0,0.377927,0.254082,0.055131,0.0,0.409088,0.306816,0.153408,0.102272,2.91924
35.3,-117.4,0.02,0.01,0.0,0.0,0.133433,0.085493,0.0,0.0,0.204544,0.153408,0.102272,0.051136,0.98226
35.3,-118.3,0.02,0.01,0.0,0.0,0.158202,0.105468,0.0,0.0,0.25568,0.153408,0.102272,0.051136,1.21176
35.3,-119.2,0.02,0.02,0.0,0.0,0.178177,0.121448,0.0,0.0,0.25568,0.204544,0.102272,0.051136,1.39536
35.3,-120.1,0.01,0.01,0.0,0.0,0.094282,0.052734,0.0,0.0,0.153408,0.102272,0.051136,0.051136,0.60588
35.3,-121.0,0.0,0.0,0.0,0.0,0.0,0.0,0.0,0.0,0.051136,0.051136,0.0,0.0,0.0
36.2,-117.4,0.0,0.0,0.0,0.0,0.0,0.0,0.0,0.0,0.051136,0.051136,0.0,0.0,0.0
36.2,-118.3,0.01,0.01,0.0,0.0,0.107066,0.063121,0.0,0.0,0.153408,0.102272,0.051136,0.051136,0.72522
36.2,-119.2,0.03,0.02,0.0,0.0,0.218926,0.150212,0.008789,0.0,0.357952,0.25568,0.102272,0.051136,1.72584
36.2,-120.1,0.03,0.02,0.0,0.0,0.217328,0.149413,0.008789,0.0,0.357952,0.25568,0.102272,0.051136,1.71666
36.2,-121.0,0.01,0.01,0.0,0.0,0.10387,0.060724,0.0,0.0,0.153408,0.102272,0.051136,0.051136,0.69768
36.2,-121.9,0.0,0.0,0.0,0.0,0.0,0.0,0.0,0.0,0.051136,0.0,0.0,0.0,0.0
37.1,-119.2,0.03,0.02,0.0,0.0,0.246092,0.16779,0.016779,0.0,0.357952,0.25568,0.102272,0.051136,1.9278
37.1,-120.1,0.04,0.02,0.0,0.0,0.284444,0.192559,0.027965,0.0,0.409088,0.306816,0.153408,0.102272,2.21238
37.1,-121.0,0.02,0.02,0.0,0.0,0.190961,0.131835,0.000799,0.0,0.204544,0.153408,0.051136,0.051136,1.5147
37.1,-121.9,0.0,0.0,0.0,0.0,0.0,0.0,0.0,0.0,0.051136,0.051136,0.0,0.0,0.0
37.1,-122.8,0.0,0.0,0.0,0.0,0.0,0.0,0.0,0.0,0.0,0.0,0.0,0.0,0.0
38.0,-119.2,0.05,0.03,0.01,0.0,0.363545,0.244494,0.050337,0.0,0.357952,0.25568,0.153408,0.102272,2.80908
38.0,-120.1,0.04,0.03,0.0,0.0,0.322796,0.217328,0.039151,0.0,0.460224,0.306816,0.153408,0.102272,2.49696
38.0,-121.0,0.03,0.02,0.0,0.0,0.206941,0.142222,0.005593,0.0,0.306816,0.204544,0.102272,0.051136,1.63404
38.0,-121.9,0.01,0.0,0.0,0.0,0.03995,0.019975,0.0,0.0,0.102272,0.051136,0.051136,0.0,0.2295
38.0,-122.8,0.0,0.0,0.0,0.0,0.0,0.0,0.0,0.0,0.051136,0.051136,0.0,0.0,0.0
38.9,-120.1,0.03,0.02,0.0,0.0,0.205343,0.140624,0.004794,0.0,0.25568,0.153408,0.102272,0.051136,1.61568
38.9,-121.0,0.02,0.01,0.0,0.0,0.155006,0.103071,0.0,0.0,0.204544,0.153408,0.102272,0.051136,1.18422
38.9,-121.9,0.02,0.01,0.0,0.0,0.136629,0.08789,0.0,0.0,0.204544,0.153408,0.051136,0.051136,1.0098
38.9,-122.8,0.01,0.0,0.0,0.0,0.042347,0.021573,0.0,0.0,0.153408,0.102272,0.051136,0.051136,0.24786
38.9,-123.7,0.0,0.0,0.0,0.0,0.0,0.0,0.0,0.0,0.051136,0.051136,0.0,0.0,0.0
39.8,-121.0,0.02,0.01,0.0,0.0,0.158202,0.105468,0.0,0.0,0.204544,0.153408,0.051136,0.051136,1.21176
39.8,-121.9,0.03,0.02,0.0,0.0,0.232509,0.159001,0.012784,0.0,0.357952,0.25568,0.102272,0.051136,1.82682
39.8,-122.8,0.03,0.02,0.0,0.0,0.21573,0.147815,0.00799,0.0,0.306816,0.204544,0.102272,0.051136,1.6983
39.8,-123.7,0.0,0.0,0.0,0.0,0.0,0.0,0.0,0.0,0.102272,0.051136,0.051136,0.0,0.0
39.8,-124.6,0.0,0.0,0.0,0.0,0.0,0.0,0.0,0.0,0.051136,0.051136,0.0,0.0,0.0
40.7,-120.1,0.0,0.0,0.0,0.0,0.0,0.0,0.0,0.0,0.102272,0.102272,0.051136,0.051136,0.0
40.7,-121.0,0.01,0.01,0.0,0.0,0.102272,0.059925,0.0,0.0,0.153408,0.102272,0.051136,0.051136,0.6885
40.7,-121.9,0.03,0.02,0.0,0.0,0.27166,0.184569,0.02397,0.0,0.306816,0.204544,0.102272,0.051136,2.12058
40.7,-122.8,0.03,0.02,0.0,0.0,0.242097,0.165393,0.01598,0.0,0.306816,0.204544,0.102272,0.051136,1.90026
40.7,-123.7,0.02,0.02,0.0,0.0,0.195755,0.135031,0.002397,0.0,0.204544,0.153408,0.102272,0.051136,1.55142
40.7,-124.6,0.0,0.0,0.0,0.0,0.0,0.0,0.0,0.0,0.102272,0.051136,0.051136,0.0,0.0
41.6,-120.1,0.0,0.0,0.0,0.0,0.0,0.0,0.0,0.0,0.102272,0.102272,0.051136,0.051136,0.0
41.6,-121.0,0.0,0.0,0.0,0.0,0.0,0.0,0.0,0.0,0.153408,0.102272,0.051136,0.051136,0.0
41.6,-121.9,0.03,0.02,0.0,0.0,0.258077,0.17578,0.019975,0.0,0.25568,0.153408,0.102272,0.051136,2.0196
41.6,-122.8,0.05,0.04,0.01,0.0,0.424269,0.286042,0.068714,0.002397,0.357952,0.25568,0.153408,0.102272,3.28644
41.6,-123.7,0.03,0.02,0.0,0.0,0.21573,0.147815,0.00799,0.0,0.204544,0.153408,0.102272,0.051136,1.6983
41.6,-124.6,0.0,0.0,0.0,0.0,0.0,0.0,0.0,0.0,0.051136,0.051136,0.051136,0.0,0.0
42.5,-121.0,0.0,0.0,0.0,0.0,0.0,0.0,0.0,0.0,0.051136,0.051136,0.051136,0.0,0.0
37.1,-103.0,0.25,0.19,0.09,0.05,2.009485,1.522894,0.713507,0.386716,10.329472,7.92608,4.448832,2.863616,17.49708
37.1,-104.8,0.23,0.17,0.08,0.04,1.839298,1.364692,0.602446,0.329987,3.477248,2.710208,1.53408,1.02272,15.67944
37.1,-105.7,0.09,0.07,0.02,0.01,0.695929,0.520149,0.1598,0.064719,0.76704,0.613632,0.357952,0.204544,5.97618
37.1,-107.5,0.0,0.0,0.0,0.0,0.0,0.0,0.0,0.0,0.102272,0.051136,0.051136,0.0,0.0
37.1,-108.4,0.02,0.02,0.0,0.0,0.178177,0.121448,0.0,0.0,0.204544,0.153408,0.051136,0.051136,1.39536
38.0,-103.0,0.29,0.22,0.11,0.06,2.277949,1.745815,0.870111,0.472209,14.676032,11.454464,6.64768,4.295424,20.0583
38.0,-103.9,0.28,0.22,0.11,0.06,2.231607,1.721046,0.852533,0.459425,11.24992,8.744256,5.062464,3.272704,19.77372
38.0,-104.8,0.25,0.19,0.09,0.05,1.992706,1.507713,0.702321,0.381123,6.187456,4.755648,2.710208,1.738624,17.32266
38.0,-105.7,0.19,0.14,0.06,0.03,1.533281,1.12659,0.469812,0.242896,1.636352,1.227264,0.715904,0.460224,12.9438
38.0,-106.6,0.0,0.0,0.0,0.0,0.0,0.0,0.0,0.0,0.102272,0.102272,0.051136,0.051136,0.0
38.0,-107.5,0.0,0.0,0.0,0.0,0.0,0.0,0.0,0.0,0.102272,0.051136,0.051136,0.0,0.0
38.0,-108.4,0.01,0.01,0.0,0.0,0.098277,0.05593,0.0,0.0,0.204544,0.153408,0.051136,0.051136,0.6426
38.9,-102.1,0.3,0.23,0.12,0.06,2.428161,1.824117,0.927639,0.512159,18.102144,13.960128,8.028352,5.215872,20.95794
38.9,-103.0,0.29,0.22,0.11,0.06,2.340271,1.778574,0.894081,0.488988,18.613504,14.471488,8.335168,5.420416,20.43468
38.9,-103.9,0.29,0.22,0.11,0.06,2.350658,1.783368,0.897277,0.491385,18.306688,14.0624,7.977216,5.1136,20.48976
38.9,-104.8,0.27,0.21,0.1,0.06,2.190059,1.690684,0.83096,0.446641,10.99424,8.284032,4.60224,2.914752,19.42488
38.9,-105.7,0.22,0.16,0.07,0.04,1.767388,1.297576,0.555305,0.306816,2.965888,2.198848,1.227264,0.76704,14.90832
38.9,-106.6,0.0,0.0,0.0,0.0,0.0,0.0,0.0,0.0,0.204544,0.153408,0.102272,0.051136,0.0
38.9,-107.5,0.0,0.0,0.0,0.0,0.0,0.0,0.0,0.0,0.102272,0.051136,0.051136,0.051136,0.0
38.9,-108.4,0.0,0.0,0.0,0.0,0.0,0.0,0.0,0.0,0.153408,0.102272,0.051136,0.051136,0.0
39.8,-103.0,0.32,0.24,0.12,0.07,2.569584,1.898424,0.981971,0.550511,17.999872,13.908992,7.92608,5.1136,21.81168
39.8,-103.9,0.3,0.23,0.12,0.06,2.420171,1.820122,0.924443,0.509762,19.227136,14.57376,8.079488,5.1136,20.91204
39.8,-104.8,0.28,0.22,0.11,0.06,2.25318,1.732232,0.860523,0.465018,13.244224,9.97152,5.36928,3.374976,19.90224
39.8,-105.7,0.23,0.17,0.07,0.04,1.816926,1.343918,0.588064,0.322796,3.937472,2.965888,1.585216,1.02272,15.44076
39.8,-106.6,0.01,0.0,0.0,0.0,0.053533,0.026367,0.0,0.0,0.306816,0.25568,0.153408,0.102272,0.30294
39.8,-107.5,0.0,0.0,0.0,0.0,0.0,0.0,0.0,0.0,0.204544,0.153408,0.102272,0.051136,0.0
39.8,-108.4,0.0,0.0,0.0,0.0,0.0,0.0,0.0,0.0,0.153408,0.102272,0.051136,0.051136,0.0
39.8,-109.3,0.05,0.03,0.01,0.0,0.389113,0.260474,0.058327,0.0,0.306816,0.204544,0.102272,0.051136,2.99268
40.7,-102.1,0.31,0.23,0.12,0.07,2.509659,1.867263,0.9588,0.533732,21.22144,16.414656,9.46016,6.13632,21.45366
40.7,-103.0,0.32,0.23,0.12,0.07,2.520046,1.872856,0.962795,0.536928,17.38624,13.346496,7.619264,4.909056,21.51792
40.7,-103.9,0.3,0.23,0.11,0.06,2.397799,1.808137,0.915654,0.504169,14.113536,10.840832,6.13632,3.937472,20.77434
40.7,-104.8,0.27,0.2,0.1,0.05,2.129335,1.634754,0.79101,0.426666,9.511296,7.15904,3.988608,2.505664,18.78228
40.7,-105.7,0.2,0.15,0.06,0.03,1.604392,1.177726,0.49538,0.262072,3.017024,2.30112,1.2784,0.76704,13.53132
40.7,-106.6,0.01,0.0,0.0,0.0,0.077503,0.039151,0.0,0.0,0.204544,0.153408,0.102272,0.051136,0.44982
40.7,-107.5,0.0,0.0,0.0,0.0,0.001598,0.000799,0.0,0.0,0.204544,0.153408,0.102272,0.051136,0.00918
40.7,-108.4,0.03,0.02,0.0,0.0,0.19975,0.137428,0.003196,0.0,0.204544,0.153408,0.102272,0.051136,1.57896
41.6,-72.4,0.13,0.1,0.04,0.02,1.026715,0.75905,0.283645,0.126242,2.30112,1.687488,0.869312,0.562496,8.721
41.6,-73.3,0.17,0.12,0.05,0.02,1.320747,0.972383,0.393108,0.185368,4.142016,3.06816,1.636352,1.02272,11.17206
38.9,-75.1,0.14,0.1,0.04,0.02,1.098625,0.811784,0.310811,0.139825,2.607936,1.892032,0.971584,0.613632,9.32688
24.5,-79.6,0.06,0.04,0.01,0.0,0.451435,0.310012,0.077503,0.008789,0.357952,0.25568,0.153408,0.102272,3.56184
24.5,-80.5,0.07,0.05,0.01,0.0,0.540124,0.387515,0.107066,0.029563,0.460224,0.357952,0.204544,0.153408,4.4523
24.5,-81.4,0.05,0.04,0.01,0.0,0.420274,0.282846,0.067116,0.001598,0.357952,0.25568,0.153408,0.102272,3.24972
24.5,-82.3,0.03,0.02,0.0,0.0,0.246092,0.16779,0.016779,0.0,0.306816,0.204544,0.153408,0.102272,1.9278
25.4,-80.5,0.16,0.12,0.05,0.02,1.269611,0.935629,0.37553,0.171785,1.636352,1.227264,0.664768,0.409088,10.74978
25.4,-81.4,0.11,0.08,0.03,0.01,0.8789,0.651984,0.228514,0.099076,1.073856,0.818176,0.460224,0.306816,7.49088
25.4,-82.3,0.09,0.07,0.02,0.01,0.736678,0.549712,0.174981,0.072709,0.664768,0.51136,0.306816,0.204544,6.31584
26.3,-79.6,0.15,0.11,0.04,0.02,1.188113,0.875704,0.344369,0.156604,1.482944,1.124992,0.664768,0.409088,10.06128
26.3,-80.5,0.18,0.13,0.05,0.03,1.445391,1.06267,0.437852,0.219725,3.06816,2.352256,1.329536,0.818176,12.2094
26.3,-81.4,0.18,0.13,0.05,0.03,1.419024,1.043494,0.428264,0.212534,2.659072,2.04544,1.124992,0.715904,11.98908
26.3,-82.3,0.16,0.12,0.05,0.02,1.297576,0.955604,0.385118,0.179775,1.482944,1.124992,0.664768,0.409088,10.97928
26.3,-83.2,0.05,0.03,0.01,0.0,0.360349,0.242097,0.049538,0.0,0.306816,0.204544,0.153408,0.102272,2.78154
27.2,-79.6,0.15,0.11,0.04,0.02,1.203294,0.88689,0.349962,0.159001,1.380672,1.073856,0.613632,0.409088,10.1898
27.2,-80.5,0.19,0.14,0.06,0.03,1.494929,1.098625,0.456229,0.232509,2.81248,2.147712,1.227264,0.76704,12.6225
27.2,-81.4,0.19,0.14,0.06,0.03,1.515703,1.113806,0.46342,0.238102,3.119296,2.403392,1.329536,0.869312,12.79692
27.2,-82.3,0.16,0.12,0.05,0.02,1.305566,0.961197,0.388314,0.181373,1.738624,1.329536,0.715904,0.460224,11.04354
27.2,-83.2,0.06,0.04,0.01,0.0,0.473008,0.329188,0.084694,0.013583,0.460224,0.357952,0.204544,0.102272,3.78216
28.1,-79.6,0.1,0.07,0.02,0.01,0.793407,0.590461,0.195755,0.083096,0.715904,0.562496,0.306816,0.204544,6.78402
28.1,-80.5,0.16,0.12,0.05,0.02,1.308762,0.963594,0.389113,0.182172,2.659072,1.994304,1.073856,0.664768,11.07108
28.1,-81.4,0.2,0.15,0.06,0.03,1.636352,1.200897,0.506566,0.270861,4.448832,3.374976,1.840896,1.176128,13.79754
28.1,-82.3,0.16,0.11,0.05,0.02,1.245641,0.918051,0.365942,0.166991,2.710208,2.04544,1.124992,0.664768,10.54782
28.1,-83.2,0.08,0.06,0.02,0.01,0.673557,0.50337,0.151011,0.060724,0.920448,0.664768,0.357952,0.25568,5.7834
29.0,-80.5,0.15,0.11,0.04,0.02,1.21448,0.89488,0.354756,0.161398,3.32384,2.454528,1.329536,0.818176,10.2816
29.0,-81.4,0.19,0.14,0.06,0.03,1.510909,1.109811,0.461822,0.236504,5.471552,4.09088,2.198848,1.380672,12.75102
29.0,-82.3,0.18,0.13,0.05,0.03,1.423019,1.04669,0.429862,0.213333,3.886336,2.914752,1.585216,0.971584,12.0258
29.0,-83.2,0.11,0.08,0.03,0.01,0.898875,0.666366,0.235705,0.102272,1.78976,1.329536,0.715904,0.460224,7.65612
29.0,-84.1,0.12,0.09,0.03,0.02,0.991559,0.733482,0.270861,0.11985,1.329536,1.02272,0.562496,0.357952,8.42724
29.0,-85.0,0.13,0.09,0.03,0.02,1.004343,0.74307,0.275655,0.122247,1.2784,0.971584,0.562496,0.357952,8.5374
29.0,-85.9,0.08,0.06,0.02,0.01,0.646391,0.480199,0.141423,0.054332,0.76704,0.562496,0.306816,0.204544,5.51718
29.9,-80.5,0.18,0.13,0.05,0.03,1.412632,1.0387,0.426666,0.210137,3.374976,2.505664,1.329536,0.818176,11.934
29.9,-81.4,0.21,0.15,0.06,0.03,1.65393,1.213681,0.512958,0.275655,5.062464,3.784064,2.04544,1.2784,13.94442
29.9,-82.3,0.23,0.17,0.08,0.04,1.844092,1.368687,0.605642,0.332384,5.420416,4.09088,2.249984,1.431808,15.72534
29.9,-83.2,0.21,0.16,0.07,0.04,1.696277,1.244043,0.528139,0.286841,4.34656,3.272704,1.78976,1.124992,14.29326
29.9,-84.1,0.17,0.13,0.05,0.02,1.3583,0.999549,0.406691,0.195755,3.32384,2.505664,1.329536,0.818176,11.48418
29.9,-85.0,0.17,0.12,0.05,0.02,1.332732,0.981172,0.397902,0.189363,2.505664,1.892032,1.02272,0.664768,11.27304
29.9,-85.9,0.16,0.12,0.05,0.02,1.313556,0.967589,0.390711,0.18377,1.943168,1.482944,0.818176,0.51136,11.11698
29.9,-86.8,0.16,0.12,0.05,0.02,1.288787,0.949212,0.381922,0.177378,1.636352,1.227264,0.715904,0.460224,10.90584
30.8,-81.4,0.23,0.17,0.07,0.04,1.817725,1.343918,0.588064,0.322796,6.034048,4.551104,2.505664,1.53408,15.44076
30.8,-85.0,0.23,0.17,0.07,0.04,1.808936,1.335928,0.582471,0.320399,4.806784,3.681792,2.04544,1.2784,15.34896
30.8,-85.9,0.23,0.17,0.07,0.04,1.812931,1.339923,0.585667,0.321997,4.142016,3.170432,1.78976,1.124992,15.39486
30.8,-86.8,0.23,0.17,0.07,0.04,1.803343,1.331134,0.579275,0.318801,4.34656,3.32384,1.840896,1.176128,15.29388
30.8,-80.5,0.2,0.15,0.06,0.03,1.613181,1.184118,0.498576,0.264469,3.374976,2.505664,1.380672,0.869312,13.60476
30.8,-82.3,0.24,0.18,0.08,0.04,1.891233,1.412632,0.636004,0.347565,7.516992,5.676096,3.119296,1.943168,16.23024
30.8,-83.2,0.23,0.17,0.08,0.04,1.871258,1.394255,0.62322,0.341173,6.443136,4.85792,2.710208,1.687488,16.0191
30.8,-84.1,0.23,0.17,0.07,0.04,1.82172,1.348712,0.59126,0.324394,5.829504,4.397696,2.454528,1.53408,15.49584
31.7,-80.5,0.18,0.13,0.06,0.03,1.460572,1.073057,0.443445,0.22372,3.374976,2.505664,1.380672,0.869312,12.32874
31.7,-81.4,0.24,0.18,0.08,0.05,1.935178,1.453381,0.664768,0.361947,6.443136,4.909056,2.761344,1.738624,16.69842
31.7,-82.3,0.25,0.19,0.09,0.05,2.007088,1.520497,0.711909,0.385917,7.721536,5.88064,3.272704,2.096576,17.46954
31.7,-83.2,0.24,0.18,0.08,0.04,1.919997,1.439798,0.65518,0.357153,6.749952,5.1136,2.81248,1.78976,16.54236
31.7,-84.1,0.24,0.18,0.08,0.05,1.934379,1.453381,0.664768,0.361947,6.801088,5.164736,2.914752,1.840896,16.69842
31.7,-85.0,0.24,0.18,0.08,0.04,1.912007,1.432607,0.650386,0.354756,6.90336,5.215872,2.914752,1.840896,16.45974
32.6,-82.3,0.23,0.17,0.07,0.04,1.820921,1.347913,0.590461,0.324394,6.545408,4.909056,2.710208,1.687488,15.48666
32.6,-83.2,0.22,0.17,0.07,0.04,1.78976,1.31835,0.570486,0.314007,5.931776,4.499968,2.454528,1.53408,15.147
32.6,-84.1,0.23,0.17,0.07,0.04,1.82971,1.355903,0.596853,0.32759,5.676096,4.295424,2.352256,1.482944,15.57846
33.5,-82.3,0.22,0.17,0.07,0.04,1.795353,1.323144,0.573682,0.315605,6.238592,4.653376,2.5568,1.585216,15.20208
33.5,-83.2,0.22,0.17,0.07,0.04,1.796152,1.323943,0.574481,0.316404,5.829504,4.397696,2.403392,1.53408,15.21126
33.5,-84.1,0.23,0.17,0.08,0.04,1.844891,1.369486,0.606441,0.332384,6.392,4.806784,2.607936,1.636352,15.73452
33.5,-85.0,0.25,0.19,0.09,0.05,2.026264,1.538874,0.724693,0.392309,7.6704,5.778368,3.221568,2.04544,17.68068
34.4,-83.2,0.19,0.14,0.06,0.03,1.482145,1.089037,0.451435,0.229313,4.142016,3.06816,1.687488,1.02272,12.51234
34.4,-84.1,0.2,0.15,0.06,0.03,1.591608,1.168937,0.490586,0.258876,4.85792,3.57952,1.943168,1.227264,13.43034
34.4,-85.0,0.23,0.17,0.07,0.04,1.800147,1.327938,0.576878,0.317203,6.852224,5.062464,2.761344,1.687488,15.25716
40.7,-91.3,0.23,0.17,0.08,0.04,1.856077,1.379873,0.613632,0.33558,6.90336,5.215872,2.863616,1.78976,15.85386
40.7,-92.2,0.23,0.17,0.08,0.04,1.84569,1.370285,0.606441,0.332384,7.210176,5.420416,2.965888,1.840896,15.7437
40.7,-93.1,0.27,0.21,0.1,0.05,2.139722,1.644342,0.798201,0.429862,8.9488,6.801088,3.784064,2.403392,18.89244
40.7,-94.0,0.28,0.22,0.11,0.06,2.265964,1.739423,0.865317,0.468214,13.244224,10.073792,5.62496,3.57952,19.98486
40.7,-94.9,0.29,0.22,0.11,0.06,2.301919,1.7578,0.8789,0.478601,17.232832,13.141952,7.363584,4.653376,20.196
41.6,-91.3,0.22,0.16,0.07,0.04,1.77378,1.303169,0.560099,0.308414,6.596544,4.960192,2.659072,1.687488,14.97258
41.6,-92.2,0.24,0.18,0.08,0.05,1.944766,1.462969,0.67116,0.365143,6.698816,5.062464,2.81248,1.738624,16.80858
41.6,-93.1,0.27,0.2,0.1,0.05,2.130134,1.634754,0.791809,0.426666,7.210176,5.471552,3.06816,1.943168,18.78228
41.6,-94.0,0.28,0.22,0.11,0.06,2.242793,1.726639,0.856528,0.462621,9.306752,7.056768,3.937472,2.505664,19.83798
41.6,-94.9,0.28,0.22,0.11,0.06,2.266763,1.739423,0.866116,0.469013,11.710144,8.9488,5.062464,3.221568,19.98486
41.6,-95.8,0.29,0.22,0.11,0.06,2.281944,1.747413,0.871709,0.473008,15.545344,11.812416,6.596544,4.193152,20.07666
42.5,-91.3,0.25,0.19,0.09,0.05,1.977525,1.493331,0.692733,0.376329,7.92608,5.982912,3.272704,2.04544,17.15742
42.5,-92.2,0.26,0.2,0.09,0.05,2.052631,1.562844,0.741472,0.401098,8.795392,6.64768,3.681792,2.30112,17.95608
42.5,-93.1,0.25,0.19,0.09,0.05,1.991907,1.506914,0.702321,0.381123,8.18176,6.187456,3.426112,2.147712,17.31348
42.5,-94.0,0.24,0.18,0.08,0.05,1.947962,1.466165,0.673557,0.366741,7.92608,5.931776,3.272704,2.04544,16.8453
42.5,-94.9,0.25,0.19,0.09,0.05,1.992706,1.507713,0.702321,0.381123,9.153344,6.90336,3.784064,2.403392,17.32266
42.5,-95.8,0.27,0.2,0.1,0.05,2.12534,1.630759,0.788613,0.425068,11.454464,8.69312,4.806784,3.06816,18.73638
43.4,-91.3,0.24,0.18,0.08,0.04,1.882444,1.404642,0.630411,0.344369,7.874944,5.931776,3.272704,2.096576,16.13844
43.4,-92.2,0.25,0.19,0.09,0.05,1.98951,1.504517,0.700723,0.380324,8.641984,6.545408,3.630656,2.249984,17.28594
43.4,-93.1,0.24,0.18,0.08,0.05,1.935178,1.453381,0.664768,0.361947,9.306752,6.954496,3.8352,2.403392,16.69842
43.4,-94.9,0.23,0.17,0.08,0.04,1.860072,1.383868,0.616029,0.337178,7.92608,5.931776,3.221568,2.04544,15.89976
43.4,-95.8,0.23,0.17,0.07,0.04,1.828112,1.354305,0.595255,0.326791,8.18176,6.13632,3.32384,2.096576,15.5601
42.5,-111.1,0.05,0.03,0.01,0.0,0.410686,0.274856,0.06392,0.0,0.613632,0.409088,0.204544,0.102272,3.15792
42.5,-112.0,0.05,0.04,0.01,0.0,0.437053,0.297228,0.072709,0.005593,0.869312,0.613632,0.306816,0.153408,3.41496
42.5,-112.9,0.05,0.04,0.01,0.0,0.426666,0.28764,0.069513,0.003196,0.920448,0.664768,0.306816,0.153408,3.3048
42.5,-113.8,0.05,0.04,0.01,0.0,0.438651,0.298826,0.073508,0.005593,0.869312,0.613632,0.306816,0.153408,3.43332
42.5,-114.7,0.06,0.04,0.01,0.0,0.492983,0.346766,0.091086,0.018377,0.818176,0.562496,0.306816,0.204544,3.98412
42.5,-115.6,0.08,0.06,0.02,0.01,0.640798,0.475405,0.139825,0.053533,0.869312,0.664768,0.357952,0.25568,5.4621
42.5,-116.5,0.07,0.05,0.01,0.0,0.532134,0.380324,0.10387,0.027965,0.715904,0.562496,0.306816,0.204544,4.36968
42.5,-117.4,0.06,0.04,0.01,0.0,0.465018,0.321997,0.082297,0.011985,0.562496,0.460224,0.25568,0.153408,3.69954
43.4,-111.1,0.05,0.03,0.01,0.0,0.401098,0.268464,0.061523,0.0,0.562496,0.409088,0.204544,0.102272,3.08448
43.4,-112.0,0.05,0.04,0.01,0.0,0.433857,0.294831,0.07191,0.004794,0.818176,0.562496,0.25568,0.153408,3.38742
43.4,-112.9,0.04,0.03,0.01,0.0,0.325992,0.219725,0.03995,0.0,0.664768,0.460224,0.204544,0.102272,2.5245
43.4,-113.8,0.03,0.02,0.0,0.0,0.240499,0.164594,0.015181,0.0,0.357952,0.25568,0.102272,0.051136,1.89108
43.4,-114.7,0.03,0.02,0.0,0.0,0.240499,0.163795,0.015181,0.0,0.306816,0.204544,0.102272,0.051136,1.8819
43.4,-115.6,0.04,0.03,0.01,0.0,0.332384,0.224519,0.041548,0.0,0.409088,0.306816,0.153408,0.102272,2.57958
43.4,-116.5,0.05,0.03,0.01,0.0,0.40749,0.272459,0.063121,0.0,0.460224,0.357952,0.204544,0.102272,3.13038
43.4,-117.4,0.04,0.03,0.01,0.0,0.357153,0.240499,0.048739,0.0,0.409088,0.306816,0.153408,0.102272,2.76318
44.3,-112.0,0.03,0.02,0.0,0.0,0.252484,0.171785,0.018377,0.0,0.357952,0.25568,0.102272,0.051136,1.9737
44.3,-112.9,0.03,0.02,0.0,0.0,0.258077,0.17578,0.019975,0.0,0.306816,0.25568,0.102272,0.051136,2.0196
44.3,-113.8,0.01,0.01,0.0,0.0,0.094282,0.052734,0.0,0.0,0.153408,0.102272,0.051136,0.051136,0.60588
44.3,-114.7,0.0,0.0,0.0,0.0,0.0,0.0,0.0,0.0,0.051136,0.051136,0.0,0.0,0.0
44.3,-115.6,0.0,0.0,0.0,0.0,0.0,0.0,0.0,0.0,0.102272,0.102272,0.051136,0.0,0.0
44.3,-116.5,0.01,0.01,0.0,0.0,0.091086,0.050337,0.0,0.0,0.153408,0.153408,0.051136,0.051136,0.57834
45.2,-113.8,0.05,0.04,0.01,0.0,0.425068,0.286841,0.068714,0.002397,0.357952,0.25568,0.153408,0.102272,3.29562
45.2,-114.7,0.03,0.02,0.0,0.0,0.244494,0.166991,0.01598,0.0,0.204544,0.153408,0.102272,0.051136,1.91862
45.2,-115.6,0.03,0.02,0.0,0.0,0.244494,0.166991,0.01598,0.0,0.204544,0.153408,0.102272,0.051136,1.91862
45.2,-116.5,0.06,0.04,0.01,0.0,0.453033,0.31161,0.078302,0.009588,0.357952,0.306816,0.153408,0.102272,3.5802
46.1,-115.6,0.06,0.04,0.01,0.0,0.460224,0.317203,0.080699,0.011186,0.51136,0.357952,0.204544,0.102272,3.64446
46.1,-116.5,0.08,0.06,0.02,0.01,0.59925,0.43945,0.126242,0.043945,0.664768,0.51136,0.306816,0.153408,5.049
47.0,-115.6,0.05,0.04,0.01,0.0,0.433058,0.293233,0.071111,0.004794,0.460224,0.306816,0.153408,0.102272,3.36906
47.0,-116.5,0.04,0.03,0.01,0.0,0.33558,0.226117,0.042347,0.0,0.357952,0.25568,0.153408,0.102272,2.59794
47.9,-116.5,0.02,0.01,0.0,0.0,0.169388,0.114257,0.0,0.0,0.25568,0.153408,0.102272,0.051136,1.31274
48.8,-116.5,0.0,0.0,0.0,0.0,0.0,0.0,0.0,0.0,0.102272,0.102272,0.051136,0.0,0.0
38.0,-88.6,0.23,0.17,0.07,0.04,1.826514,1.352707,0.594456,0.325992,11.24992,8.232896,4.34656,2.659072,15.54174
38.0,-89.5,0.24,0.18,0.08,0.05,1.955952,1.473356,0.678351,0.369138,13.141952,9.71584,5.215872,3.221568,16.92792
38.9,-87.7,0.22,0.16,0.07,0.04,1.785765,1.315154,0.568089,0.312409,12.170368,8.846528,4.60224,2.81248,15.11028
38.9,-88.6,0.22,0.17,0.07,0.04,1.796152,1.323943,0.574481,0.315605,11.710144,8.539712,4.499968,2.761344,15.21126
38.9,-89.5,0.26,0.2,0.09,0.05,2.065415,1.575628,0.750261,0.405892,13.602176,10.073792,5.471552,3.374976,18.10296
39.8,-87.7,0.24,0.18,0.08,0.05,1.943168,1.461371,0.670361,0.365143,11.76128,8.641984,4.60224,2.81248,16.79022
39.8,-88.6,0.23,0.17,0.08,0.04,1.841695,1.36629,0.604044,0.330786,9.613568,7.056768,3.784064,2.30112,15.6978
39.8,-89.5,0.24,0.18,0.08,0.04,1.911208,1.431808,0.649587,0.353957,9.511296,7.056768,3.8352,2.403392,16.45056
39.8,-90.4,0.26,0.2,0.1,0.05,2.107762,1.61398,0.777427,0.419475,9.920384,7.465856,4.142016,2.607936,18.5436
39.8,-91.3,0.25,0.19,0.09,0.05,1.991108,1.506115,0.701522,0.381123,9.511296,7.15904,3.937472,2.505664,17.3043
40.7,-87.7,0.24,0.18,0.08,0.05,1.931183,1.450185,0.662371,0.361148,10.176064,7.465856,3.988608,2.454528,16.6617
40.7,-88.6,0.23,0.17,0.08,0.04,1.86966,1.392657,0.622421,0.340374,8.335168,6.13632,3.32384,2.04544,16.00074
40.7,-89.5,0.24,0.18,0.08,0.04,1.880047,1.403044,0.629612,0.344369,7.41472,5.522688,3.017024,1.892032,16.12008
40.7,-90.4,0.24,0.18,0.08,0.04,1.911208,1.431009,0.649587,0.353957,6.90336,5.215872,2.914752,1.840896,16.44138
41.6,-87.7,0.23,0.17,0.07,0.04,1.800147,1.327938,0.577677,0.317203,8.846528,6.494272,3.426112,2.096576,15.25716
41.6,-88.6,0.23,0.17,0.07,0.04,1.81373,1.340722,0.586466,0.321997,7.516992,5.573824,2.965888,1.840896,15.40404
41.6,-89.5,0.22,0.16,0.07,0.04,1.782569,1.311958,0.565692,0.31161,5.931776,4.397696,2.403392,1.482944,15.07356
41.6,-90.4,0.2,0.15,0.06,0.03,1.628362,1.195304,0.50337,0.268464,5.982912,4.448832,2.403392,1.482944,13.73328
42.5,-87.7,0.23,0.17,0.07,0.04,1.82971,1.355903,0.596054,0.32759,6.954496,5.164736,2.761344,1.687488,15.57846
42.5,-89.5,0.23,0.17,0.07,0.04,1.823318,1.349511,0.592059,0.325193,6.749952,5.011328,2.710208,1.687488,15.50502
38.0,-86.8,0.24,0.18,0.08,0.04,1.920796,1.440597,0.655979,0.357153,12.835136,9.409024,4.960192,3.06816,16.55154
38.0,-87.7,0.23,0.17,0.07,0.04,1.818524,1.345516,0.588863,0.323595,11.812416,8.641984,4.551104,2.761344,15.45912
38.9,-85.0,0.23,0.17,0.07,0.04,1.812132,1.339923,0.584868,0.321198,9.20448,6.698816,3.528384,2.147712,15.39486
38.9,-85.9,0.23,0.17,0.07,0.04,1.824117,1.35031,0.592858,0.325193,11.24992,8.18176,4.244288,2.607936,15.5142
38.9,-86.8,0.23,0.17,0.08,0.04,1.864067,1.387863,0.619225,0.338776,11.914688,8.69312,4.551104,2.761344,15.94566
39.8,-85.0,0.22,0.16,0.07,0.04,1.728237,1.267214,0.539325,0.29563,8.795392,6.392,3.32384,2.04544,14.55948
39.8,-85.9,0.22,0.16,0.07,0.04,1.764192,1.29438,0.553707,0.305218,11.147648,8.079488,4.193152,2.505664,14.8716
39.8,-86.8,0.23,0.17,0.07,0.04,1.824916,1.351109,0.593657,0.325992,12.477184,9.102208,4.704512,2.863616,15.52338
40.7,-85.0,0.18,0.13,0.05,0.03,1.442195,1.060273,0.437053,0.218127,7.465856,5.420416,2.761344,1.687488,12.18186
40.7,-85.9,0.2,0.15,0.06,0.03,1.594804,1.170535,0.491385,0.259675,8.795392,6.340864,3.272704,1.994304,13.4487
40.7,-86.8,0.23,0.17,0.08,0.04,1.866464,1.389461,0.620024,0.339575,9.766976,7.15904,3.784064,2.30112,15.96402
41.6,-85.0,0.19,0.14,0.06,0.03,1.498125,1.101022,0.457028,0.233308,6.698816,4.909056,2.5568,1.585216,12.65004
41.6,-85.9,0.21,0.15,0.07,0.04,1.685091,1.236053,0.524144,0.283645,7.15904,5.215872,2.761344,1.687488,14.20146
41.6,-86.8,0.22,0.16,0.07,0.04,1.787363,1.315953,0.568888,0.313208,8.079488,5.931776,3.119296,1.892032,15.11946
37.1,-100.3,0.32,0.24,0.12,0.07,2.550408,1.888836,0.97478,0.544918,22.141888,16.87488,9.46016,6.034048,21.70152
37.1,-101.2,0.29,0.22,0.11,0.06,2.333879,1.774579,0.891684,0.486591,16.926016,12.886272,7.210176,4.60224,20.38878
37.1,-102.1,0.28,0.21,0.11,0.06,2.21323,1.711458,0.845342,0.454631,13.857856,10.585152,5.88064,3.732928,19.66356
37.1,-94.9,0.28,0.22,0.11,0.06,2.231607,1.721046,0.852533,0.459425,18.971456,14.266944,7.772672,4.909056,19.77372
37.1,-95.8,0.28,0.22,0.11,0.06,2.251582,1.731433,0.859724,0.465018,23.675968,17.846464,9.71584,6.085184,19.89306
37.1,-96.7,0.29,0.22,0.11,0.06,2.295527,1.754604,0.876503,0.476204,28.89184,21.835072,12.01696,7.568128,20.15928
37.1,-97.6,0.29,0.22,0.11,0.06,2.32509,1.770584,0.887689,0.484194,31.295232,23.675968,13.090816,8.284032,20.34288
37.1,-98.5,0.3,0.22,0.11,0.06,2.359447,1.788162,0.901272,0.493782,28.329344,21.47712,11.914688,7.568128,20.54484
37.1,-99.4,0.31,0.23,0.12,0.07,2.506463,1.865665,0.957202,0.533732,25.82368,19.636224,10.99424,7.005632,21.4353
38.0,-100.3,0.31,0.23,0.12,0.07,2.472905,1.848087,0.944418,0.524144,22.397568,17.079424,9.613568,6.13632,21.23334
38.0,-101.2,0.3,0.22,0.11,0.06,2.377025,1.796951,0.907664,0.498576,16.823744,12.937408,7.363584,4.755648,20.64582
38.0,-102.1,0.29,0.22,0.11,0.06,2.354653,1.785765,0.898875,0.492184,16.056704,12.374912,7.107904,4.60224,20.5173
38.0,-94.9,0.29,0.22,0.11,0.06,2.313904,1.764192,0.883694,0.481797,20.352128,15.494208,8.69312,5.522688,20.26944
38.0,-95.8,0.29,0.22,0.11,0.06,2.302718,1.758599,0.879699,0.478601,24.085056,18.357824,10.2272,6.545408,20.20518
38.0,-96.7,0.29,0.22,0.11,0.06,2.305115,1.760197,0.880498,0.4794,26.181632,19.789632,10.943104,6.90336,20.22354
38.0,-97.6,0.3,0.23,0.11,0.06,2.382618,1.800147,0.910061,0.500174,30.630464,23.215744,12.886272,8.18176,20.68254
38.0,-98.5,0.31,0.23,0.12,0.07,2.455327,1.838499,0.938026,0.51935,33.2384,25.363456,14.215808,9.051072,21.12318
38.0,-99.4,0.32,0.24,0.12,0.07,2.541619,1.884042,0.970785,0.542521,31.039552,23.624832,13.193088,8.386304,21.64644
38.9,-100.3,0.31,0.23,0.12,0.07,2.488086,1.856077,0.95081,0.528139,23.77824,18.255552,10.380608,6.698816,21.32514
38.9,-101.2,0.31,0.23,0.12,0.06,2.448136,1.834504,0.93483,0.517752,19.022592,14.676032,8.386304,5.471552,21.07728
38.9,-94.9,0.29,0.22,0.11,0.06,2.350658,1.784167,0.898076,0.491385,19.278272,14.676032,8.18176,5.215872,20.49894
38.9,-95.8,0.29,0.22,0.11,0.06,2.345864,1.780971,0.895679,0.489787,22.397568,17.079424,9.613568,6.13632,20.46222
38.9,-96.7,0.3,0.22,0.11,0.06,2.361045,1.788961,0.901272,0.493782,24.596416,18.715776,10.431744,6.64768,20.55402
38.9,-97.6,0.3,0.22,0.11,0.06,2.361844,1.78976,0.902071,0.494581,28.431616,21.7328,12.170368,7.721536,20.5632
38.9,-98.5,0.3,0.23,0.12,0.06,2.409784,1.814529,0.920448,0.507365,33.2384,25.414592,14.266944,9.102208,20.84778
38.9,-99.4,0.31,0.23,0.12,0.06,2.437749,1.82971,0.930835,0.514556,30.016832,22.908928,12.835136,8.18176,21.0222
39.8,-100.3,0.3,0.23,0.11,0.06,2.396201,1.807338,0.915654,0.50337,23.982784,18.40896,10.380608,6.64768,20.76516
39.8,-101.2,0.31,0.23,0.12,0.07,2.499272,1.86167,0.954805,0.531335,20.096448,15.443072,8.795392,5.676096,21.3894
39.8,-102.1,0.32,0.24,0.12,0.07,2.535227,1.880846,0.968388,0.540923,17.13056,13.193088,7.568128,4.909056,21.60972
39.8,-94.9,0.29,0.22,0.11,0.06,2.284341,1.749011,0.872508,0.473807,19.482816,14.778304,8.130624,5.1136,20.09502
39.8,-95.8,0.29,0.22,0.11,0.06,2.34107,1.778574,0.894081,0.488988,22.039616,16.721472,9.306752,5.88064,20.43468
39.8,-96.7,0.3,0.23,0.12,0.06,2.434553,1.828112,0.930036,0.513757,25.670272,19.636224,10.99424,7.005632,21.00384
39.8,-97.6,0.31,0.23,0.12,0.06,2.445739,1.833705,0.934031,0.516953,29.14752,22.295296,12.52832,7.977216,21.0681
39.8,-98.5,0.29,0.22,0.11,0.06,2.345065,1.780971,0.895679,0.489787,26.897536,20.505536,11.454464,7.261312,20.46222
39.8,-99.4,0.29,0.22,0.11,0.06,2.348261,1.782569,0.897277,0.490586,25.158912,19.227136,10.840832,6.90336,20.48058
37.1,-83.2,0.21,0.15,0.07,0.04,1.683493,1.235254,0.523345,0.283645,4.60224,3.426112,1.840896,1.124992,14.19228
37.1,-84.1,0.22,0.16,0.07,0.04,1.733031,1.271209,0.540923,0.296429,5.522688,4.09088,2.198848,1.329536,14.60538
37.1,-85.0,0.23,0.17,0.08,0.04,1.841695,1.36629,0.604044,0.330786,7.516992,5.522688,2.965888,1.78976,15.6978
37.1,-85.9,0.23,0.17,0.08,0.04,1.856077,1.379873,0.613632,0.33558,9.766976,7.15904,3.8352,2.352256,15.85386
37.1,-86.8,0.24,0.18,0.08,0.04,1.914404,1.434205,0.651185,0.355555,10.99424,8.079488,4.34656,2.659072,16.4781
37.1,-87.7,0.24,0.18,0.08,0.04,1.888037,1.410235,0.634406,0.346766,11.24992,8.284032,4.448832,2.710208,16.2027
37.1,-88.6,0.23,0.17,0.08,0.04,1.847288,1.372682,0.608039,0.333183,10.431744,7.619264,4.039744,2.454528,15.77124
38.0,-83.2,0.22,0.16,0.07,0.04,1.749011,1.283194,0.547315,0.301223,5.88064,4.34656,2.352256,1.431808,14.74308
38.0,-84.1,0.22,0.17,0.07,0.04,1.792956,1.321546,0.572883,0.314806,6.596544,4.85792,2.607936,1.585216,15.18372
38.0,-85.0,0.23,0.17,0.07,0.04,1.816926,1.343119,0.588064,0.322796,8.999936,6.545408,3.426112,2.096576,15.43158
38.0,-85.9,0.23,0.17,0.08,0.04,1.850484,1.375079,0.609637,0.333982,11.607872,8.488576,4.448832,2.710208,15.79878
29.0,-89.5,0.15,0.11,0.04,0.02,1.168937,0.862121,0.337178,0.152609,1.176128,0.920448,0.51136,0.306816,9.90522
29.0,-90.4,0.14,0.1,0.04,0.02,1.089037,0.804593,0.307615,0.138227,1.431808,1.073856,0.613632,0.357952,9.24426
29.0,-91.3,0.15,0.11,0.04,0.02,1.180123,0.87091,0.341972,0.155006,1.687488,1.2784,0.715904,0.460224,10.0062
29.0,-92.2,0.19,0.14,0.06,0.03,1.556452,1.143369,0.477802,0.249288,2.505664,1.892032,1.073856,0.664768,13.13658
29.0,-93.1,0.24,0.18,0.08,0.05,1.950359,1.467763,0.674356,0.36754,4.09088,3.119296,1.78976,1.124992,16.86366
29.9,-90.4,0.22,0.16,0.07,0.04,1.774579,1.303968,0.560099,0.309213,4.039744,3.017024,1.687488,1.073856,14.98176
29.9,-91.3,0.23,0.18,0.08,0.04,1.875253,1.39825,0.625617,0.341972,4.85792,3.732928,2.096576,1.380672,16.065
29.9,-92.2,0.24,0.18,0.08,0.05,1.940771,1.458974,0.668763,0.364344,4.60224,3.57952,2.096576,1.380672,16.76268
29.9,-93.1,0.28,0.21,0.11,0.06,2.214029,1.712257,0.845342,0.454631,6.852224,5.267008,3.017024,1.943168,19.67274
30.8,-90.4,0.23,0.17,0.07,0.04,1.833705,1.359099,0.598451,0.328389,5.267008,3.988608,2.249984,1.431808,15.61518
30.8,-91.3,0.24,0.18,0.08,0.04,1.878449,1.400647,0.628014,0.34357,6.289728,4.755648,2.659072,1.738624,16.09254
30.8,-92.2,0.24,0.18,0.08,0.04,1.89363,1.415029,0.637602,0.348364,6.801088,5.1136,2.863616,1.78976,16.25778
30.8,-93.1,0.24,0.18,0.08,0.04,1.890434,1.411833,0.636004,0.347565,8.028352,6.034048,3.272704,2.04544,16.22106
31.7,-92.2,0.23,0.17,0.08,0.04,1.860072,1.383868,0.616029,0.337178,8.488576,6.340864,3.426112,2.147712,15.89976
31.7,-93.1,0.24,0.18,0.08,0.04,1.92559,1.444592,0.659175,0.358751,8.539712,6.392,3.477248,2.147712,16.59744
32.6,-91.3,0.23,0.17,0.07,0.04,1.811333,1.338325,0.584069,0.321198,8.335168,6.187456,3.374976,2.096576,15.3765
32.6,-92.2,0.23,0.17,0.08,0.04,1.872057,1.395054,0.624019,0.341173,10.2272,7.619264,4.142016,2.5568,16.02828
32.6,-93.1,0.25,0.19,0.09,0.05,2.015078,1.528487,0.716703,0.389113,10.278336,7.6704,4.193152,2.607936,17.56134
32.6,-94.0,0.25,0.19,0.09,0.05,2.015078,1.527688,0.716703,0.388314,9.46016,7.056768,3.8352,2.403392,17.55216
40.7,-69.7,0.03,0.02,0.0,0.0,0.219725,0.151011,0.009588,0.0,0.204544,0.153408,0.102272,0.051136,1.73502
40.7,-70.6,0.04,0.03,0.01,0.0,0.326791,0.220524,0.03995,0.0,0.357952,0.25568,0.153408,0.102272,2.53368
41.6,-69.7,0.05,0.04,0.01,0.0,0.428264,0.290037,0.070312,0.003196,0.409088,0.306816,0.153408,0.102272,3.33234
41.6,-70.6,0.08,0.06,0.02,0.01,0.664768,0.496978,0.147815,0.059126,0.971584,0.715904,0.357952,0.204544,5.70996
42.5,-69.7,0.07,0.05,0.02,0.01,0.59126,0.432259,0.123845,0.041548,0.613632,0.460224,0.25568,0.153408,4.96638
42.5,-70.6,0.13,0.09,0.03,0.02,0.999549,0.739075,0.273258,0.121448,1.585216,1.176128,0.664768,0.409088,8.4915
42.5,-71.5,0.14,0.1,0.04,0.02,1.111409,0.820573,0.315605,0.142222,2.505664,1.840896,0.971584,0.613632,9.42786
42.5,-72.4,0.13,0.1,0.04,0.02,1.073856,0.793407,0.301223,0.135031,2.863616,2.096576,1.124992,0.664768,9.11574
42.5,-73.3,0.17,0.12,0.05,0.02,1.335928,0.98277,0.398701,0.190162,4.60224,3.374976,1.78976,1.124992,11.2914
38.0,-74.2,0.06,0.04,0.01,0.0,0.500973,0.353158,0.093483,0.020774,0.818176,0.613632,0.306816,0.204544,4.05756
38.0,-76.0,0.17,0.12,0.05,0.02,1.341521,0.987564,0.401098,0.190961,4.039744,2.965888,1.585216,0.971584,11.34648
38.9,-76.0,0.17,0.13,0.05,0.03,1.385466,1.019524,0.417078,0.202946,5.420416,3.988608,2.096576,1.2784,11.71368
38.9,-76.9,0.2,0.15,0.06,0.03,1.602794,1.176128,0.494581,0.261273,8.641984,6.392,3.374976,2.04544,13.51296
39.8,-78.7,0.19,0.14,0.06,0.03,1.531683,1.125791,0.469013,0.242896,3.8352,2.81248,1.53408,0.920448,12.93462
43.4,-68.8,0.0,0.0,0.0,0.0,0.0,0.0,0.0,0.0,0.153408,0.153408,0.051136,0.051136,0.0
43.4,-69.7,0.07,0.05,0.02,0.01,0.596054,0.436254,0.125443,0.042347,0.613632,0.460224,0.25568,0.153408,5.01228
43.4,-70.6,0.11,0.08,0.03,0.01,0.853332,0.633607,0.218926,0.094282,1.2784,0.920448,0.51136,0.306816,7.27974
44.3,-67.9,0.0,0.0,0.0,0.0,0.0,0.0,0.0,0.0,0.153408,0.153408,0.051136,0.051136,0.0
44.3,-68.8,0.04,0.03,0.01,0.0,0.350761,0.235705,0.047141,0.0,0.357952,0.25568,0.153408,0.102272,2.7081
44.3,-69.7,0.07,0.05,0.01,0.0,0.569687,0.413083,0.116654,0.036754,0.562496,0.409088,0.25568,0.153408,4.74606
44.3,-70.6,0.09,0.07,0.02,0.01,0.70312,0.524943,0.162197,0.066317,0.76704,0.562496,0.306816,0.204544,6.03126
45.2,-67.9,0.05,0.03,0.01,0.0,0.401897,0.269263,0.061523,0.0,0.409088,0.306816,0.153408,0.102272,3.09366
45.2,-68.8,0.06,0.05,0.01,0.0,0.509762,0.361148,0.096679,0.022372,0.460224,0.357952,0.204544,0.102272,4.14936
45.2,-69.7,0.06,0.04,0.01,0.0,0.48739,0.341173,0.089488,0.017578,0.409088,0.306816,0.204544,0.102272,3.91986
45.2,-70.6,0.04,0.03,0.01,0.0,0.33558,0.226117,0.042347,0.0,0.357952,0.25568,0.153408,0.102272,2.59794
46.1,-67.9,0.02,0.02,0.0,0.0,0.198951,0.137428,0.003196,0.0,0.25568,0.204544,0.102272,0.051136,1.57896
46.1,-68.8,0.02,0.02,0.0,0.0,0.180574,0.123845,0.0,0.0,0.25568,0.204544,0.102272,0.051136,1.4229
46.1,-69.7,0.0,0.0,0.0,0.0,0.0,0.0,0.0,0.0,0.204544,0.153408,0.102272,0.051136,0.0
47.0,-67.9,0.01,0.0,0.0,0.0,0.044744,0.022372,0.0,0.0,0.204544,0.153408,0.102272,0.051136,0.25704
47.0,-68.8,0.0,0.0,0.0,0.0,0.0,0.0,0.0,0.0,0.153408,0.102272,0.051136,0.051136,0.0
42.5,-83.2,0.14,0.1,0.04,0.02,1.099424,0.811784,0.31161,0.139825,3.374976,2.454528,1.2784,0.76704,9.32688
42.5,-84.1,0.17,0.13,0.05,0.03,1.38227,1.017127,0.41548,0.202147,4.448832,3.272704,1.687488,1.02272,11.68614
42.5,-85.0,0.19,0.14,0.06,0.03,1.505316,1.105816,0.459425,0.235705,4.704512,3.426112,1.840896,1.124992,12.70512
42.5,-85.9,0.2,0.15,0.06,0.03,1.637151,1.201696,0.506566,0.270861,4.960192,3.630656,1.943168,1.176128,13.80672
42.5,-86.8,0.22,0.16,0.07,0.04,1.780971,1.31036,0.564893,0.310811,5.778368,4.295424,2.30112,1.431808,15.0552
43.4,-82.3,0.08,0.06,0.02,0.01,0.609637,0.448239,0.129438,0.046342,1.585216,1.124992,0.562496,0.357952,5.14998
43.4,-83.2,0.11,0.08,0.03,0.01,0.905267,0.67116,0.238102,0.10387,2.914752,2.096576,1.073856,0.664768,7.7112
43.4,-84.1,0.16,0.12,0.05,0.02,1.290385,0.950011,0.382721,0.177378,3.630656,2.659072,1.380672,0.818176,10.91502
43.4,-85.0,0.16,0.12,0.05,0.02,1.300772,0.958001,0.386716,0.180574,3.630656,2.659072,1.380672,0.818176,11.00682
43.4,-85.9,0.16,0.12,0.05,0.02,1.273606,0.938026,0.377128,0.173383,3.8352,2.761344,1.431808,0.869312,10.77732
43.4,-86.8,0.18,0.13,0.06,0.03,1.449386,1.065067,0.43945,0.220524,4.499968,3.32384,1.78976,1.073856,12.23694
44.3,-82.3,0.09,0.07,0.02,0.01,0.75106,0.5593,0.179775,0.075106,1.585216,1.124992,0.613632,0.357952,6.426
44.3,-83.2,0.14,0.11,0.04,0.02,1.155354,0.852533,0.332384,0.150212,2.761344,2.04544,1.073856,0.664768,9.79506
44.3,-84.1,0.15,0.11,0.04,0.02,1.167339,0.861322,0.337178,0.152609,3.170432,2.352256,1.227264,0.76704,9.89604
44.3,-85.0,0.13,0.1,0.04,0.02,1.058675,0.78302,0.29563,0.132634,2.863616,2.096576,1.124992,0.664768,8.9964
44.3,-85.9,0.15,0.11,0.04,0.02,1.161746,0.857327,0.334781,0.15181,3.119296,2.30112,1.227264,0.715904,9.85014
44.3,-86.8,0.17,0.12,0.05,0.02,1.343119,0.988363,0.401897,0.19176,4.448832,3.272704,1.738624,1.073856,11.35566
45.2,-83.2,0.13,0.09,0.04,0.02,1.015529,0.75106,0.27965,0.124644,1.53408,1.124992,0.613632,0.409088,8.6292
45.2,-84.1,0.12,0.09,0.03,0.01,0.922845,0.683944,0.245293,0.107066,1.687488,1.227264,0.664768,0.409088,7.85808
45.2,-85.0,0.08,0.06,0.02,0.01,0.667964,0.499375,0.148614,0.059925,1.482944,1.073856,0.562496,0.357952,5.7375
45.2,-85.9,0.11,0.08,0.03,0.01,0.914056,0.677552,0.241298,0.105468,1.994304,1.482944,0.76704,0.460224,7.78464
45.2,-86.8,0.17,0.12,0.05,0.02,1.319149,0.971584,0.393108,0.185368,3.477248,2.5568,1.380672,0.869312,11.16288
46.1,-84.1,0.05,0.04,0.01,0.0,0.428264,0.289238,0.069513,0.003196,0.562496,0.409088,0.204544,0.102272,3.32316
46.1,-85.0,0.06,0.04,0.01,0.0,0.489787,0.34357,0.090287,0.017578,0.76704,0.562496,0.306816,0.153408,3.9474
46.1,-85.9,0.09,0.07,0.02,0.01,0.741472,0.552908,0.176579,0.073508,1.585216,1.176128,0.613632,0.357952,6.35256
46.1,-86.8,0.16,0.12,0.05,0.02,1.27041,0.936428,0.37553,0.172584,2.761344,2.04544,1.073856,0.664768,10.75896
46.1,-87.7,0.18,0.13,0.05,0.03,1.403843,1.032308,0.42347,0.208539,3.374976,2.505664,1.380672,0.818176,11.86056
46.1,-88.6,0.19,0.14,0.06,0.03,1.512507,1.111409,0.462621,0.237303,3.630656,2.710208,1.482944,0.920448,12.76938
47.0,-85.0,0.06,0.04,0.01,0.0,0.466616,0.322796,0.082297,0.011985,0.562496,0.409088,0.204544,0.153408,3.70872
47.0,-85.9,0.09,0.07,0.02,0.01,0.740673,0.552109,0.17578,0.073508,1.176128,0.869312,0.460224,0.306816,6.34338
47.0,-86.8,0.11,0.08,0.03,0.01,0.88689,0.658376,0.23171,0.100674,1.53408,1.124992,0.613632,0.357952,7.56432
47.0,-87.7,0.11,0.08,0.03,0.01,0.876503,0.650386,0.226916,0.098277,1.585216,1.176128,0.613632,0.357952,7.47252
47.0,-88.6,0.13,0.09,0.03,0.02,1.010735,0.747864,0.278052,0.123845,1.892032,1.431808,0.76704,0.460224,8.59248
47.0,-89.5,0.12,0.09,0.03,0.01,0.92684,0.68714,0.246092,0.107865,2.352256,1.738624,0.920448,0.562496,7.8948
47.9,-87.7,0.06,0.04,0.01,0.0,0.469013,0.325193,0.083096,0.012784,0.409088,0.306816,0.153408,0.102272,3.73626
47.9,-88.6,0.07,0.05,0.01,0.0,0.562496,0.406691,0.114257,0.035156,0.613632,0.460224,0.25568,0.153408,4.67262
43.4,-94.0,0.23,0.17,0.08,0.04,1.843293,1.368687,0.605642,0.331585,8.897664,6.64768,3.57952,2.249984,15.72534
44.3,-92.2,0.28,0.22,0.11,0.06,2.226813,1.718649,0.850136,0.457827,9.818112,7.41472,4.142016,2.607936,19.74618
44.3,-93.1,0.27,0.21,0.1,0.05,2.156501,1.659523,0.808588,0.435455,10.636288,8.028352,4.448832,2.761344,19.06686
44.3,-94.0,0.25,0.19,0.09,0.05,2.011882,1.524492,0.714306,0.387515,9.102208,6.852224,3.784064,2.403392,17.51544
44.3,-94.9,0.24,0.18,0.08,0.05,1.94956,1.466964,0.674356,0.366741,7.005632,5.267008,2.965888,1.892032,16.85448
44.3,-95.8,0.23,0.17,0.08,0.04,1.86966,1.392657,0.622421,0.340374,6.698816,5.062464,2.81248,1.738624,16.00074
45.2,-93.1,0.28,0.22,0.11,0.06,2.232406,1.721845,0.852533,0.459425,11.965824,9.051072,5.011328,3.170432,19.7829
45.2,-94.0,0.28,0.22,0.11,0.06,2.268361,1.740222,0.866116,0.469013,10.431744,7.92608,4.448832,2.863616,19.99404
45.2,-94.9,0.26,0.2,0.09,0.05,2.0774,1.586015,0.757452,0.409887,7.772672,5.931776,3.32384,2.147712,18.2223
45.2,-95.8,0.23,0.17,0.08,0.04,1.842494,1.367089,0.604843,0.331585,7.056768,5.318144,2.914752,1.840896,15.70698
46.1,-93.1,0.25,0.19,0.09,0.05,1.969535,1.485341,0.68714,0.373932,6.801088,5.164736,2.914752,1.840896,17.06562
46.1,-94.0,0.25,0.19,0.09,0.05,1.969535,1.48614,0.68714,0.373932,7.15904,5.420416,3.06816,1.943168,17.0748
46.1,-94.9,0.24,0.18,0.08,0.04,1.904816,1.425416,0.644793,0.352359,6.64768,5.011328,2.761344,1.738624,16.37712
46.1,-95.8,0.21,0.16,0.07,0.04,1.70986,1.253631,0.532933,0.290836,6.034048,4.551104,2.454528,1.53408,14.40342
47.0,-91.3,0.14,0.1,0.04,0.02,1.113806,0.822171,0.316404,0.142222,2.147712,1.585216,0.869312,0.51136,9.44622
47.0,-92.2,0.17,0.12,0.05,0.02,1.347114,0.991559,0.402696,0.192559,2.454528,1.840896,0.971584,0.613632,11.39238
47.0,-93.1,0.19,0.14,0.06,0.03,1.523693,1.119399,0.465817,0.240499,3.06816,2.30112,1.2784,0.818176,12.86118
47.0,-94.0,0.2,0.15,0.06,0.03,1.598,1.173731,0.492983,0.260474,3.988608,2.965888,1.636352,1.02272,13.48542
47.0,-94.9,0.2,0.14,0.06,0.03,1.572432,1.154555,0.483395,0.253283,4.448832,3.32384,1.78976,1.124992,13.2651
47.0,-95.8,0.2,0.14,0.06,0.03,1.560447,1.146565,0.4794,0.250087,4.448832,3.32384,1.78976,1.124992,13.1733
47.0,-96.7,0.22,0.16,0.07,0.04,1.762594,1.293581,0.552908,0.305218,4.960192,3.681792,1.994304,1.2784,14.86242
47.9,-90.4,0.08,0.06,0.02,0.01,0.613632,0.452234,0.131036,0.047141,0.971584,0.715904,0.357952,0.204544,5.19588
47.9,-91.3,0.09,0.07,0.02,0.01,0.747065,0.556903,0.178976,0.074307,1.227264,0.920448,0.460224,0.306816,6.39846
47.9,-92.2,0.1,0.08,0.03,0.01,0.822171,0.611235,0.206941,0.088689,1.585216,1.176128,0.613632,0.357952,7.0227
47.9,-93.1,0.1,0.07,0.02,0.01,0.790211,0.588064,0.194956,0.082297,1.687488,1.227264,0.664768,0.409088,6.75648
47.9,-94.0,0.11,0.08,0.03,0.01,0.862121,0.639999,0.222122,0.09588,2.04544,1.482944,0.76704,0.460224,7.35318
47.9,-94.9,0.13,0.1,0.04,0.02,1.034705,0.765442,0.286841,0.12784,2.352256,1.738624,0.920448,0.562496,8.79444
47.9,-95.8,0.17,0.12,0.05,0.02,1.335129,0.98277,0.398701,0.189363,2.81248,2.096576,1.124992,0.715904,11.2914
47.9,-96.7,0.19,0.14,0.06,0.03,1.554854,1.141771,0.477003,0.248489,3.57952,2.659072,1.431808,0.920448,13.11822
48.8,-94.0,0.06,0.04,0.01,0.0,0.484993,0.338776,0.088689,0.016779,0.664768,0.460224,0.25568,0.153408,3.89232
48.8,-94.9,0.07,0.05,0.02,0.01,0.592858,0.433857,0.123845,0.042347,0.971584,0.715904,0.409088,0.25568,4.98474
48.8,-95.8,0.11,0.08,0.03,0.01,0.849337,0.630411,0.217328,0.093483,1.687488,1.2784,0.664768,0.409088,7.24302
48.8,-96.7,0.14,0.11,0.04,0.02,1.140173,0.841347,0.326791,0.147815,2.352256,1.78976,0.971584,0.613632,9.66654
37.1,-89.5,0.23,0.17,0.07,0.04,1.823318,1.349511,0.592059,0.325193,10.431744,7.6704,4.039744,2.505664,15.50502
37.1,-90.4,0.23,0.17,0.08,0.04,1.872057,1.395054,0.624019,0.341173,11.403328,8.43744,4.499968,2.81248,16.02828
37.1,-91.3,0.24,0.18,0.08,0.04,1.903218,1.423818,0.643994,0.35156,10.99424,8.18176,4.397696,2.761344,16.35876
37.1,-92.2,0.26,0.2,0.09,0.05,2.048636,1.559648,0.739075,0.400299,10.329472,7.721536,4.193152,2.607936,17.91936
37.1,-93.1,0.26,0.2,0.1,0.05,2.079797,1.588412,0.75905,0.409887,11.659008,8.69312,4.704512,2.914752,18.24984
37.1,-94.0,0.28,0.21,0.11,0.06,2.210833,1.70986,0.844543,0.453832,14.420352,10.73856,5.88064,3.681792,19.6452
38.0,-90.4,0.25,0.19,0.09,0.05,2.000696,1.514904,0.707115,0.38352,14.522624,10.73856,5.778368,3.57952,17.40528
38.0,-91.3,0.28,0.21,0.11,0.06,2.212431,1.710659,0.844543,0.453832,13.602176,10.176064,5.522688,3.477248,19.65438
38.0,-92.2,0.28,0.21,0.11,0.06,2.211632,1.710659,0.844543,0.453832,12.681728,9.46016,5.164736,3.221568,19.65438
38.0,-93.1,0.27,0.21,0.1,0.05,2.144516,1.648337,0.800598,0.43146,11.914688,8.897664,4.85792,3.017024,18.93834
38.0,-94.0,0.28,0.22,0.11,0.06,2.241994,1.726639,0.856528,0.461822,13.755584,10.380608,5.727232,3.57952,19.83798
38.9,-90.4,0.27,0.21,0.1,0.05,2.160496,1.663518,0.811784,0.437053,15.187392,11.301056,6.085184,3.784064,19.11276
38.9,-91.3,0.27,0.21,0.1,0.05,2.163692,1.665915,0.813382,0.437852,13.960128,10.380608,5.676096,3.528384,19.1403
38.9,-92.2,0.27,0.21,0.1,0.05,2.134928,1.639548,0.795005,0.428264,12.477184,9.306752,5.1136,3.221568,18.83736
38.9,-93.1,0.26,0.2,0.1,0.05,2.081395,1.589211,0.759849,0.410686,12.068096,9.051072,4.960192,3.119296,18.25902
38.9,-94.0,0.28,0.22,0.11,0.06,2.231607,1.721046,0.851734,0.459425,14.676032,11.045376,6.034048,3.784064,19.77372
39.8,-92.2,0.23,0.17,0.07,0.04,1.815328,1.34232,0.587265,0.322796,8.897664,6.698816,3.630656,2.30112,15.4224
39.8,-93.1,0.26,0.2,0.09,0.05,2.063817,1.573231,0.748663,0.405093,10.380608,7.823808,4.34656,2.761344,18.07542
39.8,-94.0,0.28,0.22,0.11,0.06,2.255577,1.73383,0.861322,0.465817,15.08512,11.403328,6.289728,3.937472,19.9206
29.9,-88.6,0.19,0.14,0.06,0.03,1.507713,1.107414,0.460224,0.235705,1.892032,1.431808,0.818176,0.562496,12.72348
29.9,-89.5,0.22,0.16,0.07,0.04,1.764991,1.295179,0.554506,0.306017,2.710208,2.04544,1.176128,0.76704,14.88078
30.8,-88.6,0.19,0.14,0.06,0.03,1.5181,1.115404,0.464219,0.238901,3.119296,2.352256,1.329536,0.818176,12.81528
30.8,-89.5,0.22,0.17,0.07,0.04,1.78976,1.31835,0.570486,0.314007,3.8352,2.914752,1.636352,1.02272,15.147
31.7,-88.6,0.23,0.17,0.07,0.04,1.800147,1.327938,0.576878,0.317203,6.749952,5.062464,2.761344,1.738624,15.25716
31.7,-89.5,0.23,0.17,0.08,0.04,1.868861,1.391858,0.621622,0.340374,6.340864,4.755648,2.659072,1.636352,15.99156
31.7,-90.4,0.23,0.17,0.08,0.04,1.842494,1.367888,0.604843,0.331585,6.443136,4.85792,2.710208,1.687488,15.71616
31.7,-91.3,0.23,0.17,0.07,0.04,1.824117,1.35031,0.592858,0.325193,6.954496,5.267008,2.914752,1.840896,15.5142
32.6,-88.6,0.24,0.18,0.08,0.04,1.881645,1.403843,0.629612,0.344369,8.9488,6.698816,3.681792,2.30112,16.12926
32.6,-89.5,0.23,0.17,0.08,0.04,1.864866,1.388662,0.619225,0.338776,7.92608,5.931776,3.221568,1.994304,15.95484
32.6,-90.4,0.23,0.17,0.08,0.04,1.857675,1.38227,0.614431,0.336379,7.210176,5.420416,2.965888,1.840896,15.8814
33.5,-88.6,0.24,0.18,0.08,0.05,1.934379,1.453381,0.664768,0.361947,9.613568,7.15904,3.886336,2.403392,16.69842
33.5,-89.5,0.26,0.2,0.09,0.05,2.055028,1.565241,0.74307,0.401897,8.795392,6.64768,3.630656,2.30112,17.98362
33.5,-90.4,0.25,0.19,0.09,0.05,2.019073,1.532482,0.719899,0.389912,9.818112,7.41472,4.039744,2.5568,17.60724
34.4,-88.6,0.24,0.18,0.08,0.05,1.947163,1.464567,0.672758,0.365942,10.636288,7.874944,4.244288,2.659072,16.82694
34.4,-89.5,0.25,0.19,0.09,0.05,1.999098,1.513306,0.706316,0.38352,9.46016,7.056768,3.8352,2.403392,17.38692
34.4,-90.4,0.24,0.18,0.08,0.05,1.932781,1.451783,0.66317,0.361148,9.71584,7.261312,3.886336,2.454528,16.68006
44.3,-110.2,0.01,0.01,0.0,0.0,0.095081,0.053533,0.0,0.0,0.153408,0.102272,0.051136,0.051136,0.61506
44.3,-111.1,0.02,0.01,0.0,0.0,0.1598,0.107066,0.0,0.0,0.204544,0.153408,0.051136,0.051136,1.23012
45.2,-104.8,0.25,0.19,0.09,0.05,1.976726,1.492532,0.691934,0.376329,3.732928,2.914752,1.687488,1.124992,17.14824
45.2,-105.7,0.21,0.16,0.07,0.04,1.715453,1.258425,0.534531,0.291635,4.448832,3.374976,1.840896,1.176128,14.4585
45.2,-106.6,0.23,0.17,0.07,0.04,1.810534,1.337526,0.584069,0.320399,5.88064,4.448832,2.454528,1.53408,15.36732
45.2,-107.5,0.23,0.17,0.07,0.04,1.811333,1.338325,0.584069,0.321198,5.267008,3.988608,2.198848,1.380672,15.3765
45.2,-109.3,0.12,0.09,0.03,0.01,0.985966,0.730286,0.268464,0.119051,1.943168,1.431808,0.76704,0.460224,8.39052
45.2,-110.2,0.09,0.06,0.02,0.01,0.690336,0.515355,0.157403,0.06392,0.920448,0.664768,0.357952,0.204544,5.9211
45.2,-111.1,0.05,0.04,0.01,0.0,0.433857,0.294032,0.07191,0.004794,0.409088,0.306816,0.153408,0.102272,3.37824
45.2,-112.0,0.05,0.04,0.01,0.0,0.420274,0.282846,0.067116,0.001598,0.409088,0.306816,0.153408,0.102272,3.24972
45.2,-112.9,0.05,0.03,0.01,0.0,0.413882,0.277253,0.065518,0.0,0.409088,0.306816,0.153408,0.102272,3.18546
46.1,-103.9,0.22,0.16,0.07,0.04,1.740222,1.276003,0.544119,0.298826,3.017024,2.30112,1.329536,0.869312,14.66046
46.1,-104.8,0.17,0.12,0.05,0.02,1.327938,0.977177,0.396304,0.187765,2.81248,2.096576,1.176128,0.715904,11.22714
46.1,-105.7,0.2,0.15,0.06,0.03,1.605191,1.178525,0.49538,0.262072,5.36928,4.039744,2.198848,1.380672,13.5405
46.1,-106.6,0.23,0.17,0.08,0.04,1.873655,1.396652,0.624818,0.341972,7.823808,5.88064,3.272704,2.04544,16.04664
46.1,-107.5,0.24,0.18,0.08,0.05,1.948761,1.466964,0.674356,0.366741,7.721536,5.829504,3.221568,2.04544,16.85448
46.1,-108.4,0.23,0.17,0.08,0.04,1.834504,1.359898,0.59925,0.328389,6.340864,4.755648,2.607936,1.636352,15.62436
46.1,-109.3,0.19,0.14,0.06,0.03,1.540472,1.131384,0.472209,0.244494,4.60224,3.426112,1.840896,1.176128,12.99888
46.1,-110.2,0.17,0.12,0.05,0.02,1.31835,0.970785,0.393108,0.185368,2.5568,1.943168,1.073856,0.664768,11.1537
46.1,-111.1,0.1,0.08,0.03,0.01,0.820573,0.609637,0.206142,0.08789,1.380672,1.02272,0.562496,0.357952,7.00434
46.1,-112.0,0.08,0.06,0.02,0.01,0.628014,0.464219,0.13583,0.050337,1.073856,0.76704,0.409088,0.25568,5.33358
46.1,-112.9,0.08,0.06,0.02,0.01,0.619225,0.456229,0.132634,0.04794,0.920448,0.664768,0.357952,0.204544,5.24178
46.1,-113.8,0.07,0.05,0.01,0.0,0.528938,0.377128,0.103071,0.027166,0.664768,0.460224,0.25568,0.153408,4.33296
46.1,-114.7,0.05,0.04,0.01,0.0,0.424269,0.286042,0.068714,0.002397,0.409088,0.306816,0.153408,0.102272,3.28644
47.0,-104.8,0.22,0.16,0.07,0.04,1.77378,1.303968,0.560099,0.308414,5.573824,4.193152,2.30112,1.431808,14.98176
47.0,-105.7,0.25,0.19,0.09,0.05,1.977525,1.493331,0.692733,0.376329,7.516992,5.676096,3.170432,1.994304,17.15742
47.0,-106.6,0.26,0.2,0.09,0.05,2.058224,1.568437,0.745467,0.403495,8.846528,6.698816,3.784064,2.403392,18.02034
47.0,-107.5,0.25,0.19,0.09,0.05,1.975927,1.491733,0.691135,0.37553,8.897664,6.749952,3.784064,2.403392,17.13906
47.0,-108.4,0.24,0.18,0.08,0.04,1.879248,1.401446,0.628813,0.34357,7.6704,5.829504,3.221568,2.04544,16.10172
47.0,-109.3,0.21,0.16,0.07,0.04,1.711458,1.255229,0.533732,0.290836,5.420416,4.09088,2.249984,1.431808,14.42178
47.0,-110.2,0.19,0.14,0.06,0.03,1.538874,1.130585,0.47141,0.244494,3.528384,2.659072,1.482944,0.920448,12.9897
47.0,-111.1,0.17,0.12,0.05,0.02,1.35031,0.993956,0.404294,0.194157,2.505664,1.892032,1.02272,0.664768,11.41992
47.0,-112.0,0.13,0.1,0.04,0.02,1.053881,0.779025,0.294032,0.131036,1.738624,1.2784,0.715904,0.409088,8.9505
47.0,-112.9,0.12,0.09,0.03,0.01,0.93483,0.692733,0.249288,0.109463,1.2784,0.971584,0.51136,0.306816,7.95906
47.0,-113.8,0.09,0.07,0.02,0.01,0.739075,0.55131,0.17578,0.072709,0.920448,0.664768,0.357952,0.204544,6.3342
47.0,-114.7,0.07,0.05,0.01,0.0,0.521747,0.371535,0.100674,0.025568,0.562496,0.409088,0.204544,0.153408,4.2687
47.9,-103.9,0.2,0.14,0.06,0.03,1.575628,1.156952,0.484993,0.254082,5.727232,4.295424,2.352256,1.482944,13.29264
47.9,-104.8,0.24,0.18,0.08,0.04,1.888037,1.410235,0.634406,0.346766,6.443136,4.909056,2.761344,1.738624,16.2027
47.9,-105.7,0.25,0.19,0.09,0.05,2.000696,1.514904,0.707914,0.384319,6.801088,5.215872,2.965888,1.892032,17.40528
47.9,-106.6,0.24,0.18,0.08,0.04,1.9176,1.437401,0.653582,0.356354,6.954496,5.318144,3.017024,1.892032,16.51482
47.9,-107.5,0.23,0.17,0.08,0.04,1.850484,1.375079,0.609637,0.333982,5.88064,4.448832,2.505664,1.585216,15.79878
47.9,-108.4,0.22,0.17,0.07,0.04,1.795353,1.323144,0.573682,0.315605,4.960192,3.732928,2.096576,1.329536,15.20208
47.9,-109.3,0.19,0.14,0.06,0.03,1.549261,1.137776,0.475405,0.24769,3.681792,2.761344,1.53408,0.971584,13.07232
47.9,-110.2,0.19,0.14,0.06,0.03,1.482944,1.089836,0.451435,0.229313,2.607936,1.994304,1.124992,0.715904,12.52152
47.9,-111.1,0.2,0.15,0.06,0.03,1.625965,1.193706,0.502571,0.267665,2.403392,1.840896,1.02272,0.664768,13.71492
47.9,-112.0,0.19,0.14,0.06,0.03,1.480547,1.088238,0.450636,0.228514,1.994304,1.53408,0.869312,0.562496,12.50316
47.9,-112.9,0.13,0.1,0.04,0.02,1.034705,0.765442,0.286841,0.12784,1.227264,0.920448,0.51136,0.306816,8.79444
47.9,-113.8,0.09,0.07,0.02,0.01,0.703919,0.525742,0.162197,0.066317,0.715904,0.562496,0.306816,0.204544,6.04044
47.9,-114.7,0.06,0.04,0.01,0.0,0.498576,0.350761,0.092684,0.019975,0.460224,0.357952,0.204544,0.102272,4.03002
47.9,-115.6,0.04,0.03,0.0,0.0,0.297228,0.200549,0.031161,0.0,0.306816,0.204544,0.102272,0.051136,2.30418
48.8,-104.8,0.21,0.15,0.07,0.04,1.680297,1.232857,0.522546,0.282846,4.397696,3.32384,1.840896,1.176128,14.16474
48.8,-105.7,0.22,0.16,0.07,0.04,1.768187,1.298375,0.556104,0.306816,4.499968,3.426112,1.943168,1.227264,14.9175
48.8,-106.6,0.22,0.16,0.07,0.04,1.764192,1.29438,0.553707,0.305218,4.09088,3.119296,1.738624,1.124992,14.8716
48.8,-107.5,0.2,0.15,0.06,0.03,1.61398,1.184917,0.498576,0.264469,3.170432,2.403392,1.329536,0.869312,13.61394
48.8,-108.4,0.17,0.13,0.05,0.02,1.365491,1.004343,0.409887,0.198152,2.607936,1.943168,1.073856,0.664768,11.53926
48.8,-109.3,0.16,0.12,0.05,0.02,1.256028,0.926041,0.369937,0.169388,1.994304,1.482944,0.818176,0.51136,10.63962
48.8,-110.2,0.14,0.11,0.04,0.02,1.148962,0.847739,0.329987,0.149413,1.176128,0.920448,0.51136,0.306816,9.73998
48.8,-111.1,0.13,0.09,0.04,0.02,1.019524,0.754256,0.281248,0.125443,0.818176,0.613632,0.357952,0.25568,8.66592
48.8,-112.0,0.1,0.07,0.02,0.01,0.791809,0.588863,0.195755,0.082297,0.715904,0.562496,0.306816,0.204544,6.76566
48.8,-112.9,0.08,0.06,0.02,0.01,0.610436,0.449038,0.130237,0.046342,0.51136,0.409088,0.204544,0.153408,5.15916
48.8,-113.8,0.04,0.03,0.0,0.0,0.322796,0.218127,0.039151,0.0,0.25568,0.204544,0.102272,0.051136,2.50614
48.8,-114.7,0.0,0.0,0.0,0.0,0.0,0.0,0.0,0.0,0.153408,0.102272,0.051136,0.051136,0.0
48.8,-115.6,0.0,0.0,0.0,0.0,0.0,0.0,0.0,0.0,0.153408,0.102272,0.051136,0.051136,0.0
33.5,-77.8,0.11,0.08,0.03,0.01,0.898875,0.666366,0.235705,0.102272,3.221568,2.30112,1.124992,0.664768,7.65612
34.4,-75.1,0.09,0.06,0.02,0.01,0.679949,0.508164,0.153408,0.062322,2.505664,1.738624,0.869312,0.51136,5.83848
34.4,-76.0,0.1,0.07,0.02,0.01,0.766241,0.570486,0.185368,0.078302,3.32384,2.352256,1.124992,0.664768,6.55452
34.4,-76.9,0.12,0.09,0.03,0.01,0.924443,0.685542,0.245293,0.107066,3.681792,2.607936,1.329536,0.76704,7.87644
34.4,-77.8,0.16,0.12,0.05,0.02,1.305566,0.961197,0.388314,0.181373,4.653376,3.374976,1.738624,1.02272,11.04354
34.4,-78.7,0.21,0.16,0.07,0.04,1.714654,1.257626,0.534531,0.291635,7.619264,5.62496,2.965888,1.840896,14.44932
35.3,-75.1,0.07,0.05,0.01,0.0,0.54332,0.389912,0.107865,0.030362,1.53408,1.073856,0.562496,0.306816,4.47984
35.3,-76.0,0.12,0.09,0.03,0.01,0.952408,0.705517,0.25568,0.112659,2.914752,2.096576,1.073856,0.664768,8.10594
35.3,-76.9,0.18,0.13,0.05,0.03,1.412632,1.0387,0.426666,0.210137,5.982912,4.34656,2.249984,1.380672,11.934
35.3,-77.8,0.19,0.14,0.06,0.03,1.478949,1.08664,0.449837,0.228514,7.41472,5.420416,2.81248,1.738624,12.4848
35.3,-78.7,0.2,0.14,0.06,0.03,1.572432,1.154555,0.483395,0.253283,8.590848,6.238592,3.272704,1.994304,13.2651
35.3,-79.6,0.18,0.13,0.05,0.03,1.408637,1.035504,0.425068,0.209338,7.874944,5.727232,2.965888,1.78976,11.89728
35.3,-80.5,0.2,0.15,0.06,0.03,1.602794,1.176927,0.494581,0.262072,7.465856,5.420416,2.81248,1.738624,13.52214
35.3,-81.4,0.23,0.17,0.07,0.04,1.809735,1.336727,0.58327,0.320399,7.41472,5.471552,2.914752,1.78976,15.35814
35.3,-82.3,0.19,0.14,0.06,0.03,1.506115,1.106615,0.460224,0.235705,4.806784,3.528384,1.892032,1.176128,12.7143
35.3,-83.2,0.14,0.1,0.04,0.02,1.106615,0.817377,0.314007,0.141423,2.761344,2.04544,1.073856,0.664768,9.39114
35.3,-84.1,0.18,0.13,0.05,0.03,1.399049,1.029112,0.421872,0.206941,4.039744,2.965888,1.585216,0.971584,11.82384
36.2,-75.1,0.07,0.05,0.01,0.0,0.541722,0.389113,0.107066,0.030362,1.431808,1.02272,0.51136,0.306816,4.47066
36.2,-76.0,0.12,0.09,0.03,0.01,0.961197,0.711909,0.258876,0.114257,3.426112,2.505664,1.2784,0.76704,8.17938
36.2,-76.9,0.19,0.14,0.06,0.03,1.519698,1.117002,0.465018,0.2397,5.573824,4.09088,2.147712,1.329536,12.83364
36.2,-77.8,0.21,0.15,0.07,0.04,1.673905,1.228063,0.520149,0.280449,7.465856,5.471552,2.863616,1.78976,14.10966
36.2,-78.7,0.21,0.15,0.06,0.03,1.63795,1.202495,0.507365,0.270861,8.335168,6.034048,3.170432,1.943168,13.8159
36.2,-79.6,0.18,0.13,0.05,0.03,1.443793,1.061871,0.437852,0.218926,6.801088,4.960192,2.5568,1.53408,12.20022
36.2,-80.5,0.15,0.11,0.05,0.02,1.227264,0.905267,0.35955,0.163795,5.318144,3.8352,1.943168,1.124992,10.40094
36.2,-81.4,0.15,0.11,0.04,0.02,1.173731,0.866116,0.339575,0.153408,4.142016,2.965888,1.53408,0.920448,9.95112
46.1,-100.3,0.26,0.2,0.09,0.05,2.064616,1.574829,0.749462,0.405093,9.562432,7.363584,4.193152,2.710208,18.09378
46.1,-103.0,0.25,0.19,0.09,0.05,1.991907,1.506115,0.701522,0.381123,5.1136,4.039744,2.403392,1.585216,17.3043
46.1,-96.7,0.21,0.15,0.07,0.04,1.673905,1.228063,0.520149,0.280449,6.187456,4.653376,2.505664,1.585216,14.10966
46.1,-97.6,0.23,0.17,0.07,0.04,1.816127,1.343119,0.588064,0.322796,6.90336,5.164736,2.863616,1.78976,15.43158
46.1,-98.5,0.25,0.19,0.09,0.05,1.963942,1.480547,0.683944,0.371535,8.846528,6.698816,3.732928,2.352256,17.01054
46.1,-99.4,0.26,0.2,0.1,0.05,2.110159,1.616377,0.778226,0.420274,9.562432,7.312448,4.142016,2.659072,18.57114
47.0,-100.3,0.25,0.19,0.09,0.05,1.975927,1.491733,0.691934,0.37553,9.153344,7.056768,3.988608,2.5568,17.13906
47.0,-101.2,0.25,0.19,0.09,0.05,2.028661,1.540472,0.725492,0.393108,8.846528,6.852224,3.937472,2.5568,17.69904
47.0,-102.1,0.25,0.19,0.09,0.05,1.996701,1.511708,0.705517,0.382721,7.465856,5.778368,3.32384,2.147712,17.36856
47.0,-103.0,0.23,0.17,0.08,0.04,1.852881,1.377476,0.611235,0.334781,4.755648,3.630656,2.096576,1.329536,15.82632
47.0,-103.9,0.19,0.14,0.06,0.03,1.538075,1.129786,0.47141,0.244494,3.937472,3.017024,1.636352,1.073856,12.98052
47.0,-97.6,0.23,0.17,0.07,0.04,1.808137,1.335129,0.582471,0.3196,6.238592,4.704512,2.5568,1.636352,15.33978
47.0,-98.5,0.24,0.18,0.08,0.05,1.927188,1.44619,0.659974,0.35955,7.92608,5.982912,3.32384,2.096576,16.6158
47.0,-99.4,0.25,0.19,0.09,0.05,1.999897,1.514105,0.707115,0.38352,9.153344,7.005632,3.886336,2.505664,17.3961
47.9,-100.3,0.24,0.18,0.08,0.04,1.922394,1.441396,0.656778,0.357952,6.443136,4.960192,2.81248,1.78976,16.56072
47.9,-101.2,0.24,0.18,0.08,0.05,1.928786,1.447788,0.660773,0.360349,5.931776,4.551104,2.607936,1.687488,16.63416
47.9,-102.1,0.23,0.17,0.08,0.04,1.868861,1.391858,0.621622,0.340374,5.267008,4.039744,2.30112,1.482944,15.99156
47.9,-103.0,0.19,0.14,0.06,0.03,1.5181,1.115404,0.464219,0.238901,5.164736,3.886336,2.147712,1.329536,12.81528
47.9,-97.6,0.21,0.15,0.06,0.03,1.63795,1.202495,0.507365,0.270861,4.653376,3.477248,1.892032,1.176128,13.8159
47.9,-98.5,0.22,0.16,0.07,0.04,1.761795,1.292782,0.552109,0.304419,5.88064,4.448832,2.403392,1.53408,14.85324
47.9,-99.4,0.23,0.17,0.08,0.04,1.862469,1.386265,0.617627,0.337977,6.64768,5.062464,2.81248,1.78976,15.9273
48.8,-100.3,0.22,0.16,0.07,0.04,1.729036,1.268013,0.539325,0.29563,4.193152,3.170432,1.738624,1.124992,14.56866
48.8,-101.2,0.22,0.16,0.07,0.04,1.771383,1.301571,0.558501,0.307615,4.295424,3.272704,1.78976,1.124992,14.95422
48.8,-102.1,0.22,0.16,0.07,0.04,1.737026,1.273606,0.542521,0.298027,3.630656,2.761344,1.53408,0.971584,14.63292
48.8,-103.0,0.18,0.13,0.05,0.03,1.40624,1.034705,0.424269,0.208539,3.32384,2.505664,1.380672,0.869312,11.8881
48.8,-103.9,0.17,0.12,0.05,0.02,1.35031,0.993956,0.404294,0.193358,3.681792,2.761344,1.482944,0.920448,11.41992
48.8,-97.6,0.18,0.13,0.05,0.03,1.415029,1.040298,0.427465,0.210936,3.374976,2.5568,1.380672,0.869312,11.95236
48.8,-98.5,0.18,0.14,0.06,0.03,1.476552,1.085042,0.449038,0.227715,4.09088,3.06816,1.687488,1.073856,12.46644
48.8,-99.4,0.2,0.15,0.06,0.03,1.587613,1.165741,0.488988,0.257278,4.244288,3.170432,1.738624,1.124992,13.39362
40.7,-100.3,0.29,0.22,0.11,0.06,2.33308,1.774579,0.890885,0.486591,27.204352,21.016896,12.01696,7.772672,20.38878
40.7,-101.2,0.31,0.23,0.12,0.06,2.440945,1.831308,0.932433,0.515355,24.54528,19.073728,11.045376,7.15904,21.04056
40.7,-95.8,0.3,0.23,0.11,0.06,2.378623,1.798549,0.908463,0.498576,21.22144,16.158976,9.051072,5.778368,20.66418
40.7,-96.7,0.3,0.23,0.12,0.06,2.430558,1.825715,0.928438,0.512958,25.158912,19.278272,10.891968,6.954496,20.9763
40.7,-97.6,0.3,0.23,0.12,0.06,2.425764,1.823318,0.926041,0.51136,27.306624,20.914624,11.863552,7.619264,20.94876
40.7,-98.5,0.3,0.23,0.11,0.06,2.378623,1.79775,0.908463,0.498576,28.227072,21.528256,12.068096,7.721536,20.655
40.7,-99.4,0.29,0.22,0.11,0.06,2.351457,1.784167,0.898076,0.491385,27.511168,21.068032,11.914688,7.619264,20.49894
41.6,-100.3,0.29,0.22,0.11,0.06,2.304316,1.759398,0.879699,0.478601,23.52256,18.102144,10.278336,6.596544,20.21436
41.6,-101.2,0.29,0.22,0.11,0.06,2.293929,1.753805,0.876503,0.476204,20.352128,15.749888,9.051072,5.829504,20.1501
41.6,-102.1,0.3,0.23,0.12,0.06,2.410583,1.815328,0.920448,0.507365,19.68736,15.289664,8.846528,5.727232,20.85696
41.6,-103.0,0.3,0.23,0.11,0.06,2.397799,1.808137,0.915654,0.504169,15.749888,12.221504,7.005632,4.551104,20.77434
41.6,-103.9,0.31,0.23,0.12,0.07,2.49288,1.858474,0.952408,0.529737,11.147648,8.69312,5.062464,3.32384,21.35268
41.6,-96.7,0.29,0.22,0.11,0.06,2.316301,1.76579,0.884493,0.481797,19.278272,14.676032,8.18176,5.215872,20.2878
41.6,-97.6,0.29,0.22,0.11,0.06,2.313105,1.764192,0.883694,0.480998,21.7328,16.670336,9.409024,6.034048,20.26944
41.6,-98.5,0.29,0.22,0.11,0.06,2.319497,1.767388,0.886091,0.482596,24.647552,19.022592,10.840832,6.954496,20.30616
41.6,-99.4,0.29,0.22,0.11,0.06,2.313904,1.764192,0.883694,0.481797,26.028224,20.045312,11.403328,7.312448,20.26944
42.5,-100.3,0.29,0.22,0.11,0.06,2.29313,1.753006,0.875704,0.476204,19.482816,15.187392,8.795392,5.676096,20.14092
42.5,-101.2,0.29,0.22,0.11,0.06,2.279547,1.745815,0.870111,0.472209,20.505536,15.954432,9.255616,5.982912,20.0583
42.5,-102.1,0.29,0.22,0.11,0.06,2.325889,1.770584,0.888488,0.484993,19.994176,15.59648,8.999936,5.829504,20.34288
42.5,-103.0,0.29,0.22,0.11,0.06,2.353854,1.784966,0.898875,0.492184,14.82944,11.556736,6.64768,4.295424,20.50812
42.5,-103.9,0.29,0.22,0.11,0.06,2.330683,1.772981,0.890086,0.485792,9.306752,7.312448,4.295424,2.81248,20.37042
42.5,-96.7,0.28,0.22,0.11,0.06,2.252381,1.732232,0.859724,0.465018,13.653312,10.431744,5.88064,3.732928,19.90224
42.5,-97.6,0.28,0.22,0.11,0.06,2.243592,1.727438,0.856528,0.462621,17.079424,13.090816,7.312448,4.704512,19.84716
42.5,-98.5,0.29,0.22,0.11,0.06,2.318698,1.766589,0.885292,0.482596,20.607808,15.954432,9.051072,5.829504,20.29698
42.5,-99.4,0.3,0.22,0.11,0.06,2.35705,1.786564,0.900473,0.492983,20.403264,15.954432,9.20448,5.982912,20.52648
43.4,-71.5,0.1,0.08,0.03,0.01,0.81498,0.605642,0.204544,0.087091,1.585216,1.176128,0.613632,0.357952,6.95844
43.4,-72.4,0.09,0.07,0.02,0.01,0.730286,0.544119,0.172584,0.071111,1.943168,1.380672,0.715904,0.460224,6.25158
44.3,-71.5,0.1,0.07,0.02,0.01,0.77503,0.576878,0.189363,0.0799,0.971584,0.715904,0.409088,0.25568,6.62796
38.9,-73.3,0.05,0.04,0.01,0.0,0.419475,0.282047,0.067116,0.001598,0.715904,0.51136,0.25568,0.153408,3.24054
38.9,-74.2,0.09,0.07,0.02,0.01,0.697527,0.520948,0.1598,0.065518,1.329536,0.971584,0.51136,0.306816,5.98536
39.8,-73.3,0.07,0.05,0.01,0.0,0.528139,0.377128,0.103071,0.027166,1.2784,0.869312,0.460224,0.25568,4.33296
39.8,-74.2,0.11,0.08,0.03,0.01,0.905267,0.67116,0.238102,0.10387,2.710208,1.994304,1.02272,0.613632,7.7112
39.8,-75.1,0.16,0.12,0.05,0.02,1.315154,0.968388,0.39151,0.184569,4.704512,3.426112,1.78976,1.073856,11.12616
40.7,-74.2,0.13,0.1,0.04,0.02,1.050685,0.776628,0.293233,0.131036,3.732928,2.710208,1.380672,0.818176,8.92296
40.7,-75.1,0.15,0.11,0.04,0.02,1.22247,0.901272,0.357952,0.162996,5.011328,3.630656,1.892032,1.124992,10.35504
31.7,-106.6,0.19,0.14,0.06,0.03,1.511708,1.11061,0.461822,0.237303,1.687488,1.329536,0.76704,0.51136,12.7602
31.7,-106.6,0.19,0.14,0.06,0.03,1.511708,1.11061,0.461822,0.237303,1.687488,1.329536,0.76704,0.51136,12.7602
32.6,-103.0,0.28,0.22,0.11,0.06,2.275552,1.744217,0.869312,0.47141,18.204416,14.011264,8.028352,5.164736,20.03994
32.6,-103.9,0.25,0.19,0.09,0.05,2.00549,1.519698,0.71111,0.385917,11.147648,8.539712,4.806784,3.06816,17.46036
32.6,-104.8,0.22,0.16,0.07,0.04,1.775378,1.304767,0.560898,0.309213,6.238592,4.755648,2.659072,1.687488,14.99094
32.6,-105.7,0.19,0.14,0.06,0.03,1.532482,1.125791,0.469013,0.242896,2.81248,2.147712,1.227264,0.76704,12.93462
32.6,-105.7,0.19,0.14,0.06,0.03,1.511708,1.11061,0.461822,0.237303,1.687488,1.329536,0.76704,0.51136,12.7602
31.7,-106.6,0.19,0.14,0.06,0.03,1.511708,1.11061,0.461822,0.237303,1.687488,1.329536,0.76704,0.51136,12.7602
32.6,-108.4,0.07,0.05,0.02,0.01,0.592858,0.433857,0.124644,0.042347,0.613632,0.460224,0.25568,0.153408,4.98474
33.5,-103.9,0.28,0.21,0.11,0.06,2.216426,1.713056,0.846141,0.45543,12.835136,9.869248,5.676096,3.630656,19.68192
33.5,-104.8,0.24,0.18,0.08,0.04,1.905615,1.426215,0.645592,0.352359,7.056768,5.471552,3.06816,1.994304,16.3863
32.6,-105.7,0.19,0.14,0.06,0.03,1.511708,1.11061,0.461822,0.237303,1.687488,1.329536,0.76704,0.51136,12.7602
32.6,-105.7,0.19,0.14,0.06,0.03,1.532482,1.125791,0.469013,0.242896,2.81248,2.147712,1.227264,0.76704,12.93462
32.6,-105.7,0.19,0.14,0.06,0.03,1.511708,1.11061,0.461822,0.237303,1.687488,1.329536,0.76704,0.51136,12.7602
31.7,-106.6,0.19,0.14,0.06,0.03,1.511708,1.11061,0.461822,0.237303,1.687488,1.329536,0.76704,0.51136,12.7602
33.5,-108.4,0.04,0.03,0.0,0.0,0.324394,0.218926,0.039151,0.0,0.25568,0.204544,0.102272,0.051136,2.51532
34.4,-103.9,0.25,0.19,0.09,0.05,2.026264,1.538075,0.723894,0.392309,10.891968,8.386304,4.704512,3.017024,17.6715
34.4,-104.8,0.24,0.18,0.08,0.04,1.897625,1.419024,0.640798,0.349962,5.829504,4.551104,2.607936,1.687488,16.30368
34.4,-105.7,0.22,0.17,0.07,0.04,1.790559,1.319149,0.570486,0.314007,3.272704,2.5568,1.431808,0.920448,15.15618
34.4,-106.6,0.11,0.08,0.03,0.01,0.894081,0.66317,0.234107,0.101473,0.920448,0.715904,0.409088,0.25568,7.6194
34.4,-107.5,0.04,0.03,0.01,0.0,0.328389,0.221323,0.040749,0.0,0.306816,0.25568,0.153408,0.102272,2.54286
35.3,-103.0,0.28,0.22,0.11,0.06,2.235602,1.723443,0.854131,0.460224,17.795328,13.80672,7.92608,5.1136,19.80126
35.3,-103.9,0.25,0.19,0.09,0.05,2.023068,1.534879,0.722296,0.39151,10.022656,7.721536,4.397696,2.81248,17.63478
35.3,-104.8,0.24,0.18,0.08,0.04,1.892831,1.41423,0.636803,0.348364,6.187456,4.806784,2.761344,1.78976,16.2486
35.3,-105.7,0.2,0.15,0.06,0.03,1.634754,1.199299,0.505767,0.270062,2.914752,2.249984,1.2784,0.818176,13.77918
35.3,-106.6,0.09,0.07,0.02,0.01,0.727889,0.542521,0.170986,0.071111,0.715904,0.562496,0.306816,0.204544,6.23322
35.3,-107.5,0.0,0.0,0.0,0.0,0.0,0.0,0.0,0.0,0.306816,0.25568,0.153408,0.102272,0.0
35.3,-108.4,0.0,0.0,0.0,0.0,0.0,0.0,0.0,0.0,0.051136,0.051136,0.0,0.0,0.0
36.2,-103.0,0.28,0.21,0.11,0.06,2.211632,1.710659,0.844543,0.453832,13.857856,10.636288,5.982912,3.784064,19.65438
36.2,-103.9,0.24,0.18,0.08,0.04,1.894429,1.415828,0.638401,0.348364,9.255616,7.107904,3.988608,2.505664,16.26696
36.2,-104.8,0.2,0.15,0.06,0.03,1.609985,1.181721,0.496978,0.26367,4.909056,3.732928,2.096576,1.329536,13.57722
36.2,-105.7,0.1,0.08,0.03,0.01,0.837352,0.621622,0.212534,0.091086,1.227264,0.920448,0.51136,0.306816,7.14204
36.2,-106.6,0.0,0.0,0.0,0.0,0.0,0.0,0.0,0.0,0.153408,0.102272,0.051136,0.051136,0.0
36.2,-107.5,0.0,0.0,0.0,0.0,0.0,0.0,0.0,0.0,0.051136,0.051136,0.051136,0.0,0.0
37.1,-103.9,0.25,0.19,0.09,0.05,1.977525,1.493331,0.692733,0.376329,6.698816,5.164736,2.965888,1.892032,17.15742
37.1,-106.6,0.0,0.0,0.0,0.0,0.0,0.0,0.0,0.0,0.051136,0.051136,0.0,0.0,0.0
35.3,-114.7,0.11,0.08,0.03,0.01,0.915654,0.678351,0.242097,0.105468,1.2784,0.920448,0.51136,0.306816,7.79382
35.3,-115.6,0.08,0.06,0.02,0.01,0.618426,0.456229,0.132634,0.04794,0.869312,0.664768,0.357952,0.204544,5.24178
36.2,-114.7,0.08,0.06,0.02,0.01,0.59925,0.43945,0.126242,0.043945,0.920448,0.664768,0.357952,0.204544,5.049
36.2,-115.6,0.06,0.04,0.01,0.0,0.46342,0.320399,0.081498,0.011985,0.613632,0.460224,0.204544,0.153408,3.68118
36.2,-116.5,0.02,0.01,0.0,0.0,0.123046,0.076704,0.0,0.0,0.153408,0.102272,0.051136,0.051136,0.88128
37.1,-114.7,0.07,0.05,0.01,0.0,0.560099,0.405093,0.113458,0.034357,0.613632,0.460224,0.25568,0.153408,4.65426
37.1,-115.6,0.03,0.02,0.0,0.0,0.256479,0.174182,0.019975,0.0,0.306816,0.204544,0.102272,0.051136,2.00124
38.0,-114.7,0.04,0.03,0.0,0.0,0.321198,0.216529,0.038352,0.0,0.409088,0.306816,0.153408,0.102272,2.48778
38.9,-114.7,0.03,0.02,0.0,0.0,0.235705,0.160599,0.013583,0.0,0.306816,0.204544,0.153408,0.102272,1.84518
38.9,-115.6,0.05,0.03,0.01,0.0,0.397103,0.266067,0.059925,0.0,0.409088,0.306816,0.204544,0.102272,3.05694
38.9,-116.5,0.05,0.03,0.01,0.0,0.393108,0.26367,0.059126,0.0,0.409088,0.306816,0.204544,0.102272,3.0294
38.9,-117.4,0.05,0.03,0.01,0.0,0.396304,0.265268,0.059925,0.0,0.409088,0.306816,0.153408,0.102272,3.04776
38.9,-118.3,0.03,0.02,0.0,0.0,0.265268,0.180574,0.022372,0.0,0.306816,0.25568,0.153408,0.102272,2.07468
38.9,-119.2,0.03,0.02,0.0,0.0,0.240499,0.164594,0.015181,0.0,0.25568,0.204544,0.102272,0.051136,1.89108
39.8,-114.7,0.08,0.06,0.02,0.01,0.604843,0.444244,0.12784,0.044744,0.613632,0.460224,0.25568,0.153408,5.10408
39.8,-115.6,0.22,0.16,0.07,0.04,1.763393,1.293581,0.552908,0.305218,0.971584,0.818176,0.51136,0.306816,14.86242
39.8,-116.5,0.23,0.17,0.08,0.04,1.866464,1.39026,0.620024,0.339575,1.2784,1.073856,0.664768,0.460224,15.9732
39.8,-117.4,0.23,0.17,0.08,0.04,1.865665,1.388662,0.619225,0.338776,1.02272,0.869312,0.562496,0.357952,15.95484
39.8,-118.3,0.12,0.09,0.03,0.01,0.920448,0.682346,0.243695,0.107066,0.613632,0.51136,0.306816,0.204544,7.83972
39.8,-119.2,0.03,0.02,0.0,0.0,0.218127,0.149413,0.008789,0.0,0.306816,0.25568,0.153408,0.102272,1.71666
39.8,-120.1,0.0,0.0,0.0,0.0,0.0,0.0,0.0,0.0,0.153408,0.102272,0.051136,0.051136,0.0
40.7,-114.7,0.21,0.15,0.06,0.04,1.668312,1.224068,0.517752,0.27965,1.124992,0.869312,0.51136,0.357952,14.06376
40.7,-115.6,0.24,0.18,0.08,0.04,1.908012,1.428612,0.64719,0.353158,1.329536,1.124992,0.715904,0.51136,16.41384
40.7,-116.5,0.23,0.17,0.07,0.04,1.816926,1.343119,0.588064,0.322796,1.2784,1.073856,0.664768,0.460224,15.43158
40.7,-117.4,0.2,0.14,0.06,0.03,1.57403,1.156153,0.484194,0.254082,0.818176,0.664768,0.409088,0.25568,13.28346
40.7,-118.3,0.03,0.02,0.0,0.0,0.233308,0.1598,0.012784,0.0,0.409088,0.357952,0.204544,0.153408,1.836
40.7,-119.2,0.0,0.0,0.0,0.0,0.0,0.0,0.0,0.0,0.204544,0.153408,0.102272,0.051136,0.0
41.6,-114.7,0.07,0.05,0.02,0.0,0.581672,0.42347,0.120649,0.039151,0.818176,0.613632,0.306816,0.204544,4.8654
41.6,-115.6,0.11,0.08,0.03,0.01,0.880498,0.653582,0.229313,0.099076,0.76704,0.562496,0.357952,0.204544,7.50924
41.6,-116.5,0.05,0.03,0.01,0.0,0.373133,0.250087,0.053533,0.0,0.562496,0.409088,0.25568,0.153408,2.87334
41.6,-117.4,0.03,0.02,0.0,0.0,0.226117,0.155006,0.011186,0.0,0.357952,0.25568,0.153408,0.102272,1.78092
41.6,-118.3,0.02,0.01,0.0,0.0,0.158202,0.105468,0.0,0.0,0.25568,0.204544,0.102272,0.051136,1.21176
40.7,-71.5,0.06,0.04,0.01,0.0,0.457028,0.314806,0.079101,0.010387,0.664768,0.460224,0.25568,0.153408,3.61692
40.7,-72.4,0.07,0.05,0.01,0.0,0.552109,0.397902,0.111061,0.032759,1.176128,0.869312,0.409088,0.25568,4.57164
40.7,-73.3,0.1,0.08,0.03,0.01,0.838151,0.622421,0.213333,0.091086,2.5568,1.840896,0.971584,0.562496,7.15122
41.6,-74.2,0.16,0.12,0.05,0.02,1.29438,0.953207,0.384319,0.178976,4.551104,3.32384,1.738624,1.073856,10.95174
42.5,-74.2,0.18,0.13,0.05,0.03,1.419024,1.043494,0.429063,0.212534,5.318144,3.886336,2.096576,1.2784,11.98908
42.5,-75.1,0.17,0.12,0.05,0.02,1.347114,0.991559,0.402696,0.192559,4.806784,3.477248,1.840896,1.124992,11.39238
42.5,-76.0,0.16,0.12,0.05,0.02,1.299973,0.957202,0.385917,0.179775,5.1136,3.732928,1.943168,1.176128,10.99764
42.5,-76.9,0.14,0.1,0.04,0.02,1.085841,0.802196,0.306017,0.137428,4.142016,3.017024,1.53408,0.920448,9.21672
42.5,-77.8,0.1,0.07,0.02,0.01,0.785417,0.584868,0.193358,0.081498,2.505664,1.78976,0.920448,0.51136,6.71976
42.5,-78.7,0.09,0.06,0.02,0.01,0.679949,0.508164,0.153408,0.061523,1.840896,1.329536,0.664768,0.409088,5.83848
42.5,-79.6,0.09,0.07,0.02,0.01,0.712708,0.532134,0.165393,0.067915,1.78976,1.329536,0.664768,0.409088,6.11388
43.4,-73.3,0.13,0.09,0.04,0.02,1.021122,0.755055,0.282047,0.125443,3.017024,2.198848,1.176128,0.715904,8.6751
43.4,-74.2,0.16,0.12,0.05,0.02,1.276802,0.940423,0.377927,0.174182,3.32384,2.454528,1.2784,0.818176,10.80486
43.4,-75.1,0.16,0.12,0.05,0.02,1.274405,0.938825,0.377128,0.173383,3.32384,2.454528,1.2784,0.76704,10.7865
43.4,-76.0,0.14,0.1,0.04,0.02,1.117002,0.824568,0.318002,0.143021,3.272704,2.403392,1.227264,0.76704,9.47376
43.4,-76.9,0.11,0.08,0.03,0.01,0.864518,0.641597,0.222921,0.09588,2.403392,1.738624,0.869312,0.51136,7.37154
43.4,-77.8,0.08,0.06,0.02,0.01,0.650386,0.484194,0.143021,0.05593,1.738624,1.227264,0.613632,0.357952,5.56308
43.4,-78.7,0.07,0.05,0.01,0.0,0.56729,0.410686,0.115855,0.035955,1.329536,0.920448,0.460224,0.25568,4.71852
44.3,-74.2,0.1,0.08,0.03,0.01,0.838151,0.622421,0.212534,0.091086,1.738624,1.2784,0.664768,0.409088,7.15122
44.3,-75.1,0.09,0.07,0.02,0.01,0.73508,0.548114,0.174182,0.07191,1.329536,0.971584,0.51136,0.306816,6.29748
44.3,-76.0,0.07,0.05,0.02,0.01,0.592059,0.433058,0.123845,0.041548,1.073856,0.76704,0.409088,0.25568,4.97556
38.9,-82.3,0.23,0.17,0.07,0.04,1.801745,1.329536,0.578476,0.318002,5.471552,4.09088,2.249984,1.380672,15.27552
38.9,-83.2,0.22,0.17,0.07,0.04,1.78976,1.31835,0.570486,0.314007,6.085184,4.499968,2.454528,1.53408,15.147
38.9,-84.1,0.2,0.15,0.06,0.03,1.617975,1.188113,0.500174,0.266067,7.15904,5.215872,2.761344,1.687488,13.65066
39.8,-81.4,0.17,0.12,0.05,0.02,1.351908,0.994755,0.405093,0.194157,3.784064,2.761344,1.482944,0.920448,11.4291
39.8,-82.3,0.19,0.14,0.06,0.03,1.499723,1.10262,0.457827,0.234107,4.499968,3.32384,1.78976,1.073856,12.6684
39.8,-83.2,0.2,0.14,0.06,0.03,1.558849,1.144967,0.478601,0.250087,6.289728,4.60224,2.454528,1.482944,13.15494
39.8,-84.1,0.19,0.14,0.06,0.03,1.546065,1.135379,0.474606,0.246092,7.465856,5.420416,2.81248,1.687488,13.04478
40.7,-81.4,0.17,0.13,0.05,0.02,1.362295,1.002745,0.408289,0.197353,4.142016,3.017024,1.585216,0.971584,11.5209
40.7,-82.3,0.17,0.13,0.05,0.02,1.362295,1.002745,0.408289,0.196554,4.142016,3.017024,1.585216,0.971584,11.5209
40.7,-83.2,0.18,0.13,0.05,0.03,1.411034,1.037901,0.425867,0.210137,5.011328,3.681792,1.943168,1.176128,11.92482
40.7,-84.1,0.18,0.13,0.05,0.03,1.405441,1.033906,0.424269,0.208539,6.085184,4.397696,2.30112,1.380672,11.87892
41.6,-81.4,0.13,0.1,0.04,0.02,1.057077,0.781422,0.29563,0.131835,2.5568,1.840896,0.971584,0.562496,8.97804
41.6,-82.3,0.16,0.12,0.05,0.02,1.30237,0.9588,0.386716,0.180574,3.32384,2.403392,1.2784,0.76704,11.016
41.6,-83.2,0.18,0.13,0.06,0.03,1.456577,1.07066,0.441847,0.222122,4.960192,3.630656,1.892032,1.176128,12.3012
41.6,-84.1,0.19,0.14,0.06,0.03,1.490135,1.095429,0.453832,0.23171,6.13632,4.499968,2.352256,1.431808,12.58578
34.4,-94.9,0.26,0.2,0.1,0.05,2.091782,1.599598,0.76704,0.413882,13.908992,10.431744,5.62496,3.528384,18.37836
34.4,-95.8,0.28,0.21,0.11,0.06,2.22122,1.715453,0.848538,0.456229,16.005568,12.01696,6.545408,4.09088,19.70946
34.4,-96.7,0.3,0.22,0.11,0.06,2.36504,1.791358,0.903669,0.49538,22.039616,16.568064,9.051072,5.727232,20.58156
34.4,-97.6,0.3,0.23,0.12,0.06,2.432955,1.827313,0.929237,0.513757,28.022528,21.22144,11.710144,7.41472,20.99466
34.4,-98.5,0.31,0.23,0.12,0.07,2.476101,1.849685,0.946016,0.524943,30.579328,23.113472,12.784,8.079488,21.2517
34.4,-99.4,0.33,0.24,0.13,0.07,2.621519,1.92559,1.001147,0.564094,35.846336,27.460032,15.391936,9.869248,22.1238
35.3,-94.9,0.28,0.22,0.11,0.06,2.225215,1.71785,0.850136,0.457827,16.465792,12.221504,6.596544,4.09088,19.737
35.3,-95.8,0.29,0.22,0.11,0.06,2.316301,1.76579,0.884493,0.481797,19.278272,14.471488,7.874944,4.960192,20.2878
35.3,-96.7,0.31,0.23,0.12,0.07,2.475302,1.848886,0.945217,0.524943,24.443008,18.306688,9.97152,6.238592,21.24252
35.3,-97.6,0.34,0.25,0.13,0.07,2.739771,1.987912,1.04669,0.596054,29.65888,22.397568,12.374912,7.823808,22.83984
35.3,-98.5,0.32,0.24,0.12,0.07,2.567986,1.897625,0.981172,0.549712,31.499776,23.982784,13.397632,8.539712,21.8025
35.3,-99.4,0.32,0.24,0.12,0.07,2.542418,1.884042,0.971584,0.54332,36.766784,28.38048,16.10784,10.380608,21.64644
36.2,-94.9,0.27,0.21,0.1,0.06,2.175677,1.6779,0.821372,0.441847,16.10784,12.01696,6.494272,4.039744,19.278
36.2,-95.8,0.28,0.22,0.11,0.06,2.253979,1.733031,0.860523,0.465018,21.068032,15.647616,8.43744,5.267008,19.91142
36.2,-96.7,0.3,0.22,0.11,0.06,2.373829,1.795353,0.906865,0.497777,25.977088,19.585088,10.789696,6.801088,20.62746
36.2,-97.6,0.31,0.23,0.12,0.07,2.472106,1.847288,0.944418,0.524144,28.63616,21.7328,12.119232,7.6704,21.22416
36.2,-98.5,0.31,0.23,0.12,0.07,2.465714,1.844092,0.942021,0.522546,30.579328,23.26688,12.988544,8.284032,21.18744
36.2,-99.4,0.31,0.23,0.12,0.06,2.448136,1.834504,0.93483,0.517752,31.70432,24.2896,13.653312,8.744256,21.07728
42.5,-120.1,0.0,0.0,0.0,0.0,0.0,0.0,0.0,0.0,0.051136,0.0,0.0,0.0,0.0
42.5,-121.9,0.03,0.02,0.0,0.0,0.251685,0.171785,0.018377,0.0,0.25568,0.204544,0.102272,0.051136,1.9737
42.5,-122.8,0.05,0.03,0.01,0.0,0.385118,0.258077,0.056729,0.0,0.357952,0.25568,0.153408,0.102272,2.96514
42.5,-123.7,0.03,0.02,0.0,0.0,0.242896,0.165393,0.01598,0.0,0.25568,0.153408,0.102272,0.051136,1.90026
43.4,-118.3,0.0,0.0,0.0,0.0,0.0,0.0,0.0,0.0,0.25568,0.204544,0.102272,0.051136,0.0
43.4,-119.2,0.0,0.0,0.0,0.0,0.0,0.0,0.0,0.0,0.102272,0.051136,0.051136,0.051136,0.0
43.4,-120.1,0.0,0.0,0.0,0.0,0.0,0.0,0.0,0.0,0.051136,0.051136,0.0,0.0,0.0
43.4,-121.0,0.0,0.0,0.0,0.0,0.0,0.0,0.0,0.0,0.153408,0.102272,0.051136,0.051136,0.0
43.4,-121.9,0.05,0.03,0.01,0.0,0.41548,0.278851,0.065518,0.000799,0.357952,0.25568,0.153408,0.102272,3.20382
43.4,-122.8,0.03,0.02,0.0,0.0,0.274856,0.186167,0.024769,0.0,0.25568,0.204544,0.102272,0.051136,2.13894
43.4,-123.7,0.0,0.0,0.0,0.0,0.0,0.0,0.0,0.0,0.102272,0.051136,0.051136,0.0,0.0
44.3,-117.4,0.02,0.01,0.0,0.0,0.151011,0.099875,0.0,0.0,0.204544,0.153408,0.102272,0.051136,1.1475
44.3,-118.3,0.0,0.0,0.0,0.0,0.0,0.0,0.0,0.0,0.204544,0.153408,0.102272,0.051136,0.0
44.3,-119.2,0.0,0.0,0.0,0.0,0.0,0.0,0.0,0.0,0.153408,0.102272,0.051136,0.051136,0.0
44.3,-120.1,0.03,0.02,0.0,0.0,0.258077,0.17578,0.019975,0.0,0.25568,0.204544,0.102272,0.051136,2.0196
44.3,-121.0,0.06,0.04,0.01,0.0,0.496978,0.349962,0.092684,0.019975,0.562496,0.409088,0.204544,0.153408,4.02084
44.3,-121.9,0.07,0.05,0.01,0.0,0.534531,0.382721,0.104669,0.028764,0.613632,0.460224,0.25568,0.153408,4.39722
44.3,-122.8,0.03,0.02,0.0,0.0,0.26367,0.178976,0.021573,0.0,0.306816,0.25568,0.153408,0.102272,2.05632
44.3,-123.7,0.0,0.0,0.0,0.0,0.028764,0.014382,0.0,0.0,0.204544,0.153408,0.102272,0.051136,0.16524
45.2,-117.4,0.08,0.06,0.02,0.01,0.645592,0.4794,0.141423,0.054332,0.51136,0.409088,0.25568,0.153408,5.508
45.2,-118.3,0.09,0.06,0.02,0.01,0.694331,0.518551,0.159001,0.064719,0.51136,0.409088,0.25568,0.153408,5.95782
45.2,-119.2,0.05,0.03,0.01,0.0,0.401897,0.269263,0.061523,0.0,0.409088,0.306816,0.153408,0.102272,3.09366
45.2,-120.1,0.05,0.03,0.01,0.0,0.393108,0.26367,0.059126,0.0,0.409088,0.306816,0.153408,0.102272,3.0294
45.2,-121.0,0.06,0.04,0.01,0.0,0.47141,0.32759,0.083895,0.013583,0.460224,0.357952,0.204544,0.102272,3.7638
45.2,-121.9,0.05,0.04,0.01,0.0,0.421872,0.284444,0.067915,0.001598,0.460224,0.357952,0.204544,0.102272,3.26808
45.2,-122.8,0.03,0.02,0.0,0.0,0.20774,0.143021,0.005593,0.0,0.409088,0.306816,0.204544,0.102272,1.64322
45.2,-123.7,0.01,0.01,0.0,0.0,0.109463,0.065518,0.0,0.0,0.306816,0.25568,0.153408,0.102272,0.75276
45.2,-124.6,0.0,0.0,0.0,0.0,0.023171,0.011985,0.0,0.0,0.204544,0.153408,0.102272,0.051136,0.1377
46.1,-123.7,0.01,0.0,0.0,0.0,0.075106,0.037553,0.0,0.0,0.204544,0.153408,0.102272,0.051136,0.43146
39.8,-76.0,0.17,0.13,0.05,0.03,1.375878,1.012333,0.413083,0.200549,6.801088,4.960192,2.607936,1.585216,11.63106
39.8,-76.9,0.18,0.13,0.06,0.03,1.451783,1.067464,0.440249,0.221323,7.107904,5.215872,2.710208,1.636352,12.26448
39.8,-77.8,0.21,0.15,0.06,0.03,1.665915,1.22247,0.516953,0.278851,5.829504,4.295424,2.249984,1.380672,14.0454
39.8,-79.6,0.16,0.12,0.05,0.02,1.290385,0.950011,0.382721,0.177378,3.017024,2.198848,1.124992,0.664768,10.91502
40.7,-76.0,0.18,0.13,0.05,0.03,1.427813,1.049886,0.43146,0.214132,6.238592,4.551104,2.352256,1.431808,12.06252
40.7,-76.9,0.19,0.14,0.06,0.03,1.522894,1.119399,0.465817,0.240499,5.573824,4.09088,2.147712,1.2784,12.86118
40.7,-77.8,0.16,0.12,0.05,0.02,1.295179,0.954006,0.384319,0.178976,3.8352,2.761344,1.431808,0.869312,10.96092
40.7,-78.7,0.12,0.09,0.03,0.01,0.978775,0.724693,0.266067,0.117453,2.81248,1.994304,1.02272,0.613632,8.32626
40.7,-79.6,0.16,0.12,0.05,0.02,1.264018,0.931634,0.373133,0.170986,3.426112,2.454528,1.2784,0.76704,10.70388
40.7,-80.5,0.16,0.12,0.05,0.02,1.29438,0.953207,0.384319,0.178976,3.988608,2.863616,1.482944,0.869312,10.95174
41.6,-75.1,0.15,0.11,0.04,0.02,1.215279,0.895679,0.354756,0.161398,4.142016,3.017024,1.53408,0.920448,10.29078
41.6,-76.0,0.16,0.12,0.05,0.02,1.295179,0.953207,0.384319,0.178976,4.704512,3.426112,1.78976,1.073856,10.95174
41.6,-76.9,0.16,0.12,0.05,0.02,1.296777,0.955604,0.385118,0.179775,4.142016,2.965888,1.53408,0.920448,10.97928
41.6,-77.8,0.12,0.09,0.03,0.01,0.922046,0.683145,0.244494,0.107066,2.761344,1.994304,1.02272,0.613632,7.8489
41.6,-78.7,0.09,0.07,0.02,0.01,0.749462,0.558501,0.179775,0.075106,2.352256,1.687488,0.818176,0.51136,6.41682
41.6,-79.6,0.12,0.09,0.03,0.01,0.939624,0.695929,0.250886,0.110262,2.710208,1.994304,1.02272,0.613632,7.99578
41.6,-80.5,0.15,0.11,0.04,0.02,1.203294,0.887689,0.350761,0.159001,2.965888,2.147712,1.124992,0.664768,10.19898
41.6,-71.5,0.1,0.08,0.03,0.01,0.813382,0.604843,0.203745,0.087091,1.636352,1.227264,0.613632,0.409088,6.94926
32.6,-78.7,0.1,0.08,0.03,0.01,0.80699,0.600049,0.201348,0.085493,2.403392,1.738624,0.869312,0.51136,6.89418
32.6,-79.6,0.17,0.13,0.05,0.03,1.378275,1.013931,0.413882,0.201348,3.681792,2.710208,1.431808,0.920448,11.64942
32.6,-80.5,0.22,0.16,0.07,0.04,1.745016,1.279199,0.545717,0.299625,5.676096,4.193152,2.30112,1.431808,14.69718
32.6,-81.4,0.22,0.16,0.07,0.04,1.772981,1.303169,0.5593,0.308414,6.443136,4.806784,2.607936,1.636352,14.97258
33.5,-78.7,0.18,0.13,0.05,0.03,1.407838,1.035504,0.424269,0.209338,5.267008,3.886336,2.04544,1.2784,11.89728
33.5,-79.6,0.22,0.17,0.07,0.04,1.78976,1.31835,0.570486,0.314007,7.772672,5.778368,3.170432,1.943168,15.147
33.5,-80.5,0.23,0.17,0.07,0.04,1.82172,1.347913,0.59126,0.324394,8.43744,6.289728,3.426112,2.147712,15.48666
33.5,-81.4,0.22,0.16,0.07,0.04,1.776976,1.306365,0.562496,0.310012,6.90336,5.1136,2.761344,1.738624,15.0093
34.4,-79.6,0.23,0.17,0.08,0.04,1.836102,1.361496,0.600049,0.329188,8.9488,6.64768,3.630656,2.249984,15.64272
34.4,-80.5,0.23,0.17,0.08,0.04,1.871258,1.394255,0.62322,0.341173,8.9488,6.698816,3.630656,2.249984,16.0191
34.4,-81.4,0.23,0.17,0.07,0.04,1.824117,1.35031,0.592858,0.325193,7.363584,5.471552,2.965888,1.840896,15.5142
34.4,-82.3,0.22,0.16,0.07,0.04,1.760996,1.291184,0.55131,0.304419,5.676096,4.244288,2.30112,1.431808,14.83488
43.4,-102.1,0.29,0.22,0.11,0.06,2.294728,1.754604,0.876503,0.476204,15.801024,12.323776,7.15904,4.653376,20.15928
43.4,-103.0,0.3,0.22,0.11,0.06,2.359447,1.788162,0.901272,0.493782,12.170368,9.511296,5.573824,3.681792,20.54484
43.4,-103.9,0.28,0.22,0.11,0.06,2.260371,1.736227,0.86292,0.467415,7.15904,5.62496,3.32384,2.198848,19.94814
43.4,-96.7,0.24,0.18,0.08,0.04,1.902419,1.423019,0.643994,0.35156,8.846528,6.64768,3.630656,2.30112,16.34958
43.4,-97.6,0.26,0.2,0.1,0.05,2.089385,1.597201,0.765442,0.413083,10.789696,8.232896,4.551104,2.914752,18.35082
43.4,-98.5,0.28,0.21,0.11,0.06,2.217225,1.713056,0.84694,0.45543,12.374912,9.511296,5.318144,3.426112,19.68192
44.3,-102.1,0.29,0.22,0.11,0.06,2.278748,1.745815,0.870111,0.472209,9.97152,7.874944,4.653376,3.06816,20.0583
44.3,-103.0,0.31,0.23,0.12,0.06,2.446538,1.833705,0.93483,0.516953,9.766976,7.6704,4.60224,3.06816,21.0681
44.3,-103.9,0.3,0.23,0.12,0.06,2.410583,1.814529,0.920448,0.507365,7.312448,5.829504,3.528384,2.352256,20.84778
44.3,-96.7,0.24,0.18,0.08,0.05,1.954354,1.471758,0.677552,0.368339,7.619264,5.778368,3.170432,1.994304,16.90956
44.3,-97.6,0.25,0.19,0.09,0.05,1.984716,1.500522,0.697527,0.378726,7.721536,5.88064,3.272704,2.04544,17.24004
44.3,-98.5,0.26,0.2,0.09,0.05,2.058224,1.568437,0.744668,0.402696,8.897664,6.749952,3.784064,2.403392,18.02034
45.2,-100.3,0.26,0.2,0.09,0.05,2.051033,1.562045,0.740673,0.401098,9.306752,7.15904,4.09088,2.607936,17.9469
45.2,-101.2,0.26,0.2,0.1,0.05,2.110958,1.617176,0.779824,0.420274,9.613568,7.41472,4.295424,2.761344,18.58032
45.2,-102.1,0.28,0.22,0.11,0.06,2.245989,1.729036,0.858126,0.46342,8.539712,6.749952,4.039744,2.659072,19.86552
45.2,-103.0,0.28,0.22,0.11,0.06,2.268361,1.740222,0.866116,0.469013,6.852224,5.522688,3.32384,2.249984,19.99404
45.2,-103.9,0.28,0.21,0.11,0.06,2.223617,1.717051,0.849337,0.457028,5.1136,4.09088,2.454528,1.636352,19.72782
45.2,-96.7,0.23,0.17,0.07,0.04,1.823318,1.349511,0.592059,0.325193,7.619264,5.727232,3.170432,1.994304,15.50502
45.2,-97.6,0.23,0.17,0.08,0.04,1.872856,1.395853,0.624818,0.341972,7.568128,5.676096,3.119296,1.994304,16.03746
45.2,-98.5,0.24,0.18,0.08,0.05,1.950359,1.467763,0.675155,0.36754,7.92608,5.982912,3.32384,2.096576,16.86366
45.2,-99.4,0.26,0.19,0.09,0.05,2.041445,1.553256,0.734281,0.397902,8.43744,6.443136,3.630656,2.352256,17.84592
46.1,-101.2,0.26,0.2,0.1,0.05,2.091782,1.599598,0.76704,0.414681,8.795392,6.852224,3.988608,2.607936,18.37836
46.1,-102.1,0.27,0.21,0.1,0.05,2.145315,1.649935,0.802196,0.432259,7.465856,5.829504,3.477248,2.30112,18.9567
35.3,-85.0,0.21,0.16,0.07,0.04,1.702669,1.248837,0.530536,0.288439,6.13632,4.499968,2.403392,1.482944,14.34834
35.3,-85.9,0.24,0.18,0.08,0.04,1.889635,1.411833,0.635205,0.347565,8.18176,6.034048,3.221568,1.994304,16.22106
35.3,-86.8,0.28,0.21,0.11,0.06,2.218823,1.714654,0.84694,0.45543,10.891968,8.079488,4.34656,2.710208,19.70028
35.3,-87.7,0.27,0.21,0.1,0.06,2.193255,1.69388,0.832558,0.44744,12.732864,9.46016,5.1136,3.170432,19.4616
35.3,-88.6,0.24,0.18,0.08,0.05,1.947163,1.464567,0.672758,0.365942,11.965824,8.846528,4.806784,2.965888,16.82694
35.3,-89.5,0.22,0.17,0.07,0.04,1.792157,1.320747,0.572084,0.314806,9.71584,7.107904,3.784064,2.30112,15.17454
36.2,-82.3,0.16,0.12,0.05,0.02,1.272008,0.937227,0.376329,0.172584,3.374976,2.454528,1.329536,0.818176,10.76814
36.2,-83.2,0.16,0.12,0.05,0.02,1.28639,0.947614,0.381123,0.176579,3.32384,2.454528,1.2784,0.818176,10.88748
36.2,-84.1,0.19,0.14,0.06,0.03,1.47815,1.08664,0.449837,0.228514,4.806784,3.528384,1.892032,1.124992,12.4848
36.2,-85.0,0.22,0.16,0.07,0.04,1.744217,1.279199,0.544918,0.299625,6.289728,4.60224,2.454528,1.482944,14.69718
36.2,-85.9,0.24,0.18,0.08,0.04,1.896027,1.417426,0.6392,0.349163,8.386304,6.187456,3.32384,2.04544,16.28532
36.2,-86.8,0.25,0.19,0.09,0.05,2.015877,1.529286,0.717502,0.389113,10.99424,8.130624,4.34656,2.710208,17.57052
36.2,-87.7,0.25,0.19,0.09,0.05,1.984716,1.500522,0.697527,0.378726,11.863552,8.744256,4.704512,2.914752,17.24004
36.2,-88.6,0.23,0.17,0.08,0.04,1.872057,1.395054,0.624019,0.341173,11.045376,8.130624,4.34656,2.710208,16.02828
36.2,-89.5,0.22,0.16,0.07,0.04,1.770584,1.300772,0.557702,0.307615,8.999936,6.596544,3.528384,2.198848,14.94504
26.3,-96.7,0.23,0.17,0.08,0.04,1.855278,1.379873,0.613632,0.33558,3.017024,2.352256,1.380672,0.920448,15.85386
26.3,-97.6,0.28,0.21,0.11,0.06,2.210833,1.70986,0.844543,0.453832,5.267008,4.142016,2.454528,1.636352,19.6452
26.3,-98.5,0.28,0.21,0.11,0.06,2.211632,1.710659,0.844543,0.453832,7.210176,5.676096,3.32384,2.198848,19.65438
27.2,-96.7,0.24,0.18,0.08,0.05,1.931183,1.450185,0.662371,0.361148,4.244288,3.32384,1.943168,1.2784,16.6617
27.2,-97.6,0.28,0.21,0.11,0.06,2.211632,1.710659,0.844543,0.453832,6.443136,5.062464,2.965888,1.943168,19.65438
27.2,-98.5,0.28,0.21,0.11,0.06,2.224416,1.717051,0.849337,0.457028,8.43744,6.64768,3.886336,2.505664,19.72782
27.2,-99.4,0.24,0.18,0.08,0.04,1.912806,1.432607,0.650386,0.354756,6.954496,5.36928,3.06816,1.994304,16.45974
28.1,-94.9,0.19,0.14,0.06,0.03,1.525291,1.120198,0.466616,0.240499,3.170432,2.352256,1.2784,0.76704,12.87036
28.1,-95.8,0.23,0.17,0.07,0.04,1.801745,1.329536,0.578476,0.318002,3.784064,2.914752,1.636352,1.02272,15.27552
28.1,-96.7,0.24,0.18,0.08,0.05,1.927987,1.446989,0.660773,0.35955,4.755648,3.681792,2.096576,1.329536,16.62498
28.1,-97.6,0.27,0.2,0.1,0.05,2.126139,1.631558,0.789412,0.425867,7.261312,5.62496,3.221568,2.04544,18.74556
28.1,-98.5,0.28,0.22,0.11,0.06,2.237999,1.724242,0.85493,0.461023,9.97152,7.772672,4.499968,2.914752,19.81044
28.1,-99.4,0.28,0.22,0.11,0.06,2.236401,1.723443,0.854131,0.460224,10.99424,8.590848,4.960192,3.221568,19.80126
29.0,-100.3,0.28,0.22,0.11,0.06,2.238798,1.725041,0.85493,0.461023,14.624896,11.301056,6.494272,4.193152,19.81962
29.0,-94.0,0.25,0.19,0.09,0.05,1.999098,1.513306,0.706316,0.38352,4.244288,3.221568,1.78976,1.124992,17.38692
29.0,-94.9,0.24,0.18,0.08,0.05,1.934379,1.452582,0.663969,0.361947,5.88064,4.448832,2.403392,1.482944,16.68924
29.0,-95.8,0.23,0.17,0.07,0.04,1.830509,1.356702,0.596853,0.32759,6.545408,4.909056,2.607936,1.636352,15.58764
29.0,-96.7,0.25,0.19,0.09,0.05,2.017475,1.530085,0.718301,0.389912,6.289728,4.806784,2.710208,1.738624,17.5797
29.0,-97.6,0.28,0.22,0.11,0.06,2.231607,1.721046,0.852533,0.459425,8.488576,6.596544,3.784064,2.454528,19.77372
29.0,-98.5,0.3,0.22,0.11,0.06,2.362643,1.78976,0.902071,0.494581,11.965824,9.306752,5.420416,3.528384,20.5632
29.0,-99.4,0.3,0.23,0.11,0.06,2.390608,1.804941,0.913257,0.501772,15.238528,11.812416,6.852224,4.448832,20.73762
29.9,-100.3,0.29,0.22,0.11,0.06,2.304316,1.759398,0.880498,0.478601,19.380544,14.931712,8.539712,5.522688,20.21436
29.9,-101.2,0.28,0.22,0.11,0.06,2.275552,1.744217,0.869312,0.47141,17.335104,13.397632,7.6704,4.960192,20.03994
29.9,-102.1,0.26,0.2,0.1,0.05,2.095777,1.603593,0.769437,0.41548,14.778304,11.301056,6.340864,4.039744,18.42426
29.9,-103.0,0.22,0.16,0.07,0.04,1.760996,1.291983,0.552109,0.304419,8.9488,6.801088,3.732928,2.352256,14.84406
29.9,-103.9,0.14,0.11,0.04,0.02,1.152957,0.850935,0.331585,0.150212,2.352256,1.78976,0.971584,0.613632,9.7767
29.9,-94.0,0.28,0.21,0.11,0.06,2.222019,1.716252,0.848538,0.456229,7.6704,5.931776,3.374976,2.147712,19.71864
29.9,-94.9,0.28,0.21,0.11,0.06,2.210833,1.710659,0.844543,0.453832,9.46016,7.056768,3.784064,2.30112,19.65438
29.9,-95.8,0.24,0.18,0.08,0.04,1.904816,1.425416,0.644793,0.352359,9.97152,7.363584,3.886336,2.352256,16.37712
29.9,-96.7,0.26,0.2,0.1,0.05,2.100571,1.607588,0.772633,0.417078,8.897664,6.749952,3.732928,2.352256,18.47016
29.9,-97.6,0.28,0.22,0.11,0.06,2.252381,1.732232,0.859724,0.465018,10.48288,7.977216,4.499968,2.914752,19.90224
29.9,-98.5,0.31,0.23,0.12,0.07,2.464915,1.843293,0.941222,0.522546,15.08512,11.556736,6.64768,4.295424,21.17826
29.9,-99.4,0.3,0.23,0.12,0.06,2.407387,1.81373,0.919649,0.506566,20.556672,15.801024,9.051072,5.829504,20.8386
30.8,-100.3,0.29,0.22,0.11,0.06,2.286738,1.74981,0.873307,0.473807,21.7328,16.6192,9.357888,5.982912,20.1042
30.8,-101.2,0.29,0.22,0.11,0.06,2.293929,1.753805,0.876503,0.476204,21.22144,16.261248,9.255616,5.931776,20.1501
30.8,-102.1,0.29,0.22,0.11,0.06,2.299522,1.757001,0.878101,0.477802,23.471424,18.15328,10.431744,6.749952,20.18682
30.8,-103.0,0.28,0.22,0.11,0.06,2.262768,1.737825,0.864518,0.467415,17.590784,13.602176,7.772672,5.011328,19.9665
30.8,-103.9,0.24,0.18,0.08,0.04,1.897625,1.419024,0.640798,0.349962,6.954496,5.318144,2.965888,1.892032,16.30368
30.8,-104.8,0.12,0.09,0.03,0.01,0.932433,0.691135,0.248489,0.108664,1.431808,1.073856,0.613632,0.357952,7.9407
30.8,-105.7,0.16,0.12,0.05,0.02,1.253631,0.923644,0.369138,0.168589,0.971584,0.76704,0.460224,0.306816,10.61208
30.8,-94.0,0.23,0.17,0.08,0.04,1.847288,1.372682,0.608039,0.333183,7.977216,5.931776,3.221568,1.994304,15.77124
30.8,-94.9,0.23,0.17,0.08,0.04,1.843293,1.367888,0.604843,0.331585,9.46016,7.056768,3.784064,2.352256,15.71616
30.8,-95.8,0.23,0.17,0.07,0.04,1.830509,1.356702,0.596853,0.32759,10.534016,7.823808,4.193152,2.607936,15.58764
30.8,-96.7,0.25,0.19,0.09,0.05,2.006289,1.520497,0.71111,0.385917,11.812416,8.846528,4.85792,3.017024,17.46954
30.8,-97.6,0.3,0.22,0.11,0.06,2.360246,1.788961,0.901272,0.493782,16.056704,12.170368,6.801088,4.295424,20.55402
30.8,-98.5,0.31,0.23,0.12,0.07,2.475302,1.848886,0.945217,0.524943,22.960064,17.539648,9.920384,6.340864,21.24252
30.8,-99.4,0.29,0.22,0.11,0.06,2.345065,1.780971,0.895679,0.489787,24.80096,19.022592,10.789696,6.90336,20.46222
31.7,-100.3,0.31,0.23,0.12,0.06,2.448136,1.834504,0.93483,0.517752,27.10208,20.658944,11.607872,7.41472,21.07728
31.7,-101.2,0.29,0.22,0.11,0.06,2.316301,1.76579,0.884493,0.481797,27.920256,21.323712,12.01696,7.6704,20.2878
31.7,-102.1,0.29,0.22,0.11,0.06,2.305914,1.760197,0.880498,0.4794,24.443008,18.715776,10.585152,6.801088,20.22354
31.7,-103.0,0.28,0.22,0.11,0.06,2.265964,1.739423,0.865317,0.469013,16.312384,12.579456,7.210176,4.653376,19.98486
31.7,-103.9,0.26,0.2,0.09,0.05,2.058224,1.568437,0.744668,0.402696,8.590848,6.596544,3.784064,2.403392,18.02034
31.7,-104.8,0.18,0.13,0.05,0.03,1.437401,1.057077,0.435455,0.217328,3.630656,2.761344,1.53408,0.971584,12.14514
31.7,-105.7,0.2,0.15,0.06,0.03,1.617975,1.187314,0.500174,0.266067,2.04544,1.585216,0.920448,0.613632,13.64148
31.7,-94.0,0.24,0.18,0.08,0.05,1.935977,1.45418,0.665567,0.362746,7.92608,5.931776,3.221568,1.994304,16.7076
31.7,-94.9,0.24,0.18,0.08,0.04,1.888836,1.410235,0.634406,0.346766,9.051072,6.749952,3.681792,2.30112,16.2027
31.7,-95.8,0.24,0.18,0.08,0.04,1.905615,1.426215,0.645592,0.352359,11.863552,8.846528,4.806784,3.017024,16.3863
31.7,-96.7,0.27,0.2,0.1,0.05,2.129335,1.633955,0.79101,0.426666,14.266944,10.687424,5.88064,3.681792,18.7731
31.7,-97.6,0.29,0.22,0.11,0.06,2.331482,1.77378,0.890086,0.485792,20.812352,15.698752,8.69312,5.522688,20.3796
31.7,-98.5,0.31,0.23,0.12,0.07,2.46092,1.841695,0.940423,0.520948,27.153216,20.812352,11.76128,7.516992,21.1599
31.7,-99.4,0.32,0.24,0.12,0.07,2.530433,1.878449,0.96679,0.540124,28.227072,21.630528,12.27264,7.874944,21.58218
32.6,-100.3,0.31,0.23,0.12,0.07,2.464116,1.843293,0.941222,0.521747,38.198592,29.300928,16.568064,10.636288,21.17826
32.6,-101.2,0.3,0.23,0.11,0.06,2.397799,1.808137,0.915654,0.504169,36.102016,27.766848,15.85216,10.176064,20.77434
32.6,-102.1,0.3,0.23,0.11,0.06,2.395402,1.807338,0.914855,0.50337,27.766848,21.323712,12.170368,7.823808,20.76516
32.6,-94.9,0.26,0.19,0.09,0.05,2.040646,1.552457,0.733482,0.397103,10.329472,7.772672,4.244288,2.659072,17.83674
32.6,-95.8,0.28,0.22,0.11,0.06,2.230009,1.720247,0.851734,0.458626,13.448768,10.073792,5.573824,3.477248,19.76454
32.6,-96.7,0.34,0.25,0.13,0.07,2.744565,1.990309,1.048288,0.597652,19.789632,14.880576,8.18176,5.164736,22.86738
32.6,-97.6,0.35,0.25,0.13,0.08,2.778123,2.007887,1.061072,0.606441,26.59072,20.096448,11.24992,7.15904,23.06934
32.6,-98.5,0.31,0.23,0.12,0.07,2.458523,1.840097,0.938825,0.520149,30.42592,23.215744,13.090816,8.386304,21.14154
32.6,-99.4,0.33,0.24,0.13,0.07,2.627911,1.928786,1.003544,0.565692,34.414528,26.283904,14.82944,9.511296,22.16052
33.5,-100.3,0.31,0.23,0.12,0.06,2.440945,1.831308,0.932433,0.515355,41.011072,31.653184,18.051008,11.607872,21.04056
33.5,-101.2,0.31,0.23,0.12,0.06,2.451332,1.836102,0.936428,0.518551,39.11904,30.016832,16.977152,10.891968,21.09564
33.5,-102.1,0.31,0.23,0.12,0.07,2.478498,1.850484,0.946815,0.525742,31.70432,24.340736,13.80672,8.846528,21.26088
33.5,-103.0,0.29,0.22,0.11,0.06,2.308311,1.761795,0.882096,0.480199,22.960064,17.744192,10.2272,6.596544,20.2419
33.5,-94.9,0.25,0.19,0.09,0.05,2.012681,1.525291,0.715105,0.387515,12.374912,9.306752,5.062464,3.170432,17.52462
33.5,-95.8,0.28,0.21,0.1,0.06,2.198049,1.698674,0.836553,0.449837,15.136256,11.301056,6.13632,3.8352,19.51668
33.5,-96.7,0.32,0.24,0.12,0.07,2.595951,1.912007,0.991559,0.557702,22.704384,17.079424,9.46016,5.982912,21.96774
33.5,-97.6,0.33,0.24,0.13,0.07,2.671057,1.951957,1.020323,0.577677,28.789568,21.783936,12.170368,7.721536,22.42674
33.5,-98.5,0.31,0.23,0.12,0.06,2.448136,1.834504,0.93483,0.517752,30.119104,22.960064,12.886272,8.18176,21.07728
33.5,-99.4,0.31,0.23,0.12,0.07,2.463317,1.842494,0.941222,0.521747,36.204288,27.766848,15.698752,10.073792,21.16908
34.4,-100.3,0.33,0.24,0.13,0.07,2.618323,1.924791,1.000348,0.563295,40.857664,31.755456,18.357824,11.863552,22.11462
34.4,-101.2,0.33,0.24,0.12,0.07,2.599946,1.914404,0.993157,0.558501,38.454272,30.016832,17.437376,11.352192,21.99528
34.4,-102.1,0.31,0.23,0.12,0.07,2.487287,1.855278,0.950011,0.528139,31.19296,24.2896,14.113536,9.20448,21.31596
34.4,-103.0,0.29,0.22,0.11,0.06,2.327487,1.771383,0.889287,0.484993,21.374848,16.6192,9.613568,6.238592,20.35206
35.3,-100.3,0.33,0.24,0.13,0.07,2.638298,1.934379,1.008338,0.568888,40.090624,31.499776,18.40896,12.068096,22.22478
35.3,-101.2,0.32,0.24,0.12,0.07,2.587961,1.908012,0.988363,0.555305,36.664512,28.687296,16.721472,10.891968,21.92184
35.3,-102.1,0.3,0.23,0.11,0.06,2.377824,1.79775,0.908463,0.498576,27.817984,21.528256,12.323776,7.977216,20.655
36.2,-100.3,0.32,0.24,0.12,0.07,2.586363,1.907213,0.987564,0.554506,31.857728,24.596416,14.0624,9.102208,21.91266
36.2,-101.2,0.31,0.23,0.12,0.07,2.468111,1.844891,0.94282,0.522546,25.31232,19.585088,11.24992,7.261312,21.19662
36.2,-102.1,0.28,0.22,0.11,0.06,2.263567,1.737825,0.864518,0.468214,18.15328,13.908992,7.874944,5.011328,19.9665
37.1,-112.0,0.05,0.04,0.01,0.0,0.420274,0.282047,0.067116,0.001598,0.664768,0.460224,0.25568,0.153408,3.24054
37.1,-112.9,0.05,0.03,0.01,0.0,0.393108,0.26367,0.059126,0.0,0.664768,0.460224,0.25568,0.153408,3.0294
37.1,-113.8,0.07,0.05,0.02,0.0,0.581672,0.42347,0.120649,0.039151,0.76704,0.562496,0.306816,0.204544,4.8654
38.0,-109.3,0.03,0.02,0.0,0.0,0.262871,0.178177,0.021573,0.0,0.25568,0.153408,0.102272,0.051136,2.04714
38.0,-110.2,0.06,0.04,0.01,0.0,0.469812,0.325992,0.083895,0.012784,0.460224,0.357952,0.204544,0.102272,3.74544
38.0,-111.1,0.06,0.04,0.01,0.0,0.488189,0.341972,0.089488,0.017578,0.664768,0.460224,0.25568,0.153408,3.92904
38.0,-112.0,0.05,0.03,0.01,0.0,0.361148,0.242896,0.050337,0.0,0.562496,0.409088,0.204544,0.153408,2.79072
38.0,-112.9,0.04,0.03,0.0,0.0,0.298027,0.201348,0.03196,0.0,0.51136,0.357952,0.204544,0.102272,2.31336
38.0,-113.8,0.05,0.03,0.01,0.0,0.386716,0.259675,0.057528,0.0,0.562496,0.409088,0.204544,0.102272,2.9835
38.9,-109.3,0.04,0.03,0.01,0.0,0.340374,0.229313,0.043945,0.0,0.306816,0.204544,0.102272,0.102272,2.63466
38.9,-110.2,0.07,0.05,0.01,0.0,0.532933,0.381123,0.104669,0.027965,0.613632,0.460224,0.25568,0.153408,4.37886
38.9,-111.1,0.06,0.04,0.01,0.0,0.465817,0.321997,0.082297,0.011985,0.51136,0.409088,0.204544,0.102272,3.69954
38.9,-112.0,0.04,0.02,0.0,0.0,0.281248,0.190162,0.027166,0.0,0.357952,0.25568,0.153408,0.102272,2.18484
38.9,-112.9,0.04,0.02,0.0,0.0,0.286042,0.194157,0.027965,0.0,0.357952,0.25568,0.153408,0.102272,2.23074
38.9,-113.8,0.02,0.02,0.0,0.0,0.196554,0.13583,0.002397,0.0,0.25568,0.153408,0.102272,0.051136,1.5606
39.8,-110.2,0.06,0.05,0.01,0.0,0.512159,0.363545,0.097478,0.023171,0.51136,0.357952,0.204544,0.102272,4.1769
39.8,-111.1,0.05,0.04,0.01,0.0,0.434656,0.29563,0.07191,0.004794,0.460224,0.357952,0.153408,0.102272,3.3966
39.8,-112.0,0.05,0.03,0.01,0.0,0.373932,0.250886,0.053533,0.0,0.51136,0.357952,0.204544,0.102272,2.88252
39.8,-112.9,0.05,0.03,0.01,0.0,0.365143,0.245293,0.051136,0.0,0.51136,0.357952,0.204544,0.102272,2.81826
40.7,-109.3,0.02,0.02,0.0,0.0,0.190162,0.131036,0.000799,0.0,0.204544,0.153408,0.051136,0.051136,1.50552
40.7,-110.2,0.03,0.02,0.0,0.0,0.248489,0.169388,0.017578,0.0,0.25568,0.153408,0.102272,0.051136,1.94616
40.7,-111.1,0.04,0.03,0.01,0.0,0.353158,0.237303,0.04794,0.0,0.460224,0.357952,0.204544,0.102272,2.72646
40.7,-112.0,0.07,0.05,0.01,0.0,0.556104,0.401098,0.11186,0.033558,0.920448,0.664768,0.357952,0.204544,4.60836
40.7,-112.9,0.09,0.07,0.02,0.01,0.705517,0.526541,0.162996,0.066317,1.02272,0.76704,0.409088,0.25568,6.04962
40.7,-113.8,0.1,0.07,0.02,0.01,0.763045,0.568089,0.184569,0.077503,0.920448,0.715904,0.357952,0.25568,6.52698
41.6,-111.1,0.05,0.03,0.01,0.0,0.365143,0.245293,0.051136,0.0,0.460224,0.357952,0.153408,0.102272,2.81826
41.6,-112.0,0.06,0.04,0.01,0.0,0.461822,0.318801,0.080699,0.011186,0.76704,0.562496,0.25568,0.153408,3.66282
41.6,-112.9,0.07,0.05,0.01,0.0,0.536928,0.385118,0.105468,0.028764,0.920448,0.664768,0.357952,0.204544,4.42476
41.6,-113.8,0.08,0.06,0.02,0.01,0.608039,0.446641,0.129438,0.045543,0.920448,0.715904,0.357952,0.204544,5.13162
37.1,-75.1,0.08,0.06,0.02,0.01,0.62322,0.460224,0.134232,0.048739,1.482944,1.073856,0.562496,0.306816,5.28768
37.1,-76.0,0.12,0.09,0.03,0.02,0.997152,0.738276,0.272459,0.120649,3.32384,2.403392,1.227264,0.76704,8.48232
37.1,-76.9,0.17,0.13,0.05,0.02,1.371084,1.008338,0.411485,0.198951,5.164736,3.784064,1.994304,1.227264,11.58516
37.1,-77.8,0.22,0.16,0.07,0.04,1.71785,1.260023,0.53533,0.292434,6.085184,4.499968,2.403392,1.482944,14.47686
37.1,-78.7,0.21,0.16,0.07,0.04,1.705865,1.251234,0.531335,0.289238,5.471552,4.039744,2.147712,1.329536,14.37588
37.1,-79.6,0.19,0.14,0.06,0.03,1.479748,1.087439,0.450636,0.228514,4.551104,3.374976,1.738624,1.073856,12.49398
37.1,-80.5,0.16,0.12,0.05,0.02,1.292782,0.952408,0.38352,0.178177,3.477248,2.5568,1.329536,0.76704,10.94256
37.1,-81.4,0.18,0.13,0.05,0.03,1.440597,1.059474,0.436254,0.218127,3.57952,2.659072,1.380672,0.869312,12.17268
37.1,-82.3,0.19,0.14,0.06,0.03,1.548462,1.137776,0.475405,0.246891,4.039744,3.017024,1.636352,1.02272,13.07232
38.0,-75.1,0.09,0.07,0.02,0.01,0.742271,0.552908,0.176579,0.073508,1.687488,1.227264,0.613632,0.357952,6.35256
38.0,-76.9,0.22,0.16,0.07,0.04,1.734629,1.272008,0.541722,0.297228,6.852224,5.062464,2.710208,1.687488,14.61456
38.0,-77.8,0.23,0.17,0.07,0.04,1.819323,1.345516,0.589662,0.323595,6.801088,5.1136,2.761344,1.738624,15.45912
38.0,-78.7,0.2,0.15,0.06,0.03,1.583618,1.162545,0.48739,0.256479,3.8352,2.863616,1.53408,0.971584,13.3569
38.0,-79.6,0.14,0.1,0.04,0.02,1.117801,0.825367,0.318002,0.143021,2.198848,1.636352,0.869312,0.51136,9.48294
38.9,-77.8,0.22,0.16,0.07,0.04,1.74981,1.283194,0.547315,0.301223,8.232896,6.085184,3.221568,1.994304,14.74308
38.9,-78.7,0.19,0.14,0.06,0.03,1.486939,1.092233,0.453033,0.230112,4.142016,3.06816,1.636352,1.02272,12.54906
44.3,-72.4,0.11,0.08,0.03,0.01,0.856528,0.636004,0.219725,0.095081,1.738624,1.2784,0.664768,0.409088,7.30728
44.3,-73.3,0.11,0.08,0.03,0.01,0.867714,0.643994,0.22372,0.096679,2.096576,1.53408,0.818176,0.51136,7.39908
46.1,-117.4,0.09,0.07,0.02,0.01,0.722296,0.538526,0.169388,0.069513,0.664768,0.51136,0.306816,0.204544,6.18732
46.1,-118.3,0.07,0.05,0.01,0.0,0.558501,0.403495,0.112659,0.034357,0.460224,0.357952,0.204544,0.153408,4.6359
46.1,-119.2,0.03,0.02,0.0,0.0,0.241298,0.164594,0.015181,0.0,0.306816,0.25568,0.153408,0.102272,1.89108
46.1,-120.1,0.0,0.0,0.0,0.0,0.0,0.0,0.0,0.0,0.204544,0.153408,0.051136,0.051136,0.0
46.1,-121.0,0.02,0.01,0.0,0.0,0.147016,0.09588,0.0,0.0,0.204544,0.153408,0.102272,0.051136,1.1016
46.1,-121.9,0.02,0.01,0.0,0.0,0.139026,0.089488,0.0,0.0,0.204544,0.153408,0.102272,0.051136,1.02816
46.1,-122.8,0.02,0.01,0.0,0.0,0.145418,0.095081,0.0,0.0,0.306816,0.204544,0.102272,0.102272,1.09242
46.1,-124.6,0.0,0.0,0.0,0.0,0.002397,0.000799,0.0,0.0,0.102272,0.102272,0.051136,0.051136,0.00918
47.0,-117.4,0.03,0.02,0.0,0.0,0.22372,0.153408,0.010387,0.0,0.306816,0.25568,0.102272,0.102272,1.76256
47.0,-118.3,0.02,0.01,0.0,0.0,0.132634,0.083895,0.0,0.0,0.25568,0.204544,0.102272,0.051136,0.9639
47.0,-119.2,0.01,0.0,0.0,0.0,0.041548,0.020774,0.0,0.0,0.204544,0.153408,0.102272,0.051136,0.23868
47.0,-120.1,0.01,0.0,0.0,0.0,0.060724,0.030362,0.0,0.0,0.204544,0.153408,0.051136,0.051136,0.34884
47.0,-121.0,0.04,0.03,0.0,0.0,0.321198,0.216529,0.038352,0.0,0.306816,0.204544,0.102272,0.051136,2.48778
47.0,-121.9,0.04,0.02,0.0,0.0,0.288439,0.195755,0.028764,0.0,0.357952,0.25568,0.153408,0.102272,2.2491
47.0,-122.8,0.02,0.01,0.0,0.0,0.166991,0.112659,0.0,0.0,0.306816,0.25568,0.153408,0.102272,1.29438
47.0,-123.7,0.01,0.01,0.0,0.0,0.084694,0.045543,0.0,0.0,0.25568,0.204544,0.102272,0.051136,0.52326
47.0,-124.6,0.0,0.0,0.0,0.0,0.0,0.0,0.0,0.0,0.102272,0.102272,0.051136,0.051136,0.0
47.9,-117.4,0.02,0.01,0.0,0.0,0.136629,0.08789,0.0,0.0,0.204544,0.153408,0.102272,0.051136,1.0098
47.9,-118.3,0.01,0.01,0.0,0.0,0.091885,0.051136,0.0,0.0,0.153408,0.102272,0.051136,0.051136,0.58752
47.9,-119.2,0.0,0.0,0.0,0.0,0.032759,0.01598,0.0,0.0,0.153408,0.102272,0.051136,0.051136,0.1836
47.9,-120.1,0.02,0.02,0.0,0.0,0.181373,0.124644,0.0,0.0,0.204544,0.153408,0.102272,0.051136,1.43208
47.9,-121.0,0.04,0.03,0.01,0.0,0.337977,0.227715,0.043146,0.0,0.357952,0.25568,0.153408,0.102272,2.6163
47.9,-121.9,0.04,0.03,0.0,0.0,0.307615,0.20774,0.034357,0.0,0.409088,0.306816,0.153408,0.102272,2.3868
47.9,-122.8,0.02,0.02,0.0,0.0,0.180574,0.123845,0.0,0.0,0.357952,0.25568,0.153408,0.102272,1.4229
47.9,-123.7,0.01,0.01,0.0,0.0,0.111061,0.066317,0.0,0.0,0.25568,0.204544,0.102272,0.102272,0.76194
47.9,-124.6,0.0,0.0,0.0,0.0,0.015181,0.007191,0.0,0.0,0.25568,0.204544,0.102272,0.051136,0.08262
48.8,-119.2,0.0,0.0,0.0,0.0,0.0,0.0,0.0,0.0,0.102272,0.102272,0.051136,0.051136,0.0
48.8,-120.1,0.0,0.0,0.0,0.0,0.0,0.0,0.0,0.0,0.153408,0.102272,0.051136,0.051136,0.0
48.8,-121.9,0.02,0.02,0.0,0.0,0.194956,0.134232,0.002397,0.0,0.306816,0.204544,0.102272,0.102272,1.54224
48.8,-122.8,0.02,0.02,0.0,0.0,0.180574,0.123845,0.0,0.0,0.306816,0.25568,0.153408,0.102272,1.4229
42.5,-88.6,0.23,0.17,0.07,0.04,1.824117,1.35031,0.592858,0.325193,7.516992,5.573824,2.965888,1.840896,15.5142
42.5,-90.4,0.23,0.17,0.08,0.04,1.855278,1.379873,0.612833,0.33558,6.64768,5.011328,2.761344,1.738624,15.85386
43.4,-87.7,0.2,0.15,0.06,0.03,1.631558,1.197701,0.504968,0.269263,5.318144,3.937472,2.096576,1.2784,13.76082
43.4,-88.6,0.23,0.17,0.07,0.04,1.798549,1.32634,0.576079,0.317203,6.749952,5.011328,2.710208,1.687488,15.2388
43.4,-89.5,0.24,0.18,0.08,0.04,1.910409,1.431009,0.648788,0.353957,8.130624,6.085184,3.374976,2.096576,16.44138
43.4,-90.4,0.24,0.18,0.08,0.04,1.894429,1.415828,0.638401,0.349163,7.721536,5.829504,3.221568,2.04544,16.26696
44.3,-87.7,0.2,0.14,0.06,0.03,1.562045,1.147364,0.480199,0.250886,5.164736,3.784064,2.04544,1.2784,13.18248
44.3,-88.6,0.22,0.16,0.07,0.04,1.775378,1.305566,0.560898,0.309213,5.36928,4.039744,2.198848,1.380672,15.00012
44.3,-89.5,0.24,0.18,0.08,0.04,1.888037,1.409436,0.634406,0.346766,6.289728,4.704512,2.607936,1.687488,16.19352
44.3,-90.4,0.24,0.18,0.08,0.05,1.930384,1.449386,0.661572,0.360349,7.363584,5.573824,3.119296,1.943168,16.65252
44.3,-91.3,0.26,0.2,0.09,0.05,2.054229,1.564442,0.742271,0.401897,8.539712,6.443136,3.57952,2.30112,17.97444
45.2,-87.7,0.2,0.15,0.06,0.03,1.60599,1.178525,0.49538,0.262871,4.960192,3.681792,1.994304,1.227264,13.5405
45.2,-88.6,0.21,0.16,0.07,0.04,1.70187,1.248038,0.529737,0.288439,4.806784,3.57952,1.943168,1.227264,14.33916
45.2,-89.5,0.19,0.14,0.06,0.03,1.553256,1.140972,0.477003,0.248489,4.653376,3.477248,1.892032,1.176128,13.10904
45.2,-90.4,0.21,0.15,0.07,0.04,1.675503,1.228862,0.520149,0.281248,6.13632,4.551104,2.403392,1.482944,14.11884
45.2,-91.3,0.26,0.2,0.09,0.05,2.051033,1.561246,0.739874,0.400299,7.92608,5.931776,3.221568,1.994304,17.93772
45.2,-92.2,0.28,0.21,0.11,0.06,2.222019,1.716252,0.848538,0.457028,10.585152,7.977216,4.397696,2.761344,19.71864
46.1,-89.5,0.17,0.12,0.05,0.02,1.355903,0.997951,0.405892,0.194956,4.039744,3.017024,1.585216,0.971584,11.46582
46.1,-90.4,0.17,0.13,0.05,0.03,1.38227,1.017127,0.41548,0.202147,4.499968,3.32384,1.738624,1.073856,11.68614
46.1,-91.3,0.23,0.17,0.07,0.04,1.820921,1.347114,0.590461,0.324394,5.164736,3.886336,2.096576,1.329536,15.47748
46.1,-92.2,0.24,0.18,0.08,0.04,1.904017,1.424617,0.644793,0.35156,6.085184,4.60224,2.5568,1.636352,16.36794
47.0,-90.4,0.11,0.08,0.03,0.01,0.882096,0.654381,0.229313,0.099875,2.249984,1.636352,0.869312,0.51136,7.51842
38.0,-80.5,0.15,0.11,0.04,0.02,1.207289,0.890086,0.35156,0.1598,2.607936,1.892032,1.02272,0.613632,10.22652
38.0,-81.4,0.2,0.15,0.06,0.03,1.637151,1.201696,0.506566,0.270861,4.499968,3.32384,1.78976,1.124992,13.80672
38.0,-82.3,0.22,0.16,0.07,0.04,1.764991,1.295179,0.554506,0.306017,5.778368,4.295424,2.30112,1.431808,14.88078
38.9,-79.6,0.16,0.12,0.05,0.02,1.283194,0.945217,0.380324,0.17578,2.147712,1.585216,0.869312,0.51136,10.85994
38.9,-80.5,0.17,0.12,0.05,0.02,1.339124,0.985966,0.400299,0.190961,2.710208,2.04544,1.073856,0.664768,11.32812
38.9,-81.4,0.2,0.15,0.06,0.03,1.582819,1.162545,0.48739,0.256479,4.499968,3.32384,1.78976,1.124992,13.3569
39.8,-80.5,0.17,0.13,0.05,0.02,1.365491,1.005142,0.409887,0.198152,3.681792,2.659072,1.431808,0.869312,11.54844
41.6,-104.8,0.28,0.22,0.11,0.06,2.228411,1.719448,0.850935,0.458626,6.698816,5.215872,3.017024,1.994304,19.75536
41.6,-105.7,0.2,0.15,0.06,0.03,1.585216,1.164143,0.488189,0.257278,2.454528,1.892032,1.073856,0.715904,13.37526
41.6,-106.6,0.06,0.04,0.01,0.0,0.488189,0.341972,0.089488,0.017578,0.51136,0.357952,0.204544,0.102272,3.92904
41.6,-107.5,0.04,0.03,0.01,0.0,0.331585,0.22372,0.041548,0.0,0.306816,0.25568,0.102272,0.051136,2.5704
41.6,-108.4,0.03,0.02,0.0,0.0,0.224519,0.153408,0.010387,0.0,0.25568,0.153408,0.102272,0.051136,1.76256
41.6,-109.3,0.0,0.0,0.0,0.0,0.0,0.0,0.0,0.0,0.102272,0.051136,0.051136,0.0,0.0
41.6,-110.2,0.02,0.02,0.0,0.0,0.197353,0.13583,0.002397,0.0,0.204544,0.153408,0.051136,0.051136,1.5606
42.5,-104.8,0.27,0.21,0.1,0.06,2.171682,1.673905,0.818975,0.440249,5.1136,4.039744,2.403392,1.585216,19.2321
42.5,-105.7,0.2,0.15,0.06,0.03,1.578025,1.15855,0.485792,0.254881,2.403392,1.840896,1.073856,0.715904,13.311
42.5,-106.6,0.09,0.07,0.02,0.01,0.734281,0.547315,0.174182,0.07191,1.176128,0.869312,0.460224,0.306816,6.2883
42.5,-107.5,0.08,0.06,0.02,0.01,0.608039,0.44744,0.129438,0.045543,0.818176,0.613632,0.306816,0.204544,5.1408
42.5,-108.4,0.06,0.04,0.01,0.0,0.474606,0.329987,0.085493,0.014382,0.562496,0.409088,0.204544,0.153408,3.79134
42.5,-109.3,0.03,0.02,0.0,0.0,0.258077,0.17578,0.019975,0.0,0.25568,0.204544,0.102272,0.051136,2.0196
42.5,-110.2,0.03,0.02,0.0,0.0,0.226117,0.155006,0.011186,0.0,0.25568,0.153408,0.102272,0.051136,1.78092
43.4,-104.8,0.22,0.16,0.07,0.04,1.777775,1.307164,0.562496,0.310012,3.170432,2.454528,1.431808,0.920448,15.01848
43.4,-105.7,0.16,0.12,0.05,0.02,1.276003,0.939624,0.377927,0.173383,2.5568,1.943168,1.073856,0.664768,10.79568
43.4,-106.6,0.12,0.09,0.03,0.01,0.979574,0.725492,0.266067,0.117453,2.096576,1.585216,0.869312,0.51136,8.33544
43.4,-107.5,0.1,0.08,0.03,0.01,0.835754,0.620823,0.211735,0.091086,1.329536,0.971584,0.51136,0.306816,7.13286
43.4,-108.4,0.09,0.06,0.02,0.01,0.685542,0.512159,0.155805,0.063121,0.971584,0.715904,0.357952,0.204544,5.88438
43.4,-109.3,0.06,0.04,0.01,0.0,0.499375,0.35156,0.093483,0.019975,0.562496,0.409088,0.204544,0.153408,4.0392
43.4,-110.2,0.03,0.02,0.0,0.0,0.25568,0.174182,0.019176,0.0,0.306816,0.204544,0.102272,0.051136,2.00124
44.3,-104.8,0.26,0.2,0.1,0.05,2.099772,1.606789,0.771834,0.417078,4.039744,3.170432,1.892032,1.2784,18.46098
44.3,-105.7,0.19,0.14,0.06,0.03,1.495728,1.098625,0.456229,0.232509,3.017024,2.30112,1.2784,0.818176,12.6225
44.3,-106.6,0.13,0.1,0.04,0.02,1.051484,0.777427,0.293233,0.131036,2.403392,1.78976,0.971584,0.613632,8.93214
44.3,-107.5,0.12,0.09,0.03,0.01,0.927639,0.68714,0.246092,0.107865,1.840896,1.380672,0.715904,0.460224,7.8948
44.3,-108.4,0.09,0.07,0.02,0.01,0.724693,0.540124,0.170187,0.070312,1.073856,0.818176,0.409088,0.25568,6.20568
44.3,-109.3,0.07,0.05,0.01,0.0,0.540923,0.388314,0.107066,0.029563,0.562496,0.409088,0.204544,0.153408,4.46148
45.2,-108.4,0.19,0.14,0.06,0.03,1.543668,1.133781,0.473008,0.245293,3.32384,2.505664,1.329536,0.869312,13.02642
