Generator Name,Power Project Type,Capacity (MW),DC Capacity (MW),Owner,Power Project Status,Contract Price ($/MWh),Contract Type,Contract Price Type,Contract Offtaker Type,Hybrid Status,State,ISO,Latitude (Degrees),Longitude (Degrees),First Power Date,Year,hail_lat,hail_lon,hail_dist
Mark Center Solar Project: MRC1,Solar,90.0,117.0,Candela Renewables,In Construction,62.09,VPPA,Assumed,C&I,N,OH,PJM,41.288044,-84.61132,09/01/2026,2026,41.6,-85.0,0.4983860836098821
Austin TX GigaFactory: B05,Solar,1.2,1.6,Tesla,In Construction,58.44,,Assumed,,N,TX,ERCOT,30.22021,-97.61968,03/01/2026,2026,29.9,-97.6,0.3208141931087249
Novel Brock Solar: BROCK,Solar,1.0,1.3,Novel Energy Solutions,In Construction,112.0,PPA,Actual,Utility,N,MN,MISO,44.791225,-95.76654,12/01/2025,2025,45.2,-95.8,0.4101421366124237
Austin TX GigaFactory: A04,Solar,2.3,3.0,Tesla,In Construction,58.44,,Assumed,,N,TX,ERCOT,30.22021,-97.61968,03/01/2026,2026,29.9,-97.6,0.3208141931087249
Novel Swenson Solar CSG: SWNSN,Solar,1.0,1.3,Novel Energy Solutions,Operating,112.0,PPA,Actual,Utility,N,MN,MISO,45.492022,-92.86583,05/01/2025,2025,45.2,-93.1,0.3743159592964127
MN CSG 2019-17: MOORE,Solar,1.0,1.5,New Energy Equity,In Construction,112.0,PPA,Actual,Utility,N,MN,MISO,44.232719,-93.962469,07/01/2026,2026,44.3,-94.0,0.07704095613373001
Austin TX GigaFactory: C01,Solar,1.2,1.6,Tesla,Operating,57.87,,Assumed,,N,TX,ERCOT,30.22021,-97.61968,07/01/2025,2025,29.9,-97.6,0.3208141931087249
Dulles Solar and Storage: DUSO,Solar,100.0,130.0,Dominion Energy Virginia,In Construction,76.65,,Assumed,,Y,VA,PJM,38.95,-77.5,10/01/2026,2026,38.9,-77.8,0.3041381265149089
Fremont CA AutoFactory: STAMP,Solar,1.4,1.8,Tesla,In Construction,64.99,,Assumed,,N,CA,CAISO,37.49254,-121.9446,04/01/2026,2026,37.1,-121.9,0.3950655788600121
Fremont CA AutoFactory: GA3,Solar,1.5,2.0,Tesla,In Construction,64.99,,Assumed,,N,CA,CAISO,37.49254,-121.9446,04/01/2026,2026,37.1,-121.9,0.3950655788600121
Novel Bo Hu 1 Solar: BOHU1,Solar,1.0,1.3,Novel Energy Solutions,In Construction,112.0,PPA,Actual,Utility,N,MN,MISO,44.41552,-93.15442,12/01/2025,2025,44.3,-93.1,0.12769654184824916
Austin TX GigaFactory: B07,Solar,1.1,1.4,Tesla,Operating,57.87,,Assumed,,N,TX,ERCOT,30.22021,-97.61968,07/01/2025,2025,29.9,-97.6,0.3208141931087249
Eichten 3 CSG: ECHT3,Solar,1.0,1.5,New Energy Equity,In Construction,112.0,PPA,Actual,Utility,N,MN,MISO,45.395115,-92.783685,07/01/2026,2026,45.2,-93.1,0.37165177579286585
East Windsor Solar Two: VCP05,Solar,4.0,5.2,Verogy,Operating,160.0,PPA,Actual,Utility,N,CT,ISO-NE,41.894366,-72.53211,09/01/2025,2025,41.6,-72.4,0.3226521254478223
Lindgren 1 CSG: LNDGR,Solar,1.0,1.5,New Energy Equity,In Construction,112.0,PPA,Actual,Utility,N,MN,MISO,45.398574,-92.700109,07/01/2026,2026,45.2,-93.1,0.4464800615447432
Hultman CSG: HLTMN,Solar,1.0,1.3,New Energy Equity,In Construction,112.0,PPA,Actual,Utility,N,MN,MISO,45.394981,-92.806867,07/01/2026,2026,45.2,-93.1,0.3520575891100743
Eikmeier CSG: EIKMR,Solar,1.0,1.5,New Energy Equity,In Construction,112.0,PPA,Actual,Utility,N,MN,MISO,45.480261,-94.343613,07/01/2026,2026,45.2,-94.0,0.44341416518871046
Daybreak Solar: DBS1,Solar,151.7,188.3,Avangrid,Operating,52.36,PPA,Assumed,C&I,N,OR,Non-ISO,45.131793,-120.8807,03/01/2025,2025,45.2,-121.0,0.13742155889451652
Covington (MS): OEMS4,Solar,96.0,124.8,Origis Energy,In Construction,45.84,VPPA,Assumed,C&I,N,MS,MISO,31.4395,-89.4846,09/01/2026,2026,31.7,-89.5,0.2609548045160315
Quillwort Solar: POWI,Solar,18.0,23.4,Dominion Energy Virginia,Operating,78.95,PPA,Assumed,Utility,N,VA,PJM,37.567,-77.9271,01/01/2025,2025,38.0,-77.8,0.4512686672039169
Union Ridge Solar: UNIS1,Solar,108.0,140.4,Leeward Renewable Energy,In Construction,62.14,VPPA,Assumed,C&I,N,OH,PJM,39.984126,-82.6413,12/01/2025,2025,39.8,-82.3,0.38779901221638635
Monarch Solar,Solar,200.0,260.0,NextEra Energy Resources,In Construction,48.31,,Assumed,,N,IL,MISO,38.62669,-88.584895,07/01/2026,2026,38.9,-88.6,0.2737270851139818
Lightsource BP,Solar,200.0,260.0,Arevon Energy,In Construction,45.21,,Assumed,,N,AR,MISO,35.176128,-92.70467,04/01/2026,2026,35.3,-93.1,0.41428261040502373
1000 Mile Solar:PV,Solar,300.0,390.0,Longroad Energy,In Construction,53.1,,Assumed,C&I,N,TX,SPP,33.02248,-102.7089,05/01/2026,2026,32.6,-103.0,0.5130580477879674
Mayes Solar,Solar,101.5,132.0,Leeward Renewable Energy,In Construction,56.79,,Assumed,C&I,N,OK,SPP,36.290054,-95.42654,03/01/2026,2026,36.2,-95.8,0.38416415048257024
Mastodon Solar Center,Solar,200.0,260.0,Orsted,In Construction,55.15,,Assumed,,N,MI,MISO,41.988751,-84.087199,07/01/2026,2026,41.6,-84.1,0.38896170197334246
Brickyard Solar,Solar,200.0,260.0,NextEra Energy Resources,In Construction,51.88,PPA,Assumed,Utility,N,IN,MISO,39.982544,-86.306426,07/01/2026,2026,39.8,-85.9,0.44553833214662564
Double Run 2: PV,Solar,210.0,273.0,EDF Renewables,Suspended,59.01,,Assumed,,N,GA,Non-ISO,31.83022,-83.55724,02/01/2026,2026,31.7,-83.2,0.38023369919037076
Sunset Ridge Solar,Solar,2.3,3.0,Brookfield Renewables,Operating,51.97,,Assumed,,N,OR,Non-ISO,42.281127,-121.8124,06/01/2025,2025,42.5,-121.9,0.23575230673103179
Lafitte Solar,Solar,100.0,130.0,RWE Renewables,In Construction,50.34,,Assumed,,N,LA,MISO,32.408417,-92.11176,07/01/2026,2026,32.6,-92.2,0.21092734172932714
SR Millington II: MILL2,Solar,74.9,97.4,Silicon Ranch,In Construction,51.54,,Assumed,,N,TN,Non-ISO,35.358278,-89.84577,03/01/2026,2026,35.3,-89.5,0.3506468568004016
PacifiCorp:C1-16:PV,Solar,199.0,258.7,Neptune Solar Energy Park LLC,Suspended,43.11,,Assumed,,Y,UT,Non-ISO,39.160248,-112.703892,12/01/2025,2025,38.9,-112.9,0.325864034787526
Wildwood Solar,Solar,100.0,130.0,NextEra Energy Resources,In Construction,46.64,PPA,Assumed,Utility,N,MS,MISO,33.934776,-90.33862,09/01/2026,2026,33.5,-90.4,0.4390873199899986
Renegade Solar Energy,Solar,100.0,130.0,Invenergy,In Construction,51.77,,Assumed,,N,MI,MISO,46.057418,-87.506681,07/01/2026,2026,46.1,-87.7,0.197953182558405
Arizona Public Service:Q239:PV,Solar,213.8,277.9,Longroad Energy,In Construction,39.43,,Assumed,,Y,AZ,Non-ISO,32.557518,-111.297084,10/01/2026,2026,32.6,-111.1,0.20161057358184734
Royal Road Solar Energy,Solar,150.0,195.0,Invenergy,In Construction,50.46,,Assumed,,N,LA,MISO,30.64774,-92.386836,07/01/2026,2026,30.8,-92.2,0.24102032797256
SouthernCompany:IC-903:PV,Solar,13.0,16.9,,In Construction,59.08,,Assumed,,Y,GA,Non-ISO,31.87811,-81.60978,08/01/2026,2026,31.7,-81.4,0.27519233365048157
Sunfish Solar 2: SS2,Solar,360.0,360.0,Hecate Energy,In Construction,56.68,,Assumed,,N,MI,MISO,42.24653,-85.00559,04/01/2026,2026,42.5,-85.0,0.25353163313480237
Flat Fork Solar:PV1,Solar,200.0,260.0,NextEra Energy Resources,Operating,44.99,,Assumed,,N,AR,MISO,34.882829,-91.10409,08/01/2025,2025,35.3,-91.3,0.4608821664384466
Lutesville Solar,Solar,200.0,260.0,NextEra Energy Resources,In Construction,51.95,,Assumed,,N,MO,MISO,37.515109,-89.76113,07/01/2026,2026,37.1,-89.5,0.4904124374248658
Hart Solar,Solar,120.0,156.0,NorthStar Clean Energy,In Construction,55.13,,Assumed,,N,MI,MISO,43.692866,-86.32097,09/01/2026,2026,43.4,-85.9,0.5128218353931505
Clover Creek Solar Project,Solar,100.0,130.0,EDP Renewables,In Construction,51.74,,Assumed,,N,KY,MISO,37.771668,-86.488055,07/01/2026,2026,38.0,-86.8,0.38658140830748355
Unbridled Solar,Solar,160.0,208.0,Geronimo Power,In Construction,38.1,PPA,Actual,,N,KY,MISO,37.410552,-87.769556,07/01/2026,2026,37.1,-87.7,0.3182461026312806
Beauregard (Singer) Solar,Solar,200.0,260.0,NextEra Energy Resources,In Construction,50.55,,Assumed,,N,LA,MISO,30.860384,-93.367086,07/01/2026,2026,30.8,-93.1,0.2738268775193611
Amite Solar,Solar,100.0,130.0,NextEra Energy Resources,Operating,46.78,PPA,Assumed,Utility,N,LA,MISO,30.797686,-90.53944,03/01/2025,2025,30.8,-90.4,0.13945919903684428
Angela Solar Project: ANG1,Solar,40.0,52.0,SB Energy,In Construction,57.36,PPA,Assumed,Utility,Y,CA,CAISO,35.866251,-119.467454,12/01/2025,2025,36.2,-119.2,0.42769152097861773
Sebree Solar - Hybrid: 4516,Solar,250.0,325.0,NextEra Energy Resources,Operating,52.05,PPA,Assumed,C&I,N,KY,MISO,37.693,-87.549,09/01/2025,2025,38.0,-87.7,0.34212570789112035
Fish Creek Solar Park: FSCSP,Solar,146.2,190.1,DTE Energy,In Construction,55.63,,Assumed,,N,MI,MISO,43.12165,-85.01172,01/01/2026,2026,43.4,-85.0,0.2785966275818818
Branch Solar,Solar,200.0,260.0,CMS Energy,In Construction,55.48,VPPA,Assumed,C&I,N,MI,MISO,41.883487,-85.0733,03/01/2026,2026,41.6,-85.0,0.29281012477201157
Worthwhile Solar Farm West,Solar,165.0,214.5,Invenergy,In Construction,52.58,,Assumed,,N,IA,MISO,43.29279,-94.00488,07/01/2026,2026,43.4,-94.0,0.10732100679736672
Pine Grove Solar,Solar,1.4,1.8,Brookfield Renewables,Operating,52.35,,Assumed,,N,OR,Non-ISO,42.186,-121.687,01/01/2025,2025,42.5,-121.9,0.37942719986843787
Bell Solar,Solar,170.0,221.0,Arevon Energy,In Construction,55.25,,Assumed,,N,MI,MISO,42.884637,-84.003744,07/01/2026,2026,42.5,-84.1,0.3964982210615803
Lakeside Solar,Solar,100.0,124.3,National Grid,In Construction,55.77,,Assumed,,N,MI,MISO,43.084749,-82.68715,03/01/2026,2026,43.4,-82.3,0.4992677793539274
Rustic Hills II,Solar,100.0,130.0,Enlight Renewable Energy,In Construction,52.36,,Assumed,,N,IN,MISO,37.96707,-87.30739,03/01/2026,2026,38.0,-87.7,0.39398857470744475
Bayou Teche Solar,Solar,95.0,123.5,ibV Energy Partners,In Construction,50.3,,Assumed,,N,LA,MISO,29.73552,-91.295865,07/01/2026,2026,29.9,-91.3,0.16453196839823897
Arizona Public Service:Q332:PV,Solar,350.0,455.0,,In Construction,39.4,,Assumed,,Y,AZ,Non-ISO,33.294374,-112.46262,08/01/2026,2026,33.5,-112.9,0.48330457920032677
Dunns Bridge Energy Center: PV1,Solar,435.0,565.5,Northern Indiana Public Service Company,Operating,52.04,PPA,Assumed,Utility,Y,IN,MISO,41.222135,-86.94648,01/01/2025,2025,41.6,-86.8,0.40526330777039143
Jasper County Solar,Solar,60.0,78.0,Zelestra,In Construction,52.61,,Assumed,,N,IN,MISO,40.967584,-87.084746,10/01/2025,2025,40.7,-86.8,0.3907447780482789
Green River Energy Center: PV,Solar,400.0,520.0,rPlus Energies,In Construction,47.26,PPA,Assumed,Utility,Y,UT,Non-ISO,38.9987,-111.1172,03/01/2026,2026,38.9,-111.1,0.1001874742669974
Ratts 2 Solar,Solar,150.0,195.0,Arevon Energy,In Construction,51.97,,Assumed,,N,IN,MISO,38.52543,-87.18622,09/01/2026,2026,38.9,-86.8,0.5380228371547119
Liberty Grand Solar,Solar,67.2,87.4,NextEra Energy Resources,Operating,58.35,,Assumed,,Future,TX,ERCOT,30.009659,-95.04083,07/01/2025,2025,29.9,-94.9,0.17848861358921037
Rosamond South 1: RS1,Solar,140.0,182.0,Clearway Energy,Operating,57.52,Capacity,Assumed,Utility,Y,CA,CAISO,34.842496,-118.3785,08/01/2025,2025,34.4,-118.3,0.44940511792368304
Rock Creek Solar,Solar,150.0,195.0,NextEra Energy Resources,In Construction,55.59,,Assumed,,N,IA,MISO,41.79102,-90.295285,07/01/2026,2026,41.6,-90.4,0.2178390957220499
Pleasantville Solar Park,Solar,150.0,195.0,EDP Renewables,In Construction,49.02,,Assumed,,N,IL,MISO,40.354122,-90.34819,03/01/2026,2026,40.7,-90.4,0.3497368539116297
Byron Solar 2,Solar,100.0,130.0,EDF Renewables,In Construction,52.95,,Assumed,,N,MN,MISO,44.0349,-92.668026,07/01/2026,2026,44.3,-93.1,0.5068328587177389
Guthrie Solar,Solar,100.0,130.0,NextEra Energy Resources,In Construction,51.93,,Assumed,,N,MO,MISO,38.910686,-91.964361,07/01/2026,2026,38.9,-92.2,0.23588117541890216
Arizona Public Service:Q389:PV,Solar,300.0,390.0,,In Construction,39.28,,Assumed,,Y,AZ,Non-ISO,33.486755,-113.030223,07/01/2026,2026,33.5,-112.9,0.13089484235064483
Sunflower Sky Solar,Solar,65.0,84.5,Savion Energy,IA Executed,57.12,,Assumed,,N,KS,SPP,37.501,-95.647,06/01/2025,2025,37.1,-95.8,0.42919692449969216
Foundry Works Solar,Solar,300.0,390.0,Invenergy,In Construction,52.26,,Assumed,,N,IN,MISO,41.302671,-87.279492,07/01/2026,2026,41.6,-87.7,0.5150063225874041
Saltbranch 2: SB12,Solar,73.0,94.9,Leeward Renewable Energy,In Construction,56.83,,Assumed,C&I,N,OK,SPP,36.331569,-95.22931,03/01/2026,2026,36.2,-94.9,0.3546201881746085
Pixley Solar Energy,Solar,189.0,245.7,Invenergy,Operating,57.12,PPA,Assumed,Utility,N,KS,SPP,37.26609,-98.50019,05/01/2025,2025,37.1,-98.5,0.16609010867598042
Sundance Renewable Energy Center: 68049,Solar,74.9,97.4,Duke Energy,Operating,50.88,,Assumed,,N,FL,Non-ISO,30.287538,-83.301774,07/01/2025,2025,29.9,-83.2,0.40067898437527333
New Madrid Solar,Solar,200.0,260.0,NextEra Energy Resources,Operating,48.58,,Assumed,,N,MO,MISO,36.509517,-89.568228,12/01/2025,2025,36.2,-89.5,0.3169476822332046
Proving Ground Solar,Solar,250.0,325.0,Arizona Public Service,In Construction,39.43,,Assumed,,Y,AZ,Non-ISO,32.956985,-113.486971,10/01/2026,2026,32.6,-113.8,0.4747898957075659
Chalk Bluff Solar Energy,Solar,450.0,585.0,Invenergy,In Construction,45.05,PPA,Assumed,C&I,N,AR,MISO,35.051606,-90.43254,05/01/2026,2026,35.3,-90.4,0.250516328481795
Beecher Solar Project,Solar,80.0,104.0,NextEra Energy Resources,In Construction,55.15,,Assumed,,N,MI,MISO,41.89044,-84.0104,07/01/2026,2026,41.6,-84.1,0.30394662952563944
Timber Wolf Solar,Solar,150.0,195.0,NextEra Energy Resources,In Construction,56.41,,Assumed,,N,MN,MISO,43.557278,-92.679741,07/01/2026,2026,43.4,-93.1,0.44872485596965617
Henderson County Solar,Solar,160.0,208.0,Community Energy,Operating,52.15,PPA,Assumed,,N,KY,MISO,37.652,-87.552,03/01/2025,2025,38.0,-87.7,0.37816398559354925
Arizona Public Service:Q230:PV,Solar,200.0,260.0,Aurora Solar LLC,In Construction,43.25,,Assumed,,N,AZ,Non-ISO,34.932252,-110.295134,07/01/2026,2026,35.3,-110.2,0.3798540107199073
Kelly Creek Solar,Solar,2.3,3.0,Kelly Creek Project Manager LLC,In Construction,51.71,,Assumed,,N,OR,Non-ISO,42.133852,-123.6303,05/01/2026,2026,42.5,-123.7,0.37272301767398475
Split Rail Solar,Solar,300.0,390.0,Invenergy,In Construction,51.98,,Assumed,,N,MO,MISO,38.623396,-91.261557,07/01/2026,2026,38.9,-91.3,0.2792626667941841
Mondu Solar  J1465,Solar,150.0,195.0,NextEra Energy Resources,In Construction,50.26,,Assumed,,N,LA,MISO,30.549,-91.579,03/01/2026,2026,30.8,-91.3,0.3752892218009979
Porchlight Solar,Solar,148.1,192.5,Savion Renewable Energy,In Construction,51.22,,Assumed,,N,WI,MISO,44.465556,-89.424442,08/01/2026,2026,44.3,-89.5,0.18198296760961144
Cooks Mill Solar,Solar,99.0,128.7,Adapture Renewables,In Construction,49.02,,Assumed,,N,IL,MISO,39.5208,-88.4201,03/01/2026,2026,39.8,-88.6,0.3321395038233089
Alligator Creek,Solar,80.0,104.0,Heelstone Energy,In Construction,32.0,PPA,Actual,Utility,N,GA,Non-ISO,32.108488,-82.857477,04/01/2026,2026,31.7,-83.2,0.5330895343870498
Posey Solar,Solar,191.0,248.3,Arevon Energy,In Construction,51.9,PPA,Assumed,Utility,N,IN,MISO,37.926667,-87.72889,06/01/2025,2025,38.0,-87.7,0.07881853201500238
Otisville PV I,Solar,125.0,162.5,EDF Renewables,In Construction,55.23,,Assumed,,N,MI,MISO,43.152931,-83.787247,07/01/2026,2026,43.4,-84.1,0.39856935377672803
Mustang Mile Solar Energy,Solar,150.0,195.0,Invenergy,In Construction,55.15,,Assumed,,N,MI,MISO,41.987485,-83.94572,07/01/2026,2026,41.6,-84.1,0.41706947098175207
Muddy Creek Energy Park,Solar,199.0,258.7,Hanwha Renewables,Suspended,51.99,,Assumed,,Y,OR,Non-ISO,44.242589,-123.047757,12/01/2025,2025,44.3,-122.8,0.25432175284470443
Badger State Solar,Solar,149.0,193.7,DESRI,In Construction,51.57,,Assumed,,N,WI,MISO,43.004853,-88.884642,09/01/2026,2026,43.4,-88.6,0.4869930387315656
Hickory Point Solar Energy Center,Solar,250.0,325.0,Invenergy,In Construction,48.73,,Assumed,,N,IL,MISO,39.532369,-89.475697,07/01/2026,2026,39.8,-89.5,0.26873218633054946
Ringer Solar Farm,Solar,225.0,292.5,Invenergy,In Construction,51.9,,Assumed,,N,MO,MISO,36.765546,-89.979941,07/01/2026,2026,37.1,-90.4,0.5369441699068984
Appleseed Solar,Solar,200.0,260.0,NextEra Energy Resources,Operating,52.22,,Assumed,,N,IN,MISO,40.726238,-86.27202,08/01/2025,2025,40.7,-85.9,0.3729441151754429
Northern Prairie Solar Project,Solar,101.0,131.3,Leeward Renewable Energy,In Construction,52.88,,Assumed,,N,WI,MISO,45.146932,-92.297632,09/01/2026,2026,45.2,-92.2,0.11112254518322742
Hashknife Solar: PV,Solar,275.0,764.4,Invenergy,In Construction,43.34,,Assumed,,Y,AZ,Non-ISO,34.93475,-110.29528,04/01/2026,2026,35.3,-110.2,0.3774729671115504
Greensboro Solar Center,Solar,100.0,130.0,NextEra Energy Resources,In Construction,51.88,,Assumed,,N,IN,MISO,39.899395,-85.399188,07/01/2026,2026,39.8,-85.0,0.41137625766322056
J1131,Solar,100.0,130.0,Alliant Energy,In Construction,55.56,,Assumed,,N,IA,MISO,41.635903,-90.590081,07/01/2026,2026,41.6,-90.4,0.1934420119053688
Centennial Flats: CFPV1,Solar,166.7,216.7,Carlyle Group,In Construction,38.43,PPA,Assumed,Utility,Y,AZ,CAISO,33.561341,-113.532458,02/01/2026,2026,33.5,-113.8,0.2744839522540351
Harquahala Sun Solar Project,Solar,150.0,195.0,Carlyle Group,Operating,38.82,,Assumed,,N,AZ,Non-ISO,33.44065,-113.1352,04/01/2025,2025,33.5,-112.9,0.2425725922275565
Lightyear Solar,Solar,220.0,286.0,EDF Renewables,Suspended,58.28,,Assumed,,N,GA,Non-ISO,31.10001,-84.84697,05/01/2025,2025,30.8,-85.0,0.3367850664741543
Dahlia Solar: PV,Solar,58.0,75.4,Emeren,Suspended,59.03,,Assumed,,Y,AL,Non-ISO,32.126722,-86.465039,04/01/2026,2026,31.7,-86.8,0.5424855175993148
Shelby Solar Park: PV,Solar,150.0,195.0,EDP Renewables,In Construction,59.01,,Assumed,,N,AL,Non-ISO,33.333888,-86.644391,05/01/2026,2026,33.5,-86.8,0.22761229629569424
Aramis I Solar Project: IPAR1,Solar,100.0,130.0,Intersect Power,In Construction,64.84,,Assumed,,Y,CA,CAISO,37.749678,-121.7661,07/01/2026,2026,38.0,-121.9,0.2838843315225438
Crooked Creek PV I,Solar,99.0,128.7,Adapture Renewables,In Construction,49.02,,Assumed,,N,IL,MISO,38.6452,-88.9998,03/01/2026,2026,38.9,-88.6,0.4740918476413586
Washington County Solar,Solar,200.0,260.0,Seahorse Capital,In Construction,46.67,,Assumed,,N,MS,MISO,33.349037,-91.121654,07/01/2026,2026,33.5,-91.3,0.23366027280005436
Harquahala 2: PV1,Solar,300.0,390.0,Carlyle Group,Operating,38.82,PPA,Assumed,Utility,Y,AZ,CAISO,33.434205,-113.132676,04/01/2025,2025,33.5,-112.9,0.24179971670992337
St. Landry Solar,Solar,150.0,195.0,NextEra Energy Resources,In Construction,50.38,VPPA,Assumed,C&I,N,LA,MISO,30.584229,-92.058945,07/01/2026,2026,30.8,-92.2,0.2577860303934302
Americus Solar: PV3,Solar,250.0,325.0,Invenergy,In Construction,59.08,,Assumed,,N,GA,Non-ISO,31.92597,-84.07037,08/01/2026,2026,31.7,-84.1,0.22790431720351406
Lowland Solar Park I,Solar,150.0,195.0,EDP Renewables,In Construction,52.14,,Assumed,,N,IN,MISO,39.18392,-85.837246,04/01/2026,2026,38.9,-85.9,0.2907724727617844
Apple Blossom Cross County Solar PV Park J1125,Solar,135.0,175.5,RWE Renewables,Operating,45.22,VPPA,Assumed,C&I,N,AR,MISO,35.20851,-90.7912,03/01/2025,2025,35.3,-90.4,0.40175597083303977
Speedway  Solar J805,Solar,199.0,268.7,Ranger Power,Operating,51.77,PPA,Assumed,Utility,N,IN,MISO,39.613744,-85.65466,06/01/2025,2025,39.8,-85.9,0.3080308639341186
Boot Hill Solar,Solar,150.0,195.0,Alluvial Power,In Construction,54.8,PPA,Assumed,Utility,N,KS,SPP,37.693889,-99.98639,03/01/2026,2026,38.0,-100.3,0.43824100266976274
Archway Solar Energy,Solar,400.0,520.0,Invenergy,Suspended,51.77,,Assumed,,Y,OR,Non-ISO,43.226587,-120.589577,10/01/2025,2025,43.4,-121.0,0.44555483107917726
White Tail Solar,Solar,140.0,182.0,Ranger Power,In Construction,54.85,,Assumed,,N,MI,MISO,42.125582,-83.65358,09/01/2026,2026,42.5,-84.1,0.5826488265876705
Cherry Valley PV I: CHVLY,Solar,135.0,175.5,Adapture Renewables,In Construction,45.26,,Assumed,,N,AR,MISO,35.389,-90.75462,03/01/2026,2026,35.3,-90.4,0.36561775722740675
Jacques Louisiana Solar,Solar,200.0,260.0,DESRI,In Construction,50.45,,Assumed,,N,LA,MISO,29.981239,-90.721075,07/01/2026,2026,29.9,-90.4,0.3311931924813608
Benton Solar,Solar,100.0,130.0,NextEra Energy Resources,In Construction,52.39,,Assumed,,N,MN,MISO,45.568987,-94.038515,04/01/2026,2026,45.2,-94.0,0.3709916594668917
Wadley Solar,Solar,260.0,338.0,NextEra Energy Resources,Operating,58.11,PPA,Assumed,Utility,N,GA,Non-ISO,32.820018,-82.40879,01/01/2025,2025,32.6,-82.3,0.24544487043733068
Sunlight Road Solar,Solar,50.0,65.0,DESRI,In Construction,50.45,PPA,Assumed,Utility,N,LA,MISO,30.8313,-90.32245,07/01/2026,2026,30.8,-90.4,0.08362829963594995
Koshkonong Solar Energy Center,Solar,300.0,390.0,Madison Gas and Electric,In Construction,51.69,,Assumed,,Y,WI,MISO,42.996803,-89.086568,04/01/2026,2026,43.4,-89.5,0.5774892548203812
Gibson Solar Park 1,Solar,200.0,260.0,Arevon Energy,Operating,51.96,,Assumed,,N,IN,MISO,38.317957,-87.53063,08/01/2025,2025,38.0,-87.7,0.3602538698598533
Apple River,Solar,100.0,130.0,Geronimo Power,In Construction,52.93,,Assumed,,N,WI,MISO,45.413865,-92.30496,07/01/2026,2026,45.2,-92.2,0.23823274297417116
TAG,Solar,140.0,182.0,Exus Management Partners,Operating,40.55,,Assumed,,Y,NM,Non-ISO,35.271663,-106.8625,08/01/2025,2025,35.3,-106.6,0.26402506617554616
Piney Woods Solar,Solar,150.0,195.0,DESRI,In Construction,50.84,,Assumed,,N,TX,MISO,30.718683,-95.66965,12/01/2025,2025,30.8,-95.8,0.15363455662382233
Lone Spur Solar Energy,Solar,165.0,214.5,Invenergy,In Construction,50.58,,Assumed,,N,TX,MISO,30.679999,-94.977366,07/01/2026,2026,30.8,-94.9,0.14277863270461777
JANUS,Solar,83.5,108.6,RWE Renewables,Suspended,64.9,,Assumed,,Y,CA,CAISO,37.735749,-121.773284,06/01/2026,2026,38.0,-121.9,0.2930623409054826
Catclaw Solar: CC8,Solar,200.0,588.0,DESRI,In Construction,44.48,PPA,Actual,,Y,AZ,CAISO,33.580629,-112.6867,09/01/2026,2026,33.5,-112.9,0.22803053664148126
Chicory Solar Energy,Solar,200.0,260.0,Invenergy,In Construction,55.55,,Assumed,,N,MI,MISO,43.074153,-85.114722,04/01/2026,2026,43.4,-85.0,0.3454524637240231
Crossroads Solar,Solar,200.0,260.0,EDP Renewables,In Construction,52.21,,Assumed,,N,IN,MISO,40.128928,-87.29279,03/01/2026,2026,39.8,-87.7,0.5234630963917211
Castleberry: PV,Solar,80.0,104.0,"Ecoplexus, Inc",Suspended,59.03,,Assumed,,Y,AL,Non-ISO,31.299394,-87.041944,04/01/2026,2026,31.7,-86.8,0.4679979341535619
Blues Trail Solar Energy,Solar,160.0,208.0,Invenergy,In Construction,46.67,,Assumed,,N,MS,MISO,34.575727,-90.426917,07/01/2026,2026,34.4,-90.4,0.17777655474780849
SouthernCompany:IC-863:PV,Solar,263.6,342.7,,In Construction,59.03,,Assumed,,Y,AL,Non-ISO,32.58431,-87.643784,03/01/2026,2026,32.6,-87.7,0.05836449910691158
Kansas Sky Energy Center,Solar,159.0,206.7,Evergy Inc,Studies Undergoing,57.32,,Assumed,,Future,KS,SPP,39.032778,-95.241944,06/01/2026,2026,38.9,-94.9,0.36681834253482903
Northern Crescent Solar: PV,Solar,150.0,195.0,Primergy,IA Executed,56.26,,Assumed,,Y,MN,MISO,43.647473,-94.125455,11/01/2026,2026,43.4,-94.0,0.2774560194949828
Bee Hollow Solar,Solar,150.0,195.0,National Grid,In Construction,48.65,,Assumed,,N,IL,MISO,38.369519,-89.773977,10/01/2026,2026,38.0,-89.5,0.46000835632627246
Green River Solar,Solar,200.0,260.0,NextEra Energy Resources,Operating,52.06,PPA,Assumed,Utility,N,KY,MISO,37.898533,-86.279097,05/01/2025,2025,38.0,-85.9,0.39244118985905435
Middleton Solar Farm,Solar,200.0,260.0,Arevon Energy,Suspended,46.59,,Assumed,,N,MS,Non-ISO,31.904067,-88.673083,06/01/2025,2025,31.7,-88.6,0.21675900299180756
Willis Pond PV1,Solar,300.0,390.0,"Ecoplexus, Inc",In Construction,50.45,,Assumed,,N,LA,MISO,30.501555,-90.894972,07/01/2026,2026,30.8,-91.3,0.5031074426094309
Lawrence Creek Solar: PV,Solar,193.0,250.9,NextEra Energy Resources,Suspended,58.91,,Assumed,,N,AL,Non-ISO,30.528822,-87.530028,12/01/2025,2025,30.8,-87.7,0.32004372899339856
Luna Valley: LVPV,Solar,200.0,260.0,Clearway Energy,Operating,65.66,PPA,Assumed,Utility,N,CA,CAISO,36.605308,-120.39719,12/01/2025,2025,36.2,-120.1,0.5025897640859777
Orchard Knob Solar,Solar,2.3,3.0,"Orchard Knob PM, LLC",Operating,52.35,,Assumed,,N,OR,Non-ISO,44.947,-123.31,01/01/2025,2025,45.2,-123.7,0.4648752520838257
Faraday Solar:PV,Solar,525.0,682.5,Excelsior Energy Capital,In Construction,43.25,,Assumed,,Y,UT,Non-ISO,40.559355,-112.035871,07/01/2026,2026,40.7,-112.0,0.14514732056087637
Brenneman Solar,Solar,150.0,195.0,Doral Renewables,In Construction,59.03,,Assumed,,N,GA,Non-ISO,32.084171,-84.223467,03/01/2026,2026,31.7,-84.1,0.40352380020266476
Obed Meadow Solar Project:PV,Solar,200.0,260.0,Avangrid,In Construction,39.28,,Assumed,,Y,AZ,Non-ISO,34.934364,-110.311509,07/01/2026,2026,35.3,-110.2,0.3822616140511573
Arizona Public Service:Q334:PV,Solar,500.0,650.0,DESRI,In Construction,39.4,,Assumed,,Y,AZ,Non-ISO,33.568951,-112.707006,08/01/2026,2026,33.5,-112.9,0.2049412707021192
Forgeview Solar: FFOR1,Solar,200.0,260.0,NextEra Energy Resources,In Construction,45.09,,Assumed,,N,AR,MISO,35.945918,-89.86902,03/01/2026,2026,36.2,-89.5,0.44803283710461056
Solar Star 4: SS4PV,Solar,24.0,31.2,BHE Renewables,In Construction,57.84,PPA,Assumed,Utility,Y,CA,CAISO,34.84166,-118.4551,08/01/2026,2026,34.4,-118.3,0.46810208886523924
Farmland Partners Solar,Solar,75.0,97.5,ENGIE North America,In Construction,48.74,,Assumed,,N,IL,MISO,39.224893,-87.899824,07/01/2026,2026,38.9,-87.7,0.38142508101198447
Pioneer Clean Energy Center:PV,Solar,300.0,650.0,BrightNight,In Construction,39.42,PPA,Assumed,Utility,Y,AZ,Non-ISO,32.549081,-114.5974,09/01/2026,2026,32.6,-114.7,0.11454040580075664
Morris Solar J1182,Solar,250.0,325.0,AES,Operating,51.89,,Assumed,,N,MO,MISO,40.1514,-92.5993,06/01/2025,2025,39.8,-92.2,0.531904549707935
Eldorado Solar Project J1096,Solar,150.0,189.0,Tenaska Energy,Operating,59.5,VPPA,Actual,C&I,N,IL,MISO,37.85259,-88.44912,01/01/2025,2025,38.0,-88.6,0.21093715296267854
Choctaw Fields Solar Project: USMNC,Solar,85.0,110.5,Savion Energy,In Construction,57.39,,Assumed,,N,OK,SPP,34.030703,-95.32214,03/01/2026,2026,34.4,-94.9,0.5608765049536271
ROSAMOND SOUTH EAST,Solar,100.0,130.0,Clearway Energy,Operating,57.58,,Assumed,,Y,CA,CAISO,34.823724,-118.381955,08/06/2025,2025,34.4,-118.3,0.4315769342782365
Mayhew Creek Solar,Solar,1.0,130.0,NextEra Energy Resources,In Construction,48.93,,Assumed,,N,MN,MISO,45.617761,-94.149932,04/01/2026,2026,45.2,-94.0,0.44385116620890047
Fairbanks Solar,Solar,250.0,325.0,Northern Indiana Public Service Company,Operating,52.33,,Assumed,,N,IN,MISO,39.193317,-87.52384,05/01/2025,2025,38.9,-87.7,0.3421508557478698
Coldwater River Solar: CRS,Solar,150.0,195.0,Apex Clean Energy,Operating,55.35,,Assumed,,N,MI,MISO,41.89223,-85.03205,07/01/2025,2025,41.6,-85.0,0.2939822705538513
Flint Solar: PV,Solar,400.0,520.0,Leeward Renewable Energy,Suspended,58.27,,Assumed,,Y,GA,Non-ISO,30.921111,-84.691944,04/01/2025,2025,30.8,-85.0,0.3310081169050024
Enterprise SolarL PV,Solar,80.0,104.0,Recurrent Energy,Suspended,51.78,PPA,Actual,Utility,Y,AL,Non-ISO,31.250113,-85.85147,02/01/2025,2025,31.7,-85.9,0.4524969322205403
Freshwater Solar,Solar,200.0,260.0,Ranger Power,In Construction,55.55,,Assumed,,N,MI,MISO,43.338197,-85.04013,12/01/2025,2025,43.4,-85.0,0.07368872172184897
Eldorado Solar Project II,Solar,150.0,156.0,Tenaska Energy,In Construction,48.74,,Assumed,,N,IL,MISO,37.8688,-88.4259,03/01/2026,2026,38.0,-88.6,0.21800057339373777
Grandview Solar Project,Solar,70.0,91.0,Sol Systems,In Construction,51.85,,Assumed,,N,IN,MISO,38.002613,-86.952825,07/01/2026,2026,38.0,-86.8,0.15284733688881252
Little Trout Solar: LTRSP,Solar,150.0,195.0,DTE Energy,In Construction,55.45,,Assumed,,N,MI,MISO,45.334045,-83.75117,06/01/2026,2026,45.2,-84.1,0.37369831538955967
Silver Maple Solar Farm,Solar,200.0,260.0,RWE Renewables,In Construction,55.36,,Assumed,,N,MI,MISO,42.985882,-85.991593,04/01/2026,2026,43.4,-85.9,0.4241261552568995
Winfield (MO) J1268,Solar,150.0,195.0,Cordelio Power,Operating,51.96,,Assumed,,N,MO,MISO,39.019518,-90.85517,05/01/2025,2025,38.9,-91.3,0.46060642768419585
Kiowa County Solar Project,Solar,100.0,130.0,Ares Management,Operating,57.13,,Assumed,,N,OK,SPP,34.669592,-98.96231,02/01/2025,2025,34.4,-99.4,0.5140548439262144
Pana Solar,Solar,100.0,130.0,NextEra Energy Resources,In Construction,48.74,,Assumed,,N,IL,MISO,39.408255,-89.080064,07/01/2026,2026,39.8,-89.5,0.5742912058537951
Huckleberry Solar: HBS,Solar,124.7,162.1,Leeward Renewable Energy,In Construction,56.8,,Assumed,C&I,N,OK,SPP,36.25439,-95.39748,03/01/2026,2026,36.2,-95.8,0.406178067477795
Kelso Solar,Solar,174.5,215.0,Arevon Energy,In Construction,52.14,VPPA,Assumed,C&I,N,MO,MISO,37.030307,-89.532329,07/01/2026,2026,37.1,-89.5,0.07682628775360945
Morley Solar: MLY,Solar,100.0,130.0,Leeward Renewable Energy,In Construction,51.92,,Assumed,,N,MO,MISO,37.051043,-89.66272,07/01/2026,2026,37.1,-89.5,0.16992523723390207
Optimist Solar,Solar,200.0,260.0,Origis Energy,In Construction,46.6,PPA,Assumed,Utility,Y,MS,Non-ISO,33.637814,-88.647839,12/01/2025,2025,33.5,-88.6,0.14588100807507692
Elk Creek Solar Project,Solar,200.0,260.0,Geronimo Power,In Construction,56.32,,Assumed,,N,MN,MISO,43.681874,-96.092311,07/01/2026,2026,43.4,-95.8,0.4060771756661533
Sportsman Solar Energy,Solar,100.0,130.0,Invenergy,In Construction,50.04,,Assumed,,Y,LA,MISO,30.759998,-90.437656,07/01/2026,2026,30.8,-90.4,0.054937549453902404
Tilden Solar,Solar,150.0,195.0,Tenaska Energy,In Construction,49.01,,Assumed,,N,IL,MISO,38.190651,-89.68408,03/01/2026,2026,38.0,-89.5,0.265015565959811
Newton Solar,Solar,100.0,130.0,Geronimo Power,In Construction,46.67,,Assumed,,N,MS,Non-ISO,32.236475,-89.146481,12/01/2025,2025,32.6,-89.5,0.5070760386628479
Kelso 2 Solar,Solar,174.5,215.0,Arevon Energy,In Construction,52.14,VPPA,Assumed,C&I,N,MO,MISO,37.030307,-89.532329,07/01/2026,2026,37.1,-89.5,0.07682628775360945
Palo Alto Solar,Solar,250.0,325.0,Invenergy,In Construction,55.49,,Assumed,,N,IA,MISO,43.19485,-94.792778,07/01/2025,2025,43.4,-94.9,0.23148019307059509
Northern Orchard Solar PV: NO1,Solar,172.0,195.0,RWE Renewables,Operating,65.54,PPA,Assumed,Utility,Y,CA,CAISO,35.120183,-119.279,07/01/2025,2025,35.3,-119.2,0.19640558415940962
Ross County Solar: ROSS,Solar,120.0,156.0,Geronimo Power,Operating,62.15,VPPA,Assumed,C&I,N,OH,PJM,39.325867,-83.35276,01/01/2025,2025,38.9,-83.2,0.45243598363636306
Kingwood Solar: KWOOD,Solar,175.0,227.5,Vesper Energy,In Construction,60.92,,Assumed,,N,OH,PJM,39.782,-83.83,09/01/2026,2026,39.8,-84.1,0.2705993348107084
Hot Pot Solar: HPS,Solar,350.0,455.0,Primergy,Suspended,37.17,,Assumed,,N,NV,Non-ISO,40.887886,-117.1305,02/01/2026,2026,40.7,-117.4,0.3285291448197615
Newton Solar BESS: PV,Solar,52.0,67.6,Luminant,In Construction,48.26,,Assumed,,Y,IL,MISO,38.9361,-88.2781,09/01/2026,2026,38.9,-88.6,0.32391792170239664
Jackson County Solar,Solar,125.0,162.5,National Grid,In Construction,55.19,,Assumed,,N,MI,MISO,42.254485,-84.482425,07/01/2026,2026,42.5,-84.1,0.4544518630724358
Bellefield 2 Solar & Energy Storage Farm: 26SBA,Solar,500.0,650.0,AES,In Construction,57.88,,Assumed,,Y,CA,CAISO,35.017779,-118.0687,03/01/2026,2026,35.3,-118.3,0.36489502989352346
JVR Energy Park: JVR1A,Solar,90.0,117.0,BayWa r.e.,In Construction,57.75,PPA,Assumed,Utility,Y,CA,CAISO,32.625903,-116.1749,10/01/2026,2026,32.6,-116.5,0.3261303043401579
Darien Solar: 1,Solar,250.0,325.0,Invenergy,Operating,53.13,,Assumed,,N,WI,MISO,42.62,-88.74,03/06/2025,2025,42.5,-88.6,0.18439088914585652
Prairie Solar: KOV4A,Solar,135.0,175.5,BayWa r.e.,In Construction,48.69,PPA,Assumed,Utility,N,IL,MISO,40.010442,-88.05794,09/01/2026,2026,39.8,-87.7,0.4152190734588184
Hornet Solar: GEN,Solar,73.0,94.9,Capital Power,In Construction,54.69,PPA,Assumed,Utility,N,NC,Non-ISO,35.387,-81.029,06/01/2026,2026,35.3,-81.4,0.38106429903627487
Biggs Ford Solar Center: BFSC,Solar,15.0,19.5,Coronal Development Services,Operating,70.4,,Assumed,,N,MD,PJM,39.4829,-77.3757,08/01/2025,2025,39.8,-77.8,0.5297007645831745
Apple Hill Solar: APPL,Solar,2.0,2.6,Allco Renewable Energy,In Construction,51.04,,Assumed,,N,VT,ISO-NE,42.9077,-73.2041,04/01/2026,2026,42.5,-73.3,0.4188270526124103
Raceway Solar: RACE,Solar,50.0,65.0,Freepoint Comodities,In Construction,58.87,,Assumed,,N,DE,PJM,38.909956,-75.58819,03/01/2026,2026,38.9,-76.0,0.41193033153192576
Aratina Solar Center 1B: 91MC8,Solar,80.0,260.0,Avantus,In Construction,62.07,PPA,Actual,Utility,Y,CA,CAISO,34.986825,-117.680784,06/01/2026,2026,35.3,-117.4,0.42061649430448467
Juniper Solar: 48,Solar,74.9,97.4,energyRe,In Construction,55.02,,Assumed,,N,SC,Non-ISO,34.638189,-79.86121,03/01/2026,2026,34.4,-79.6,0.3535034141574903
Washington Solar II (SC): 88,Solar,2.0,2.6,Headwater Energy,In Construction,54.99,,Assumed,,N,SC,Non-ISO,34.238081,-79.25195,04/01/2026,2026,34.4,-79.6,0.3838705055887983
Samson Solar Energy II: GEN1,Solar,200.0,260.0,Invenergy,In Construction,58.89,VPPA,Assumed,C&I,N,TX,ERCOT,33.429182,-95.33175,07/01/2026,2026,33.5,-94.9,0.4375194299959661
Camino Solar Hybrid: PV,Solar,44.0,57.0,Avangrid,In Construction,56.65,VPPA,Assumed,Municipal,Y,CA,CAISO,34.93031,-118.4432,03/31/2025,2025,35.3,-118.3,0.39645546546869675
Tesla Reno GigaFactory: 3,Solar,1.0,1.3,Tesla,In Construction,37.01,,Assumed,,N,NV,Non-ISO,39.539511,-119.4392,12/01/2025,2025,39.8,-119.2,0.3536540104692697
Black Hollow Sun: BHS01,Solar,150.0,195.0,Contour Global,Operating,44.97,PPA,Assumed,Utility,N,CO,Non-ISO,40.616742,-104.8489,09/04/2025,2025,40.7,-104.8,0.0965562248847812
Yum Yum Solar: GEN1,Solar,147.0,191.1,Invenergy,In Construction,51.55,PPA,Assumed,C&I,N,TN,Non-ISO,35.252463,-89.25136,05/01/2026,2026,35.3,-89.5,0.25314346914150715
Blue Jay Solar I: BLUJS,Solar,51.6,103.3,Enel Green Power,Operating,58.44,PPA,Assumed,C&I,Y,TX,ERCOT,30.705329,-96.06983,10/01/2025,2025,30.8,-95.8,0.2859559881188008
State Route 64N Community Solar Farm: 1089,Solar,1.2,1.6,Delaware River Solar,Operating,117.33,,Assumed,,N,NY,NYISO,42.915,-77.454,04/01/2025,2025,42.5,-77.8,0.5403156484870689
LeGore Bridge Solar Center: LGBSC,Solar,20.0,26.0,Orsted,Operating,70.44,,Assumed,,N,MD,PJM,39.572402,-77.30787,11/01/2025,2025,39.8,-76.9,0.46707471190805305
Calhoun County Solar Project: GEN1,Solar,125.0,162.5,Savion Energy,Operating,62.0,PPA,Actual,Utility,N,MI,MISO,42.254,-84.813,03/01/2025,2025,42.5,-85.0,0.3090064724241228
Colleton Solar: 30,Solar,74.9,97.4,Colleton Solar,Suspended,55.09,,Assumed,,N,SC,Non-ISO,33.123794,-80.84248,10/01/2026,2026,33.5,-80.5,0.5087469949159396
Rexford Solar Farm: 20SD8,Solar,300.0,390.0,AES,Operating,57.46,PPA,Assumed,Utility,Y,CA,CAISO,35.840479,-119.0827,02/01/2025,2025,36.2,-119.2,0.3781727640126939
"Eland Solar & Storage Center, Phase 2 Hy: 69SV8",Solar,200.0,374.0,Arevon Energy,Operating,15.8,PPA,Actual,Utility,Y,CA,Non-ISO,35.2167,-117.977,07/01/2025,2025,35.3,-118.3,0.3335684187689157
Cotton Solar: PV1,Solar,16.0,20.8,"Cotton Solar, LLC",In Construction,54.84,,Assumed,,N,SC,Non-ISO,34.455,-79.41028,12/01/2025,2025,34.4,-79.6,0.19753146179785572
SR Litchfield: LITCH,Solar,19.8,25.7,Silicon Ranch,Operating,83.13,PPA,Assumed,C&I,N,CT,ISO-NE,41.793735,-73.16701,02/01/2025,2025,41.6,-73.3,0.23498848977130068
Skeleton Creek Energy Center Hybrid: SCSOL,Solar,250.0,325.0,NextEra Energy Resources,In Construction,56.89,PPA,Assumed,Cooperative,Y,OK,SPP,36.521428,-98.03436,12/31/2025,2025,36.2,-97.6,0.540355964882418
Ridgely Energy Farm: RIGPV,Solar,177.0,330.2,Leeward Renewable Energy,Operating,50.1,PPA,Assumed,Utility,Y,TN,Non-ISO,36.306319,-89.46202,08/01/2025,2025,36.2,-89.5,0.11289911496995966
Perendale Holdings: GEN1,Solar,7.5,9.8,hep solar,Operating,54.31,,Assumed,,N,NC,Non-ISO,35.985701,-80.54407,01/01/2025,2025,36.2,-80.5,0.2187835146920402
Axton Solar: AXTON,Solar,201.1,261.4,Vesper Energy,Suspended,70.74,VPPA,Assumed,C&I,N,VA,PJM,36.671684,-79.68606,12/01/2025,2025,37.1,-79.6,0.43687632054850783
Hornet Solar (TX): HRNET,Solar,600.0,745.0,Vesper Energy,Operating,52.59,VPPA,Assumed,C&I,N,TX,ERCOT,34.485162,-101.9714,04/10/2025,2025,34.4,-102.1,0.1542417785296789
Solar PV Development NM 18 II: SPD,Solar,130.0,169.0,NextEra Energy Resources,In Construction,40.95,,Assumed,,N,NM,Non-ISO,32.31478,-107.678,02/01/2026,2026,32.6,-108.4,0.7762953358097764
El Paso Electric Co:LG-21-9-3:PV,Solar,150.0,195.0,,Suspended,40.82,,Assumed,,Y,NM,Non-ISO,35.107956,-106.724881,07/01/2026,2026,35.3,-106.6,0.22907676027261875
Firefly Solar,Solar,96.0,124.8,Recurrent Energy,In Construction,70.85,,Assumed,,N,VA,PJM,36.57425,-79.228719,01/01/2026,2026,36.2,-79.6,0.5271742059898175
North Ridge Solar: NRIDG,Solar,20.0,26.0,Dominion Energy Virginia,In Construction,78.06,,Assumed,,N,VA,PJM,37.535275,-77.82396,03/01/2026,2026,37.1,-77.8,0.4359339482364245
Staley Solar,Solar,20.0,26.0,TC Energy,In Construction,56.47,VPPA,Assumed,C&I,N,IL,PJM,41.216532,-87.906307,06/01/2026,2026,41.6,-87.7,0.43544263143725204
Swiftwater Solar,Solar,80.0,104.0,Apex Clean Energy,In Construction,70.32,VPPA,Assumed,C&I,N,PA,PJM,41.086921,-75.372991,12/01/2025,2025,40.7,-75.1,0.4735313572742546
Golden Aster Solar Energy Center,Solar,160.0,208.0,Invenergy,Suspended,55.42,,Assumed,,Y,IN,PJM,40.402729,-85.540002,05/01/2026,2026,40.7,-85.9,0.46687108225398205
Clinton Solar,Solar,49.9,64.9,TotalEnergies,Operating,61.13,,Assumed,,N,OH,PJM,39.34098,-83.76907,10/01/2025,2025,38.9,-84.1,0.5513420220697853
Riverstart Solar Park IV: RSS04,Solar,150.0,195.0,EDP Renewables,In Construction,55.67,PPA,Assumed,,N,IN,PJM,40.12115,-85.17476,12/01/2025,2025,39.8,-85.0,0.36562054113521036
Morgnec Solar: MORG1,Solar,55.8,72.5,Prospect14,In Construction,76.29,,Assumed,,N,MD,PJM,39.2299,-76.0525,03/01/2026,2026,38.9,-76.0,0.334051283488031
Blue Jay Solar,Solar,100.0,130.0,Urban Grid,Suspended,70.93,,Assumed,,N,VA,PJM,37.13548,-80.630801,12/01/2025,2025,37.1,-80.5,0.13552760604762912
Smith-Francis Junction 25 kV,Solar,20.0,26.0,Prospect14,Operating,71.87,,Assumed,,N,PA,PJM,40.378946,-80.405998,07/01/2025,2025,40.7,-80.5,0.3345325797586881
Jackson Center Solar Facility,Solar,20.0,26.0,Teichos Energy,In Construction,76.72,,Assumed,,N,PA,PJM,41.297929,-80.122067,07/01/2026,2026,41.6,-80.5,0.4838183972628551
Edgecome Solar Energy Center,Solar,75.0,97.5,Invenergy,Suspended,63.09,VPPA,Assumed,C&I,N,NC,PJM,35.937262,-77.671786,12/01/2025,2025,36.2,-77.8,0.2923526747611574
Henry County Solar,Solar,40.0,52.0,Repsol Renewables NA,Suspended,66.57,,Assumed,,N,OH,PJM,41.472103,-84.125269,08/01/2026,2026,41.6,-84.1,0.13036934060584013
South Branch Solar,Solar,205.0,266.5,Leeward Renewable Energy,Suspended,62.31,,Assumed,,N,OH,PJM,41.071514,-83.45838,12/01/2025,2025,40.7,-83.2,0.45252942069659907
Esky Solar Project,Solar,10.0,13.0,New Jersey Resources Corporation,In Construction,76.65,,Assumed,,N,NJ,PJM,39.712894,-75.204712,04/01/2026,2026,39.8,-75.1,0.13620594032567407
Shorebird Solar,Solar,116.5,151.5,Pine Gate Renewables,Suspended,76.0,,Assumed,,N,PA,PJM,41.848506,-80.11018,12/01/2025,2025,41.6,-80.5,0.4622930503868728
American Beech Solar,Solar,60.0,78.0,BayWa r.e.,In Construction,62.67,,Assumed,,N,NC,PJM,36.203487,-77.528458,01/01/2026,2026,36.2,-77.8,0.27156438818998
Red Brick Solar,Solar,130.0,169.0,Apex Clean Energy,In Construction,77.36,,Assumed,,N,VA,PJM,36.866334,-78.340238,07/01/2026,2026,37.1,-78.7,0.42898542655899424
Vinton Solar Energy,Solar,125.0,162.5,Invenergy,In Construction,62.24,,Assumed,,N,OH,PJM,39.252236,-82.404147,04/01/2026,2026,38.9,-82.3,0.36731021943992104
River Trail Solar: ENX22,Solar,20.0,26.0,"River Trail Solar, LLC",Operating,71.06,,Assumed,,N,VA,PJM,36.709453,-80.88508,04/01/2025,2025,37.1,-80.5,0.5484647350641607
Trade Post Solar: TRADE,Solar,200.0,260.0,Invenergy,In Construction,56.68,,Assumed,,N,IN,PJM,39.238271,-87.51133,06/01/2026,2026,38.9,-87.7,0.3873288503855606
Franklin Solar,Solar,20.0,26.0,Hecate Energy,In Construction,75.13,,Assumed,,N,PA,PJM,41.764428,-79.811311,09/01/2026,2026,41.6,-79.6,0.2677478401500265
Madison County Solar,Solar,100.0,130.0,Acciona Energy,Suspended,55.94,VPPA,Assumed,C&I,N,IN,PJM,40.359802,-85.792542,09/01/2025,2025,40.7,-85.9,0.35676589098175066
Cherrywood Solar I: 6794,Solar,145.0,188.5,NextEra Energy Resources,In Construction,75.34,,Assumed,,N,MD,PJM,38.668892,-75.871173,09/01/2026,2026,38.9,-76.0,0.2645889332398463
Sicklerville Landfill: SKLDF,Solar,2.3,3.0,"Greenprint Capital, LLC",Operating,128.42,,Assumed,,N,NJ,PJM,39.7,-74.98,04/01/2025,2025,39.8,-75.1,0.15620499351812203
Clermont County Solar Project,Solar,100.0,130.0,Savion Energy,Suspended,62.56,,Assumed,,N,OH,PJM,39.093823,-84.094968,12/01/2025,2025,38.9,-84.1,0.1938883089642094
Dodson Creek Solar,Solar,117.0,152.1,Geronimo Power,Operating,61.89,VPPA,Assumed,C&I,N,OH,PJM,39.210683,-83.758697,06/01/2025,2025,38.9,-84.1,0.46153186704495314
Walnut Solar I,Solar,50.0,65.0,Dominion Energy Virginia,In Construction,77.02,,Assumed,,N,VA,PJM,37.541343,-76.700322,07/01/2026,2026,37.1,-76.9,0.48441196035296136
RHC Solar,Solar,3.9,5.1,Flonium,In Construction,75.3,,Assumed,,Y,MD,PJM,38.221668,-75.598992,07/01/2026,2026,38.0,-76.0,0.4581965934923612
AF2-088,Solar,6.5,8.5,Oriden,In Construction,74.7,,Assumed,,N,PA,PJM,41.014637,-78.358635,09/01/2026,2026,40.7,-78.7,0.4642483225537771
Elkwood Solar,Solar,60.0,78.0,ENGIE North America,In Construction,76.86,,Assumed,,N,VA,PJM,38.496171,-77.836162,08/01/2026,2026,38.9,-77.8,0.4054448809456123
Backbone Solar Project,Solar,175.0,227.5,Competitive Power Ventures,In Construction,70.18,,Assumed,,N,MD,PJM,39.442372,-79.20164,03/01/2026,2026,39.8,-79.6,0.5353395894047032
Jackson Center Solar II,Solar,20.0,26.0,Pattern Energy,In Construction,76.72,,Assumed,,N,PA,PJM,41.294949,-80.121851,07/01/2026,2026,41.6,-80.5,0.48585263074516155
Mt Olive Creek Solar,Solar,60.0,78.0,Carolina Solar Energy,In Construction,56.4,,Assumed,,N,KY,PJM,37.102945,-85.08604,09/01/2026,2026,37.1,-85.0,0.08609038636804615
Ho-Fel Solar,Solar,50.2,65.3,Pine Gate Renewables,In Construction,76.99,,Assumed,,N,VA,PJM,36.673032,-76.88201,10/01/2026,2026,37.1,-76.9,0.4273468300151556
Bedington,Solar,100.0,130.0,Torch Clean Energy,Suspended,71.77,,Assumed,,N,MD,PJM,39.314887,-77.522986,10/01/2025,2025,38.9,-77.8,0.4988666945838306
Greenfield CSG 1,Solar,4.0,5.2,SunVest Solar,Suspended,75.85,,Assumed,,N,PA,PJM,42.154961,-79.82273,05/01/2025,2025,42.5,-79.6,0.410683046181609
Wild Indigo Solar,Solar,150.0,195.0,Hexagon Energy,Suspended,77.13,,Assumed,,N,VA,PJM,37.1805,-76.997827,09/01/2026,2026,37.1,-76.9,0.1266900624713682
Redbud Run Solar: 10,Solar,30.0,39.0,Oriden,Suspended,68.84,,Assumed,,N,VA,PJM,39.21157,-78.08417,03/01/2026,2026,38.9,-77.8,0.4216971114437515
NJ Land Phase II,Solar,10.0,13.0,CS Energy,Suspended,76.84,,Assumed,,N,NJ,PJM,40.032704,-74.656562,06/01/2025,2025,39.8,-75.1,0.5007877908455866
Spring Grove Solar II,Solar,150.0,195.0,Urban Grid,In Construction,78.08,,Assumed,,N,VA,PJM,37.16738,-76.92423,03/01/2026,2026,37.1,-76.9,0.07160417096789438
Hardin Energy Center - Phase 3,Solar,20.0,26.0,Invenergy,Operating,62.2,,Assumed,,N,OH,PJM,40.631733,-83.793516,02/01/2025,2025,40.7,-84.1,0.3139949450946612
Stony Creek Solar: ENX26,Solar,15.0,19.5,Energix Renewables,Suspended,75.27,,Assumed,,N,PA,PJM,40.222386,-78.8812,10/01/2025,2025,39.8,-78.7,0.4596121984847705
Juliet Energy Project: OHJE1,Solar,50.0,65.0,7X Energy,In Construction,66.73,,Assumed,,N,OH,PJM,41.343803,-83.81598,02/01/2026,2026,41.6,-84.1,0.38249740287876344
Foster Run,Solar,10.0,13.0,Birch Creek Development,Suspended,75.12,,Assumed,,N,PA,PJM,41.472589,-79.907949,08/01/2026,2026,41.6,-79.6,0.3332658841255812
Welcome Solar II,Solar,19.9,25.9,Emeren,In Construction,69.54,,Assumed,,N,PA,PJM,40.526718,-80.405554,08/01/2026,2026,40.7,-80.5,0.1973491789696655
Blue Moon: BLUMN,Solar,70.0,91.0,Recurrent Energy,In Construction,56.59,,Assumed,,N,KY,PJM,38.37118,-84.2578,06/01/2026,2026,38.0,-84.1,0.4033304258297465
Barbertown Solar,Solar,7.0,9.1,Sunpin Solar,Suspended,76.64,,Assumed,,N,NJ,PJM,40.505443,-74.95759,06/01/2026,2026,40.7,-75.1,0.2411079309126946
SunEast Hooversville Solar,Solar,10.0,13.0,Cordelio Power,Suspended,74.48,,Assumed,,N,PA,PJM,40.153581,-78.934224,08/01/2026,2026,39.8,-78.7,0.4241231021024471
Morrow County Solar II,Solar,64.0,83.2,Open Road Renewables,Suspended,66.61,,Assumed,,N,OH,PJM,40.475914,-82.913334,03/01/2026,2026,40.7,-83.2,0.3638570199295295
Pickaway County II Solar,Solar,49.9,64.9,Savion Energy,Operating,61.07,,Assumed,,N,OH,PJM,39.557415,-83.185179,01/01/2025,2025,39.8,-83.2,0.24303733101315753
Kensington PV 1,Solar,145.0,188.5,LS Power,Suspended,62.49,,Assumed,,N,OH,PJM,40.679724,-80.895584,01/01/2026,2026,40.7,-80.5,0.39610329111482995
Cherry Solar,Solar,180.0,300.0,SunEnergy1,Suspended,62.93,,Assumed,,N,NC,PJM,36.528224,-77.780691,08/01/2025,2025,36.2,-77.8,0.32879147138725917
GGC Solar,Solar,2.7,3.4,Flonium,In Construction,75.51,,Assumed,,Y,MD,PJM,38.552284,-76.051507,07/01/2026,2026,38.9,-76.0,0.3515101530610445
Recreation Solar,Solar,49.5,64.4,BQ Energy,Suspended,62.33,,Assumed,,N,OH,PJM,39.828927,-81.676641,12/01/2025,2025,39.8,-81.4,0.27814926606050755
Wheatsborough Solar,Solar,125.0,162.5,Apex Clean Energy,Operating,66.58,PPA,Assumed,C&I,N,OH,PJM,41.33823,-82.82649,07/01/2025,2025,41.6,-83.2,0.4561066245956051
Sun Ridge Solar: ENX25,Solar,50.0,65.0,NextEra Energy Resources,In Construction,77.7,,Assumed,,Y,VA,PJM,38.314898,-78.74463,03/01/2026,2026,38.0,-78.7,0.3180449454149515
Porter Mill Solar: PORM1,Solar,46.0,59.8,Urban Grid,In Construction,75.3,,Assumed,,N,MD,PJM,38.424314,-75.69678,09/01/2026,2026,38.0,-76.0,0.521521561391281
Walnut Solar I,Solar,20.0,26.0,Dominion Energy Virginia,In Construction,77.02,,Assumed,,N,VA,PJM,37.542684,-76.703813,07/01/2026,2026,37.1,-76.9,0.48420911063816574
Pitt Solar,Solar,80.0,104.0,SunEnergy1,In Construction,61.54,,Assumed,,N,NC,PJM,35.789581,-77.37,11/01/2026,2026,36.2,-77.8,0.5944272500155064
Pickaway County Solar,Solar,49.9,64.9,Enel Green Power,Operating,61.07,,Assumed,,N,OH,PJM,39.557374,-83.186961,01/01/2025,2025,39.8,-83.2,0.2429761128115218
Bakers Pond Solar,Solar,100.0,130.0,EC&R Solar Development,Suspended,77.02,,Assumed,,N,VA,PJM,37.122469,-77.286934,07/01/2026,2026,37.1,-76.9,0.38758583090329474
Magenta Solar,Solar,12.0,15.6,Pine Gate Renewables,Suspended,74.23,,Assumed,,N,PA,PJM,40.010631,-78.456601,08/01/2026,2026,39.8,-78.7,0.3218827292073902
Great Bend Solar Project: GBSP1,Solar,48.0,62.4,Doral Renewables,In Construction,62.26,PPA,Assumed,Utility,N,OH,PJM,39.003333,-81.77111,04/01/2026,2026,38.9,-81.4,0.3852276482665678
Meadow Forge Solar Energy Center,Solar,33.0,42.9,Invenergy,Suspended,55.12,,Assumed,,N,IN,PJM,40.33785,-85.495049,11/01/2026,2026,40.7,-85.9,0.5432659890891467
Cadence Solar II Energy Center,Solar,120.0,156.0,Invenergy,In Construction,62.07,,Assumed,,Y,OH,PJM,40.377601,-83.439752,03/01/2026,2026,40.7,-83.2,0.4017737381972604
WA-Tully,Solar,17.0,22.1,Prospect14,Suspended,75.8,,Assumed,,N,PA,PJM,41.848228,-75.388022,03/01/2025,2025,41.6,-75.1,0.38022863183617006
Cobalt Solar,Solar,20.0,26.0,Cypress Creek Renewables,Operating,76.1,,Assumed,,N,PA,PJM,41.39915,-79.39588,05/01/2025,2025,41.6,-79.6,0.28636636831163775
Walnut Solar I,Solar,20.0,26.0,Dominion Energy Virginia,In Construction,77.02,,Assumed,,N,VA,PJM,37.542859,-76.70334,07/01/2026,2026,37.1,-76.9,0.48456088315195445
Elkhart County Solar Project: USELT,Solar,100.0,130.0,Ares Management,In Construction,55.61,PPA,Assumed,Utility,N,IN,PJM,41.498,-85.69,05/01/2026,2026,41.6,-85.9,0.23346091750013348
Firefly Solar,Solar,54.0,70.2,Recurrent Energy,In Construction,70.85,,Assumed,,N,VA,PJM,36.572818,-79.229551,01/01/2026,2026,36.2,-79.6,0.5255718054890233
Cardinal Solar: CARD,Solar,20.0,26.0,Cypress Creek Renewables,Operating,70.62,,Assumed,,N,PA,PJM,41.34002,-79.72372,07/01/2025,2025,41.6,-79.6,0.28791706930989835
Egypt Road Solar: EGYR1,Solar,51.1,66.4,Urban Grid,In Construction,76.41,,Assumed,,N,MD,PJM,38.530674,-76.10036,12/01/2025,2025,38.9,-76.0,0.382718988130978
National Park NJ,Solar,6.0,7.8,Citizens Energy Corp,In Construction,76.74,,Assumed,,N,NJ,PJM,39.863333,-75.178833,03/01/2026,2026,39.8,-75.1,0.10112225659072531
Crawford Solar III,Solar,20.0,26.0,Pattern Energy,Suspended,76.18,,Assumed,,N,PA,PJM,41.848812,-80.110089,01/01/2025,2025,41.6,-80.5,0.4625343222561963
Woodstock Solar,Solar,40.0,52.0,Heelstone Energy,In Construction,61.12,,Assumed,,N,OH,PJM,40.182649,-83.548104,04/01/2026,2026,39.8,-83.2,0.517297450232451
SunEast Hooversville Solar,Solar,20.0,26.0,Cordelio Power,Suspended,74.48,,Assumed,,N,PA,PJM,40.149785,-78.931104,08/01/2026,2026,39.8,-78.7,0.4192357392219846
Cartersville Solar,Solar,99.9,129.9,J. S. Purcell Lumber Corporation,Suspended,77.34,,Assumed,,N,VA,PJM,37.614481,-78.022389,05/01/2026,2026,38.0,-77.8,0.44506377821836357
FR-Williamsport,Solar,20.0,26.0,Birch Creek Development,In Construction,71.54,,Assumed,,N,PA,PJM,39.76585,-77.745399,12/01/2025,2025,39.8,-77.8,0.06440102251516508
Woodsdale Renewable Energy Center,Solar,49.0,63.7,Duke Energy,In Construction,61.87,,Assumed,,N,OH,PJM,39.449679,-84.464455,06/01/2026,2026,39.8,-84.1,0.5055217602299634
Walnut Solar I,Solar,20.0,26.0,Dominion Energy Virginia,In Construction,77.02,,Assumed,,N,VA,PJM,37.543449,-76.706684,07/01/2026,2026,37.1,-76.9,0.4837541642787221
Yellow Wood Solar Energy Center,Solar,300.0,390.0,Invenergy,In Construction,61.79,,Assumed,,N,OH,PJM,39.252157,-83.81693,09/01/2026,2026,38.9,-84.1,0.4518220640351641
FU-Hanks Solar,Solar,15.7,20.4,Birch Creek Development,Suspended,70.5,,Assumed,,N,PA,PJM,39.90055,-78.252427,11/01/2026,2026,39.8,-78.7,0.45872856116553945
Walker Solar Two,Solar,80.0,104.0,Walden Renewables,In Construction,75.85,,Assumed,,N,PA,PJM,40.585531,-77.345567,09/01/2026,2026,40.7,-76.9,0.46003598060368844
Chester Solar,Solar,120.0,156.0,Torch Clean Energy,In Construction,77.71,VPPA,Assumed,C&I,N,VA,PJM,37.311662,-77.461984,03/01/2026,2026,37.1,-77.8,0.3988177760581843
Dover Solar Facility,Solar,55.0,71.5,Enel Green Power,Suspended,55.35,,Assumed,,N,IN,PJM,41.11624,-85.497779,07/01/2026,2026,40.7,-85.9,0.578824213765289
Ladysmith CT,Solar,120.0,156.0,Urban Grid,Suspended,78.36,,Assumed,,N,VA,PJM,38.083079,-77.4577,06/01/2025,2025,38.0,-77.8,0.35223771836786005
Strawhat Solar Energy Center,Solar,110.0,143.0,Invenergy,Suspended,62.53,,Assumed,,N,OH,PJM,40.661064,-83.794256,01/01/2026,2026,40.7,-84.1,0.30821324700926445
Marlowe Solar,Solar,5.8,7.5,Mon Power,Operating,55.33,,Assumed,,N,WV,PJM,39.589315,-77.83555,04/01/2025,2025,39.8,-77.8,0.21366322033751903
Raleigh Solar Project,Solar,90.0,117.0,Enel Green Power,Suspended,55.81,,Assumed,,N,WV,PJM,37.804598,-81.044209,06/01/2025,2025,38.0,-81.4,0.40591769767405816
Confer Solar I,Solar,20.0,26.0,Prospect14,Suspended,71.22,,Assumed,,N,PA,PJM,40.952787,-77.608511,05/01/2026,2026,40.7,-77.8,0.31712663793822266
G Morris Solar,Solar,17.0,22.1,Foresight Solar Fund,Suspended,75.52,,Assumed,,N,PA,PJM,40.614875,-76.71424,04/01/2026,2026,40.7,-76.9,0.204335614186567
Northumberland Solar: ENX33,Solar,65.0,84.5,Energix Renewables,Operating,73.35,,Assumed,,N,PA,PJM,40.987206,-76.83401,07/01/2025,2025,40.7,-76.9,0.29468961049890874
Fayette Solar: FYTSL,Solar,45.0,58.5,Geronimo Power,Operating,60.7,,Assumed,,N,OH,PJM,39.383,-83.4,01/01/2025,2025,39.8,-83.2,0.46248135097536264
East Hagerstown Solar,Solar,11.8,15.3,Urban Grid,In Construction,70.18,,Assumed,,N,MD,PJM,39.6282,-77.641483,05/01/2026,2026,39.8,-77.8,0.23375816411197323
Jones Farm Solar: JONF1,Solar,64.0,83.2,Urban Grid,Operating,75.91,,Assumed,,N,MD,PJM,39.232046,-75.77228,06/01/2025,2025,38.9,-76.0,0.40263003429451355
Powell Creek Solar,Solar,150.0,195.0,Avangrid,Operating,62.2,,Assumed,,N,OH,PJM,41.092921,-84.11612,04/01/2025,2025,40.7,-84.1,0.3932515310090927
Morgan Street-Cochranton 34.5 kV,Solar,15.0,19.5,Birch Creek Development,Suspended,75.64,,Assumed,,N,PA,PJM,41.560382,-80.098556,03/01/2026,2026,41.6,-80.5,0.4033941881832194
Washington Solar PH II,Solar,11.0,14.3,New Jersey Resources Corporation,In Construction,76.96,,Assumed,,N,NJ,PJM,40.760218,-74.955002,04/01/2026,2026,40.7,-75.1,0.15700518312463504
Ridgeway Solar,Solar,120.0,156.0,Walden Renewables,In Construction,75.12,VPPA,Assumed,C&I,N,PA,PJM,41.696735,-78.527716,08/01/2026,2026,41.6,-78.7,0.19758399955715225
Cedar Lane Solar,Solar,4.0,5.2,Delmarva Power and Light,In Construction,75.73,,Assumed,,N,MD,PJM,39.109753,-75.95995,04/01/2026,2026,38.9,-76.0,0.21354232252412905
South Branch Solar: SBS,Solar,90.0,117.0,Leeward Renewable Energy,In Construction,62.31,,Assumed,,N,OH,PJM,41.128477,-83.51517,02/01/2026,2026,40.7,-83.2,0.5319066350676511
Buffalo Solar,Solar,116.0,150.8,RWE Renewables,In Construction,56.46,,Assumed,,N,IL,PJM,41.297801,-88.538243,05/01/2026,2026,41.6,-88.6,0.3084447481316565
Wingstem Solar Energy Farm,Solar,150.0,195.0,Invenergy,Suspended,55.94,,Assumed,,N,MI,PJM,41.888619,-86.189307,12/01/2025,2025,41.6,-85.9,0.408655683197964
Erie Solar: ERIE,Solar,20.0,26.0,Cypress Creek Renewables,Operating,77.62,,Assumed,,N,PA,PJM,42.0131,-80.30728,02/01/2025,2025,41.6,-80.5,0.4558427452532263
Potter Solar: ENX35,Solar,35.0,45.5,Walden Renewables,In Construction,71.15,VPPA,Assumed,C&I,N,PA,PJM,41.837559,-78.04845,07/01/2026,2026,41.6,-77.8,0.3437465359549118
Abes Run Solar Farm,Solar,13.5,17.6,Oriden,In Construction,79.0,PPA,Actual,Utility,N,PA,PJM,41.014508,-78.358918,09/01/2026,2026,40.7,-78.7,0.46395281310495123
Foul Rift Solar Farm,Solar,15.4,20.0,CEP Renewables,Operating,77.35,,Assumed,,N,NJ,PJM,40.8,-75.09,04/01/2025,2025,40.7,-75.1,0.10049875621120234
Sunny Rock Solar: ENX23,Solar,20.0,26.0,Energix Renewables,Operating,71.08,,Assumed,,N,VA,PJM,36.608705,-79.87988,04/01/2025,2025,36.2,-79.6,0.4953509780196273
Walnut Solar I,Solar,20.0,26.0,Dominion Energy Virginia,In Construction,77.02,,Assumed,,N,VA,PJM,37.541924,-76.70334,07/01/2026,2026,37.1,-76.9,0.4837064992079428
Marion County Solar Project: USMNC,Solar,100.0,130.0,Ares Management,In Construction,66.6,VPPA,Assumed,C&I,N,OH,PJM,40.624518,-83.13615,12/01/2025,2025,40.7,-83.2,0.09886533681731136
Squab Solar,Solar,90.0,117.0,Walden Renewables,In Construction,75.14,,Assumed,,N,PA,PJM,41.176982,-78.970949,07/01/2026,2026,41.6,-78.7,0.5023520567540258
Cadence Solar Energy Center: CADNC,Solar,240.0,312.0,Invenergy,In Construction,62.07,PPA,Assumed,C&I,Y,OH,PJM,40.378008,-83.43687,03/01/2026,2026,40.7,-83.2,0.3997327169046827
Horseshoe Bend Solar,Solar,60.0,78.0,Carolina Solar Energy,In Construction,56.32,,Assumed,,N,KY,PJM,37.174524,-85.570657,11/01/2026,2026,37.1,-85.9,0.33766942151312007
Tymochtee Solar,Solar,120.0,156.0,Apex Clean Energy,In Construction,62.07,,Assumed,,N,OH,PJM,40.956963,-83.212,08/01/2026,2026,40.7,-83.2,0.2572430433831
SunEast Hooversville Solar,Solar,20.0,26.0,Cordelio Power,Suspended,74.48,,Assumed,,N,PA,PJM,40.149111,-78.924755,08/01/2026,2026,39.8,-78.7,0.4152027219877072
Camellia Solar,Solar,19.9,25.9,Dominion Energy,Operating,78.59,,Assumed,,N,VA,PJM,37.421481,-76.475616,04/01/2025,2025,37.1,-76.9,0.5324019278862558
Buckeye Plains II Solar,Solar,49.9,64.9,Enel Green Power,Operating,61.07,PPA,Assumed,Utility,N,OH,PJM,39.559973,-83.186771,01/01/2025,2025,39.8,-83.2,0.24039127931353746
Montpelier Solar Project: MPLR,Solar,49.0,63.7,Apex Clean Energy,In Construction,66.78,,Assumed,,N,OH,PJM,41.59,-84.56,12/01/2025,2025,41.6,-85.0,0.4401136216933054
Blairs Valley,Solar,20.0,26.2,Hecate Energy,Operating,70.38,,Assumed,,N,PA,PJM,39.744291,-77.926994,01/01/2025,2025,39.8,-77.8,0.1386757683122725
Meadow Forge Solar Energy Center,Solar,130.0,169.0,Invenergy,Suspended,55.12,,Assumed,,N,IN,PJM,40.33785,-85.495049,11/01/2026,2026,40.7,-85.9,0.5432659890891467
Hardin Energy Center - Phase 3,Solar,250.0,325.0,Invenergy,Operating,62.63,PPA,Assumed,Utility,N,OH,PJM,40.682326,-83.79388,03/01/2025,2025,40.7,-84.1,0.30662978439152905
Walnut Solar I,Solar,19.9,25.9,Dominion Energy Virginia,In Construction,77.02,,Assumed,,N,VA,PJM,37.541986,-76.700111,07/01/2026,2026,37.1,-76.9,0.4850847725057957
Aspen Road Solar: ASPR1,Solar,100.1,130.1,Urban Grid,Operating,70.58,,Assumed,,N,PA,PJM,40.150905,-77.76381,02/01/2025,2025,39.8,-77.8,0.3527662613190247
Quakertown Solar Farm,Solar,8.8,11.4,NJR Clean Energy Ventures,In Construction,77.36,,Assumed,,N,NJ,PJM,40.523394,-74.937679,12/01/2025,2025,40.7,-75.1,0.23987035305972496
CL-Route 58 B,Solar,13.5,17.6,Prospect14,Suspended,80.98,,Assumed,,N,PA,PJM,41.120149,-79.527283,01/01/2026,2026,40.7,-79.6,0.4263952911208042
Parker Road Solar: PKRRD,Solar,15.4,20.0,CEP Renewables,Operating,77.13,,Assumed,,N,NJ,PJM,40.768,-74.735,07/01/2025,2025,40.7,-75.1,0.37128021762544255
Union City 34.5 kV,Solar,12.0,15.6,Birch Creek Development,In Construction,70.62,,Assumed,,N,PA,PJM,41.947176,-79.846965,12/01/2025,2025,41.6,-79.6,0.42605502719836524
May Renewables,Solar,100.0,130.0,Beaufort Rosemary,In Construction,55.02,,Assumed,,Y,SC,Non-ISO,33.2343,-80.5915,03/01/2026,2026,33.5,-80.5,0.2810137719045112
Louisville Gas & Electric Co:LGE-GIS-2021-009:PV,Solar,200.0,260.0,,Suspended,53.61,,Assumed,,Y,KY,Non-ISO,37.766035,-86.934255,06/01/2026,2026,38.0,-86.8,0.2697480792331947
Ashwood Solar,Solar,86.0,111.8,RWE Renewables,In Construction,51.54,PPA,Assumed,Municipal,N,KY,Non-ISO,37.02343,-88.08052,03/01/2026,2026,37.1,-87.7,0.3881474401564485
Louisville Gas & Electric Co:LGE-GIS-2021-007:PV,Solar,120.0,156.0,,Suspended,51.57,,Assumed,,N,KY,Non-ISO,37.030225,-88.733281,06/01/2026,2026,37.1,-88.6,0.15044060484457938
Flag Run Solar Project,Solar,350.0,650.0,BrightNight,Suspended,51.62,,Assumed,,Y,IN,Non-ISO,38.518333,-85.681392,06/01/2026,2026,38.9,-85.9,0.4398399215089526
SR Cordova: CORDV,Solar,100.0,130.0,Silicon Ranch,Suspended,55.05,,Assumed,C&I,N,SC,Non-ISO,33.45963,-80.88897,09/01/2026,2026,33.5,-80.5,0.39105932772406876
Muskegon Solar: MSP,Solar,250.0,325.0,CMS Energy,In Construction,55.49,,Assumed,,N,MI,MISO,43.232797,-85.99345,03/01/2026,2026,43.4,-85.9,0.1915456752552726
CA - Amazon - SMF6: 20031,Solar,2.6,3.4,ForeFront Power,In Construction,66.82,,Assumed,,N,CA,CAISO,38.75,-121.55,04/01/2026,2026,38.9,-121.9,0.3807886552932027
Turner Meadow Solar Station: TRNR,Solar,19.8,25.7,Glenvale Solar,Operating,85.46,,Assumed,,N,ME,ISO-NE,44.229478,-70.28027,05/25/2025,2025,44.3,-70.6,0.32741506590869474
CA-Ventura County CCD-Ventura College: 17024,Solar,2.5,3.3,ForeFront Power,In Construction,57.38,,Assumed,,N,CA,CAISO,34.25,-119.25,04/01/2026,2026,34.4,-119.2,0.15811388300841672
Sypert Branch Solar: SYPRT,Solar,293.9,382.1,ENGIE North America,In Construction,58.87,,Assumed,,N,TX,ERCOT,30.877895,-97.1944,01/01/2026,2026,30.8,-97.6,0.4130120954947854
Hermes Solar PV: HSPV1,Solar,100.4,130.5,Bell Solar,In Construction,58.82,,Assumed,,N,TX,ERCOT,30.989842,-97.14982,12/01/2025,2025,30.8,-96.7,0.4882397130140089
Cattlemen Solar II: GEN01,Solar,200.0,260.0,ENI Plenitude,In Construction,58.74,,Assumed,,N,TX,ERCOT,31.00447,-97.25946,04/01/2026,2026,30.8,-97.6,0.39720960776395314
Angus Solar,Solar,112.0,145.6,Vistra,Suspended,59.51,,Assumed,,N,TX,ERCOT,31.680616,-97.377425,11/01/2026,2026,31.7,-97.6,0.22341747935422684
Bynum Solar Project,Solar,56.0,72.8,Gransolar Group,In Construction,58.87,,Assumed,,N,TX,ERCOT,31.35056,-97.395161,01/01/2026,2026,31.7,-97.6,0.4050522552967647
Three W Solar,Solar,110.9,144.2,OCI Energy,In Construction,58.92,,Assumed,,N,TX,ERCOT,32.010273,-97.132693,06/01/2026,2026,31.7,-96.7,0.5324402001896548
Eldora Energy: ELDPV,Solar,200.0,240.0,Advanced Power,In Construction,58.33,,Assumed,,Y,TX,ERCOT,28.865989,-96.12169,06/01/2026,2026,29.0,-95.8,0.34848730855083193
MRG Goody Solar Project Hybrid: GDYPV,Solar,170.8,222.0,Nexus Ventures,In Construction,58.98,PPA,Assumed,C&I,Y,TX,ERCOT,33.639193,-95.62905,05/01/2026,2026,33.5,-95.8,0.22045088738536858
Gaia Hybrid: GAIAS,Solar,152.7,198.5,Sunraycer,In Construction,58.98,,Assumed,C&I,Y,TX,ERCOT,32.160767,-96.19527,05/01/2026,2026,32.6,-95.8,0.5909010079437997
Stoneridge Solar: SSPV,Solar,100.0,130.0,RWE Renewables,In Construction,58.42,,Assumed,,Y,TX,ERCOT,30.569447,-97.11043,04/01/2026,2026,30.8,-96.7,0.47075202677098776
Midpoint Solar: MIDPV,Solar,97.5,126.8,Sunraycer,In Construction,58.82,,Assumed,C&I,Y,TX,ERCOT,32.116002,-97.34352,12/01/2025,2025,31.7,-97.6,0.4887122408984659
New Hickory Solar,Solar,209.2,271.9,Pattern Energy,In Construction,58.3,,Assumed,,N,TX,ERCOT,29.066157,-96.902459,07/01/2026,2026,29.0,-96.7,0.21299388566340624
Angelo Solar: ANGSO,Solar,195.0,253.5,Apex Clean Energy,Operating,58.98,VPPA,Assumed,C&I,N,TX,ERCOT,31.51391,-100.598,01/01/2025,2025,31.7,-100.3,0.3513310235376334
Oriana Solar: ORIPV,Solar,180.0,234.0,Sabanci,Operating,57.82,,Assumed,,N,TX,ERCOT,28.905346,-96.97808,08/01/2025,2025,29.0,-96.7,0.2937479635946456
Estonian Solar Project: SOLAR,Solar,204.5,262.0,Enel Green Power,Operating,58.42,PPA,Assumed,C&I,Y,TX,ERCOT,33.457143,-95.6679,06/01/2025,2025,33.5,-95.8,0.1388781208434153
Peregrine Solar: PSPV,Solar,300.0,390.0,Consolidated Edison,Operating,57.43,PPA,Assumed,Utility,N,TX,ERCOT,28.427597,-97.453422,02/01/2025,2025,28.1,-97.6,0.3588940017512073
Chillingham Solar: CHILS,Solar,350.0,456.0,ENGIE North America,Operating,57.98,PPA,Assumed,C&I,N,TX,ERCOT,31.011946,-97.262168,04/30/2025,2025,30.8,-97.6,0.39881269681392206
Shaw Solar,Solar,124.7,162.0,Pine Gate Renewables,In Construction,58.42,,Assumed,,N,TX,ERCOT,29.937445,-99.054707,04/01/2026,2026,29.9,-99.4,0.3473174108420259
Carol Solar,Solar,223.2,290.2,"Goat Mountain Renewables, LLC",Inactive,57.0,,Assumed,,N,TX,ERCOT,35.318072,-102.056368,12/01/2025,2025,35.3,-102.1,0.047226566760660206
Bayside Solar,Solar,508.9,661.6,Canadian Solar,Inactive,58.23,,Assumed,,N,TX,ERCOT,28.684421,-96.754843,08/01/2026,2026,29.0,-96.7,0.3203090068824147
BAYSIDE II SOLAR,Solar,252.8,328.6,Canadian Solar,Inactive,58.92,,Assumed,,N,TX,ERCOT,28.80281,-96.043431,11/01/2026,2026,29.0,-95.8,0.31327711033683925
Eastbell Milam Solar I,Solar,240.0,312.0,EDP Renewables,In Construction,58.74,VPPA,Assumed,C&I,N,TX,ERCOT,31.045676,-96.85863,04/01/2026,2026,30.8,-96.7,0.2924383249097158
Charger Solar,Solar,407.0,516.3,J-Power,In Construction,58.23,,Assumed,,N,TX,ERCOT,28.433739,-97.079716,08/01/2026,2026,28.1,-96.7,0.5055353209984442
TEXAS SOLAR NOVA 3,Solar,200.2,260.3,Clearway Energy,Suspended,59.44,,Assumed,,N,TX,ERCOT,33.336607,-100.985374,01/01/2026,2026,33.5,-101.2,0.2697435677175712
Rocinante Solar,Solar,95.3,123.9,Enel Green Power,In Construction,58.92,,Assumed,,Y,TX,ERCOT,29.489664,-97.42065,11/01/2026,2026,29.9,-97.6,0.4478192217803939
Stampede Solar Hybrid: STMPS,Solar,255.9,332.7,Enel Green Power,In Construction,58.98,,Assumed,,Y,TX,ERCOT,33.22654,-95.312907,04/01/2026,2026,33.5,-94.9,0.49524999974658424
Compadre - Hill Solar 1,Solar,405.0,526.5,TotalEnergies,In Construction,58.13,,Assumed,,N,TX,ERCOT,32.139,-97.06,03/14/2025,2025,31.7,-96.7,0.5677332119931005
Ash Creek Solar: 78663,Solar,408.9,562.0,Primergy,Operating,58.06,VPPA,Assumed,C&I,N,TX,ERCOT,31.867632,-96.95942,05/01/2025,2025,31.7,-96.7,0.3088676477457553
Nightfall Solar,Solar,180.9,235.1,Sol Systems,In Construction,58.33,,Assumed,,N,TX,ERCOT,29.250693,-99.723507,06/01/2026,2026,29.0,-99.4,0.40927223128132467
Shaula II Solar,Solar,205.2,266.8,Lightsource BP,In Construction,58.38,,Assumed,,Y,TX,ERCOT,29.116552,-97.10258,05/01/2026,2026,29.0,-96.7,0.41911218677580825
Greater Bryant G Solar,Solar,17.7,23.0,Chevron,In Construction,59.74,,Assumed,,N,TX,ERCOT,31.969534,-102.175853,09/01/2026,2026,31.7,-102.1,0.2800040263371252
BT Hickerson Solar: 5105,Solar,310.0,403.0,NextEra Energy Resources,Operating,58.82,PPA,Assumed,C&I,N,TX,ERCOT,31.847847,-97.524483,12/01/2025,2025,31.7,-97.6,0.16601672415151214
Alamosa Solar,Solar,209.5,272.3,Forsite,Inactive,58.59,,Assumed,,N,TX,ERCOT,34.056638,-99.191415,01/01/2025,2025,34.4,-99.4,0.40175261700329856
Azalea Springs Solar Park: AZ1,Solar,180.0,234.0,EDP Renewables,Operating,58.44,,Assumed,,N,TX,ERCOT,31.418556,-94.876247,10/01/2025,2025,31.7,-94.9,0.2824445611885636
Shaula I Solar,Solar,205.2,266.8,Lightsource BP,In Construction,58.44,,Assumed,,Y,TX,ERCOT,29.106924,-97.116657,03/01/2026,2026,29.0,-96.7,0.43015787500056357
Ray Ranch Solar - Tulsita,Solar,255.2,331.8,ENGIE North America,In Construction,58.29,,Assumed,,N,TX,ERCOT,28.631576,-97.720147,04/01/2026,2026,29.0,-97.6,0.3875197354780804
Big Elm Solar: BELMS,Solar,200.0,260.0,Apex Clean Energy,In Construction,58.89,,Assumed,,N,TX,ERCOT,31.00542,-97.259619,07/01/2026,2026,30.8,-97.6,0.39756333025191815
Caliche Mound Solar,Solar,406.6,528.6,CIG Renewables,In Construction,57.49,,Assumed,,N,TX,ERCOT,34.860384,-102.264058,10/01/2026,2026,35.3,-102.1,0.46923049221038293
Grimes County Solar: GS1,Solar,210.0,273.0,Candela Renewables,In Construction,58.98,,Assumed,,N,TX,ERCOT,30.66,-96.07,04/01/2026,2026,30.8,-95.8,0.30413812651490774
Jones City 2 Solar: TXJC2,Solar,185.0,240.5,Lightsource BP,In Construction,59.69,,Assumed,,Y,TX,ERCOT,32.796034,-99.967323,06/01/2026,2026,32.6,-100.3,0.38613898467391444
Morrow Lake Solar: MLPV,Solar,200.0,260.0,Leeward Renewable Energy,In Construction,58.44,,Assumed,,N,TX,ERCOT,28.944954,-99.057975,03/01/2026,2026,29.0,-99.4,0.34642627316790603
Cascade Solar,Solar,171.0,222.3,Recurrent Energy,In Construction,58.65,,Assumed,,Y,TX,ERCOT,29.340788,-95.362572,09/01/2026,2026,29.0,-95.8,0.5545085356673938
Greyhound Solar,Solar,335.5,436.1,Origis Energy,In Construction,59.53,,Assumed,,N,TX,ERCOT,31.589766,-102.955298,03/01/2026,2026,31.7,-103.0,0.11895294683192899
Honeycomb Solar SLF,Solar,61.4,79.8,Alluvial Power,In Construction,58.33,,Assumed,,Y,TX,ERCOT,28.178631,-97.755607,06/01/2026,2026,28.1,-97.6,0.1743455551770699
Stockdale Solar,Solar,152.5,198.3,"Stockdale Solar, LLC",Inactive,58.08,,Assumed,,N,TX,ERCOT,29.46739,-97.999837,12/01/2025,2025,29.9,-97.6,0.5890849163482302
Delaware Ranch Solar,Solar,36.0,46.8,Chevron,In Construction,59.74,,Assumed,,N,TX,ERCOT,31.93734,-104.312234,09/01/2026,2026,31.7,-103.9,0.4756754632688112
Indigo Solar & Storage: IS245,Solar,150.0,195.0,Innovative Solar,In Construction,58.55,PPA,Assumed,,Y,TX,ERCOT,32.628061,-100.236,08/01/2026,2026,32.6,-100.3,0.06988146908157522
Blevins Solar,Solar,271.6,353.1,Geronimo Power,Operating,58.6,PPA,Assumed,C&I,N,TX,ERCOT,31.219232,-97.199278,08/01/2025,2025,30.8,-97.6,0.579942748129495
Parliament Solar,Solar,484.6,629.9,Parliament Energy,In Construction,58.8,,Assumed,,N,TX,ERCOT,30.208773,-95.853152,04/01/2026,2026,29.9,-95.8,0.3133143798694868
Stillhouse Solar,Solar,210.0,284.0,Matrix Renewables,In Construction,58.6,PPA,Assumed,C&I,N,TX,ERCOT,30.967591,-97.16511,08/01/2025,2025,30.8,-97.6,0.46606443264960234
Quantum Solar: IPQ1S,Solar,374.4,486.7,Intersect Power,In Construction,59.53,,Assumed,,N,TX,ERCOT,33.010469,-99.599361,03/01/2026,2026,32.6,-99.4,0.4563218253404035
Sequoia Solar,Solar,417.5,542.7,Enbridge,In Construction,59.51,,Assumed,C&I,N,TX,ERCOT,32.341045,-99.168861,11/01/2026,2026,32.6,-99.4,0.3471065100887617
Pine Forest Solar I: PFPV,Solar,300.0,390.0,Clearway Energy,In Construction,58.6,PPA,Assumed,,Y,TX,ERCOT,33.112039,-95.405007,08/01/2025,2025,33.5,-95.8,0.5536544116775349
Mercury II Solar SLF,Solar,206.1,267.9,NextEra Energy Resources,Operating,57.98,,Assumed,,N,TX,ERCOT,31.89677,-97.01791,04/01/2025,2025,31.7,-96.7,0.373878591256572
Millers Branch Solar 2,Solar,180.0,234.0,Southern Power,In Construction,59.52,,Assumed,,N,TX,ERCOT,33.227188,-99.601086,04/01/2026,2026,33.5,-99.4,0.33891291911049476
Long Point Solar: GEN1,Solar,120.0,156.0,MN8 Energy,In Construction,58.8,,Assumed,,N,TX,ERCOT,29.245794,-95.695983,04/01/2026,2026,29.0,-95.8,0.26689740861424605
Limewood Bell Renewables Solar: LMWOD,Solar,204.0,265.2,Pine Gate Renewables,In Construction,59.0,PPA,Assumed,C&I,N,TX,ERCOT,31.129365,-97.26139,03/01/2026,2026,30.8,-97.6,0.47237488854192045
Sequoia Solar,Solar,401.4,521.8,Enbridge,In Construction,58.57,,Assumed,C&I,N,TX,ERCOT,32.412297,-99.156002,12/01/2025,2025,32.6,-99.4,0.3078432071899622
Millers Branch Solar 1,Solar,200.0,260.0,Southern Power,In Construction,59.13,,Assumed,,N,TX,ERCOT,33.227188,-99.601086,12/01/2025,2025,33.5,-99.4,0.33891291911049476
Compadre Solar: 5191,Solar,150.0,195.0,NextEra Energy Resources,In Construction,58.98,,Assumed,,N,TX,ERCOT,33.544487,-97.325628,05/01/2026,2026,33.5,-97.6,0.2779551898292232
Tanglewood Solar,Solar,251.0,326.2,TotalEnergies,In Construction,58.64,,Assumed,,N,TX,ERCOT,29.222861,-95.325628,12/01/2025,2025,29.0,-94.9,0.480443773718623
Ulysses Solar,Solar,151.2,196.6,Akuo Energy,In Construction,59.77,,Assumed,,N,TX,ERCOT,31.528006,-100.321468,10/01/2026,2026,31.7,-100.3,0.17332862158339357
Jones City 1 Solar: TXJC1,Solar,215.0,279.5,Lightsource BP,In Construction,59.48,,Assumed,,N,TX,ERCOT,32.777188,-99.998693,06/01/2026,2026,32.6,-100.3,0.34954469756097983
Orange Grove: TALPV,Solar,131.0,170.3,Enbridge,Operating,57.62,,Assumed,C&I,N,TX,ERCOT,27.918286,-97.98045,06/01/2025,2025,28.1,-97.6,0.4216185246120111
Tyson Nick: 1,Solar,90.5,117.7,Nexus Ventures,In Construction,58.92,,Assumed,,N,TX,ERCOT,33.644897,-95.62704,06/01/2026,2026,33.5,-95.8,0.22563311416767096
Maleza Solar,Solar,255.0,331.4,SunChase Power,In Construction,58.92,,Assumed,,Y,TX,ERCOT,29.025465,-96.235399,11/01/2026,2026,29.0,-95.8,0.43614304468374065
Fagus Solar Park: MISII,Solar,331.6,431.1,Greenalia,In Construction,56.89,VPPA,Assumed,C&I,N,TX,ERCOT,34.352101,-100.049141,09/02/2025,2025,34.4,-100.3,0.2553909788578988
Solace Solar,Solar,322.0,418.1,Intersect Power,In Construction,59.53,,Assumed,,Y,TX,ERCOT,33.146654,-98.60753,03/01/2026,2026,33.5,-98.5,0.36934549762519203
Pleasant Valley Solar 2: PV,Solar,125.0,162.5,rPlus Energies,In Construction,48.57,,Assumed,,N,ID,Non-ISO,43.18068,-115.725613,04/01/2026,2026,43.4,-115.6,0.2527447094777627
Box Canyon: PV,Solar,300.0,390.0,Cordelio Power,In Construction,39.75,,Assumed,,Future,AZ,Non-ISO,33.160564,-111.3692,03/01/2026,2026,33.5,-111.1,0.4332267744449851
Mosby Butte Solar:PV,Solar,200.0,260.0,rPlus Energies,Suspended,48.6,,Assumed,,Y,ID,Non-ISO,42.776363,-112.867064,02/01/2026,2026,42.5,-112.9,0.2783186804097101
Crimson Orchard:PV,Solar,100.0,130.0,Clenera,In Construction,48.52,,Assumed,,Y,ID,Non-ISO,43.17445,-115.728903,06/01/2026,2026,43.4,-115.6,0.2597860387107078
SR Metter: METTR,Solar,79.7,103.6,Silicon Ranch,In Construction,59.08,,Assumed,,N,GA,Non-ISO,32.314315,-82.07337,08/01/2026,2026,32.6,-82.3,0.3646602201022214
IPCO:558:PV,Solar,120.0,156.0,Cat Creek Energy and Water,In Construction,48.43,,Assumed,,N,ID,Non-ISO,42.51881,-114.005312,09/01/2026,2026,42.5,-113.8,0.2061718541508581
Northwestern Energy:Meadowlark Solar:PV,Solar,20.0,26.0,ENGIE North America,In Construction,46.51,,Assumed,,Y,MT,Non-ISO,45.858009,-108.59095,04/01/2026,2026,46.1,-108.4,0.3082556513366782
Broadview IV,Solar,300.0,390.0,ENGIE North America,IA Executed,46.52,,Assumed,,Y,MT,Non-ISO,45.46515,-108.322256,09/01/2025,2025,45.2,-108.4,0.2763125984026076
Four Sisters Energy Center:PV,Solar,200.0,260.0,,Suspended,46.65,,Assumed,,Y,MT,Non-ISO,45.85428,-109.319676,12/01/2025,2025,46.1,-109.3,0.2465065179178828
Pleasant Valley Solar,Solar,200.0,260.0,Matrix Renewables,Operating,39.95,PPA,Actual,,N,ID,Non-ISO,43.30361,-115.9893,04/17/2025,2025,43.4,-115.6,0.4010555099983098
Bear Lake GI Project:PV,Solar,325.0,422.5,,Suspended,43.22,,Assumed,,Y,ID,Non-ISO,44.314507,-114.528046,09/01/2026,2026,44.3,-114.7,0.17256486074806737
Elko County Solar 1:PV,Solar,53.0,68.9,,Suspended,37.03,,Assumed,,Y,NV,Non-ISO,41.399556,-114.782711,01/01/2025,2025,41.6,-114.7,0.21683843445524678
Broadview Solar I:PV,Solar,80.0,104.0,ENGIE North America,In Construction,46.34,,Assumed,,Y,MT,Non-ISO,46.051498,-108.851868,07/01/2026,2026,46.1,-109.3,0.4507490803407156
SR Bacon: BACON,Solar,85.0,110.5,Silicon Ranch,In Construction,59.03,,Assumed,,N,GA,Non-ISO,31.511392,-82.33683,07/01/2026,2026,31.7,-82.3,0.1921703061453567
Cottonmouth Ranch Solar: 1,Solar,74.5,96.9,Emera Energy,In Construction,50.89,,Assumed,,N,FL,Non-ISO,27.670758,-82.1735,09/01/2026,2026,28.1,-82.3,0.44749407209928493
SR Rochelle Solar:PV,Solar,120.0,156.0,Silicon Ranch,In Construction,59.02,,Assumed,,N,GA,Non-ISO,32.117282,-83.537746,06/01/2026,2026,31.7,-83.2,0.536839480701634
ONeal Solar: PV2,Solar,200.0,260.0,Leeward Renewable Energy,Suspended,58.27,,Assumed,,N,GA,Non-ISO,31.99864,-82.36826,04/01/2025,2025,31.7,-82.3,0.3063417653536696
Prospero Solar I,Solar,68.0,88.4,Fusion Renewable,Suspended,58.98,,Assumed,,N,AL,Non-ISO,30.879652,-88.17596,01/01/2026,2026,30.8,-88.6,0.431456095917061
PacifiCorp:C2-169:PV,Solar,99.0,128.7,PacifiCorp,Suspended,43.32,,Assumed,,N,UT,Non-ISO,40.756844,-112.650182,05/01/2026,2026,40.7,-112.9,0.256203578156126
Pachuta Solar PV,Solar,150.0,195.0,Clenera,Suspended,46.66,,Assumed,,Y,MS,Non-ISO,32.002,-88.955,08/01/2025,2025,31.7,-88.6,0.4660783195987609
Minkar Energy Project: PV,Solar,125.0,162.5,Lightsource BP,Suspended,46.04,,Assumed,,N,MS,Non-ISO,31.2297,-89.4166,07/01/2026,2026,30.8,-89.5,0.43771868820053816
El Paso Electric Co:LG-17-9-1:PV,Solar,150.0,195.0,El Paso Electric Co,In Construction,40.84,,Assumed,,Y,NM,Non-ISO,34.593941,-105.784806,08/01/2026,2026,34.4,-105.7,0.21167231542410309
Wrightsville Solar 1,Solar,150.0,195.0,Leeward Renewable Energy,Suspended,58.27,,Assumed,,N,GA,Non-ISO,32.738542,-82.738169,04/01/2025,2025,32.6,-82.3,0.4595497343324247
Solar Harvest,Solar,0.3,0.4,Oregon Clean Power Cooperative,In Construction,51.42,,Assumed,,N,OR,Non-ISO,45.31447,-122.772484,07/01/2026,2026,45.2,-122.8,0.11773067211223626
Pelham Solar: PV,Solar,120.0,156.0,Origis Energy,Suspended,50.89,,Assumed,,Y,GA,Non-ISO,30.642987,-82.057582,11/01/2026,2026,30.8,-82.3,0.2888244603439952
Green Pasture: 1,Solar,74.5,96.9,Florida Power & Light Co,Operating,50.98,,Assumed,,N,FL,Non-ISO,27.023117,-81.77712,01/01/2025,2025,27.2,-81.4,0.4165418227369169
Tenmile Creek: 1,Solar,74.5,96.9,Florida Power & Light Co,Operating,58.11,,Assumed,,N,FL,Non-ISO,30.503643,-85.16738,01/01/2025,2025,30.8,-85.0,0.3403579525279207
Halsey Lane Solar: 1795,Solar,5.0,6.5,Delaware River Solar,In Construction,114.2,,Assumed,,N,NY,NYISO,42.603975,-76.83834,02/01/2026,2026,42.5,-76.9,0.12088323384572436
Fawn: 1,Solar,74.5,96.9,Florida Power & Light Co,Operating,50.98,,Assumed,,N,FL,Non-ISO,27.05476,-80.37958,01/01/2025,2025,27.2,-80.5,0.18866805240951176
Timberland Solar: TSPV,Solar,140.0,182.0,RWE Renewables,Operating,60.17,PPA,Assumed,Utility,N,GA,Non-ISO,33.97361,-82.85555,08/01/2025,2025,34.4,-83.2,0.548137058225408
Rocking R Solar: RRS,Solar,72.5,94.3,DESRI,Operating,57.96,PPA,Assumed,Utility,N,LA,SPP,32.883965,-93.8833,08/01/2025,2025,32.6,-94.0,0.3070097901126279
Big Water: 1,Solar,74.5,96.9,Florida Power & Light Co,Operating,50.98,,Assumed,,N,FL,Non-ISO,27.44193,-80.80183,01/01/2025,2025,27.2,-80.5,0.3868222767628529
Fox Trail: 1,Solar,74.5,96.9,Florida Power & Light Co,Operating,50.98,,Assumed,,N,FL,Non-ISO,27.846074,-80.674,01/01/2025,2025,28.1,-80.5,0.30782204839160276
Gallaudet Uni Community Solar: GUCS1,Solar,2.0,2.6,Gallaudet University,Operating,81.05,,Assumed,,N,DC,PJM,38.90724,-76.99372,03/01/2025,2025,38.9,-76.9,0.0939992340394232
SloughHouse Solar: SHS,Solar,50.0,65.0,DESRI,Operating,67.13,PPA,Assumed,Municipal,N,CA,Non-ISO,38.467619,-121.1845,07/01/2025,2025,38.9,-121.0,0.4700995417579127
Speckled Perch: 1,Solar,74.5,96.9,Florida Power & Light Co,Operating,50.98,PPA,Assumed,Utility,N,FL,Non-ISO,27.278413,-80.80238,01/01/2025,2025,27.2,-80.5,0.31238159832006723
Mare Branch: 1,Solar,74.5,96.9,Florida Power & Light Co,In Construction,50.88,,Assumed,,N,FL,Non-ISO,27.30365,-81.76741,03/01/2026,2026,27.2,-81.4,0.38175048212149626
Boardwalk: 1,Solar,74.5,96.9,Florida Power & Light Co,In Construction,51.02,,Assumed,,N,FL,Non-ISO,26.483507,-81.231709,01/01/2026,2026,26.3,-81.4,0.24899132460791304
MN CSG 2019-55: STEGE,Solar,1.0,1.8,New Energy Equity,In Construction,112.0,PPA,Actual,Utility,N,MN,MISO,44.36339,-92.0267,07/01/2026,2026,44.3,-92.2,0.18452962390900773
Thomas Creek: 1,Solar,74.5,96.9,Florida Power & Light Co,Operating,50.98,,Assumed,,N,FL,Non-ISO,30.51999,-81.88676,01/01/2025,2025,30.8,-82.3,0.49917221246780347
Shasta College PH2 Solar Project: SCSP1,Solar,1.5,2.0,TotalEnergies,In Construction,65.22,,Assumed,,Y,CA,CAISO,40.62524,-122.314,04/01/2026,2026,40.7,-121.9,0.42069592058871946
Chidsey Hill Road Solar: 1666,Solar,3.0,3.9,Delaware River Solar,In Construction,114.18,,Assumed,,N,NY,NYISO,42.573062,-77.16598,02/01/2026,2026,42.5,-76.9,0.27583222481066183
Hog Bay: 1,Solar,74.5,96.9,Florida Power & Light Co,Operating,50.98,,Assumed,,N,FL,Non-ISO,27.078175,-81.83212,01/01/2025,2025,27.2,-81.4,0.4489643917116338
Holopaw: 1,Solar,74.5,96.9,Florida Power & Light Co,Operating,50.92,PPA,Assumed,Utility,N,FL,Non-ISO,26.77617,-80.41104,01/01/2025,2025,27.2,-80.5,0.43306552679704147
Long Creek: 1,Solar,74.5,96.9,Florida Power & Light Co,Operating,50.98,,Assumed,,N,FL,Non-ISO,27.411974,-82.10387,01/01/2025,2025,27.2,-82.3,0.2887905011872781
Redlands: 1,Solar,74.5,96.9,Florida Power & Light Co,Operating,50.98,,Assumed,,N,FL,Non-ISO,25.542897,-80.54673,01/01/2025,2025,25.4,-80.5,0.15034375779858664
Country Acres Clean Power:PV,Solar,344.0,403.0,Clenera,In Construction,86.5,PPA,Actual,Municipal,Y,CA,Non-ISO,38.751744,-121.4221,06/01/2026,2026,38.9,-121.0,0.4473793150515558
Roadrunner Solar and BESS: RRPV,Solar,235.0,305.5,Clenera,In Construction,40.3,,Assumed,,Y,AZ,Non-ISO,32.086149,-109.9353,03/01/2026,2026,31.7,-110.2,0.46816358273684877
Pulaski Solar,Solar,405.0,542.6,Vistra,In Construction,48.72,,Assumed,,N,IL,Non-ISO,37.264918,-88.9524,03/01/2026,2026,37.1,-88.6,0.3890805915539891
Pineview Solar: PNVW1,Solar,80.0,104.0,Linea Energy,In Construction,59.17,,Assumed,,N,GA,Non-ISO,31.992958,-83.565228,09/01/2026,2026,31.7,-83.2,0.4682049569878588
Karn Solar Energy Center: KSEC,Solar,80.0,104.0,CMS Energy,In Construction,55.13,,Assumed,,N,MI,MISO,43.644996,-83.84007,07/01/2026,2026,43.4,-84.1,0.35719272797188734
Heartwood Solar: HWS,Solar,150.0,195.0,Ranger Power,In Construction,55.05,,Assumed,,N,MI,MISO,41.934092,-84.7343,09/01/2026,2026,41.6,-85.0,0.42686526500055777
940,Solar,25.0,32.5,DESRI,Operating,82.69,,Assumed,,N,CT,ISO-NE,41.886558,-72.577573,08/01/2025,2025,41.6,-72.4,0.3371166826085562
Exeter Mail CSG: SC,Solar,5.0,6.5,Nautilus Solar Energy,Operating,88.91,,Assumed,,N,RI,ISO-NE,41.53216,-71.5597,01/01/2025,2025,41.6,-71.5,0.09036789031509647
Pomham Islander (CSG): SC,Solar,2.5,3.3,Nautilus Solar Energy,Operating,89.44,,Assumed,,N,RI,ISO-NE,41.95397,-71.52153,07/01/2025,2025,41.6,-71.5,0.35462416979105876
Mousam River Solar,Solar,20.0,26.0,Walden Renewables,Operating,85.03,,Assumed,,N,ME,ISO-NE,43.459006,-70.780636,10/01/2025,2025,43.4,-70.6,0.19002913600814725
Pine Hill Westport: 702,Solar,3.3,4.3,Greenbacker Renewable Energy,Operating,88.34,,Assumed,,N,MA,ISO-NE,41.605142,-71.04409,06/01/2025,2025,41.6,-70.6,0.4441197679275293
Ring Road: 686,Solar,2.0,2.6,Greenbacker Renewable Energy,Operating,88.26,,Assumed,,Y,MA,ISO-NE,41.975339,-70.78148,06/01/2025,2025,41.6,-70.6,0.41691048837970046
Eureka North Solar: 63232,Solar,3.5,4.6,Nexamp,In Construction,123.96,,Assumed,,N,NY,NYISO,43.12887,-75.41637,12/01/2025,2025,43.4,-75.1,0.41665507773217364
Eureka South Solar: 63231,Solar,5.0,6.5,Southern Company,In Construction,123.96,,Assumed,,N,NY,NYISO,43.13071,-75.41617,12/01/2025,2025,43.4,-75.1,0.4153078051277133
Envoy Solar: PV,Solar,50.0,65.0,Birch Creek Development,Operating,48.67,VPPA,Assumed,C&I,N,MO,MISO,39.156733,-91.84798,02/01/2025,2025,38.9,-92.2,0.4356947482917361
Richland Township Solar: PV,Solar,35.0,45.5,Birch Creek Development,Operating,48.57,,Assumed,,N,IL,MISO,40.935947,-89.28789,01/01/2025,2025,40.7,-89.5,0.3172721842661222
Salt Creek Township Solar: PV,Solar,50.0,65.0,Birch Creek Development,Operating,48.56,,Assumed,,N,IL,MISO,40.182668,-89.72027,01/01/2025,2025,39.8,-89.5,0.4415355830779685
Pioneer Hutt Solar,Solar,116.0,150.8,Pioneer Hutt Solar,Inactive,59.44,,Assumed,,N,TX,ERCOT,31.729704,-101.792017,07/01/2026,2026,31.7,-102.1,0.3094121133779281
Roaring Springs: 5840,Solar,250.0,325.0,NextEra Energy Resources,In Construction,57.03,,Assumed,,N,TX,ERCOT,33.877514,-100.8902,01/01/2026,2026,33.5,-101.2,0.4883573079170665
Leon Solar Park,Solar,210.1,273.1,Ferrovial,In Construction,58.89,,Assumed,,Future,TX,ERCOT,31.464856,-95.696238,07/01/2026,2026,31.7,-95.8,0.25701994743599155
BT Jungmann: JUNGM,Solar,40.0,52.0,Pine Gate Renewables,Operating,57.98,,Assumed,,N,TX,ERCOT,31.129622,-97.332793,04/25/2025,2025,30.8,-97.6,0.42432327738765385
Swift Air Solar I: OSAS1,Solar,145.0,188.5,Origis Energy,Operating,58.98,,Assumed,,N,TX,ERCOT,31.7688,-102.696,01/02/2025,2025,31.7,-103.0,0.3116880491773805
Texas One,Solar,50.0,65.0,Pine Gate Renewables,Operating,57.72,PPA,Assumed,Utility,N,TX,ERCOT,30.622785,-97.210219,04/25/2025,2025,30.8,-97.6,0.42817564641861583
Diver Solar: 5665,Solar,225.0,257.0,NextEra Energy Resources,Operating,58.6,,Assumed,,N,TX,ERCOT,31.25,-96.39,08/01/2025,2025,31.7,-96.7,0.5464430436925707
Pitts Dudik II,Solar,30.2,39.3,Elawan Energy,In Construction,58.89,,Assumed,,N,TX,ERCOT,31.901579,-97.009234,02/01/2026,2026,31.7,-96.7,0.3691337968772342
Oster Sun CSG: OSTRS,Solar,1.0,1.3,SunShare,Operating,117.73,,Assumed,,N,MN,MISO,45.628723,-94.61461,02/01/2025,2025,45.2,-94.9,0.5150251089306249
Buffalo Sun CSG: BUFFS,Solar,0.9,1.2,SunShare,Operating,117.46,,Assumed,,N,MN,MISO,44.799686,-94.01997,01/01/2025,2025,45.2,-94.0,0.4008118005947446
Quarry Sun CSG: QURYS,Solar,1.0,1.3,SunShare,Operating,117.48,,Assumed,,N,MN,MISO,44.043674,-92.6952,01/01/2025,2025,44.3,-93.1,0.47913052321470045
Isaac Solar: ISCPV,Solar,51.6,92.0,Industrial Sun,In Construction,58.33,,Assumed,,N,TX,ERCOT,28.797223,-95.93717,06/01/2026,2026,29.0,-95.8,0.24481446164187232
Bonham Solar SLF,Solar,138.4,179.9,X-Elio,In Construction,58.81,,Assumed,,Y,TX,ERCOT,31.678764,-96.494294,08/01/2026,2026,31.7,-96.7,0.20679924113014186
Maldives Solar (Oncor POI),Solar,184.0,239.2,Maldives Solar,Inactive,59.44,,Assumed,,N,TX,ERCOT,32.33445,-100.91621,07/01/2026,2026,32.6,-101.2,0.3886561032583951
Switchgrass Solar: SSPV,Solar,70.0,91.0,Consolidated Edison,Suspended,78.58,,Assumed,,N,VA,PJM,36.676484,-76.58588,10/01/2025,2025,37.1,-76.9,0.5272923066535308
Blue Elk I Solar: BEI,Solar,20.0,26.0,Torch Clean Energy,In Construction,55.41,,Assumed,,N,MI,MISO,41.919,-83.996,04/01/2026,2026,41.6,-84.1,0.33552496181356906
HCE Red House Solar: REDHS,Solar,5.0,6.5,Leyline Renewable Capital,Operating,78.7,,Assumed,,N,VA,PJM,37.18378,-78.81415,03/01/2025,2025,37.1,-78.7,0.14159558926745716
Northwestern Energy:Judith Gap 2:PV,Solar,50.0,65.0,Invenergy,In Construction,46.51,,Assumed,,Y,MT,Non-ISO,46.613472,-109.81,04/01/2026,2026,47.0,-110.2,0.5490937030999347
Asotin Solar,Solar,150.0,195.0,Avangrid,Suspended,42.9,,Assumed,,N,WA,Non-ISO,46.387571,-117.113282,09/01/2025,2025,46.1,-117.4,0.40608409420341035
Swallowtail: 1,Solar,74.5,96.9,Florida Power & Light Co,Operating,58.11,,Assumed,,N,FL,Non-ISO,30.92362,-86.23106,01/01/2025,2025,30.8,-85.9,0.35338736253578107
Horus Alabama 1 (Alawest 2 Solar),Solar,80.0,104.0,Opdenergy,Suspended,59.08,,Assumed,,N,AL,Non-ISO,33.648461,-87.122959,08/01/2026,2026,33.5,-86.8,0.35544786425296965
El Paso Electric Co:LG-22-9-5:PV,Solar,100.0,130.0,OneEnergy Renewables,Operating,41.77,,Assumed,,N,TX,Non-ISO,31.507666,-106.136424,10/01/2025,2025,31.7,-105.7,0.47692585936600423
El Paso Electric Co:LG-22-9-4:PV,Solar,50.0,65.0,OneEnergy Renewables,Operating,41.77,,Assumed,,N,TX,Non-ISO,31.519736,-106.132994,10/01/2025,2025,31.7,-105.7,0.46901909740648473
Chihuahuan Desert Solar: 10TXC,Solar,10.0,13.0,El Paso Electric Co,Operating,41.65,,Assumed,,N,TX,Non-ISO,31.560528,-106.2586,05/01/2025,2025,31.7,-106.6,0.36879045375930575
Apricus Solar,Solar,2.5,3.3,Kendall Sustainable Infrastructure,In Construction,51.43,,Assumed,,N,OR,Non-ISO,45.056852,-123.475677,08/01/2026,2026,45.2,-123.7,0.26610553965109457
Northwestern Energy:Judith Gap 3:PV,Solar,50.0,65.0,Invenergy,In Construction,46.51,,Assumed,,Y,MT,Non-ISO,46.613314,-109.81,04/01/2026,2026,47.0,-110.2,0.549204936791357
Powers Butte EC GI Project:PV,Solar,200.0,260.0,Savion Energy,Suspended,48.52,,Assumed,,Y,ID,Non-ISO,43.439983,-116.525226,06/01/2026,2026,43.4,-116.5,0.047275695288384
Horus Alabama 1: PV2,Solar,80.0,104.0,Opdenergy,Suspended,59.08,,Assumed,,N,AL,Non-ISO,33.648461,-87.122959,08/01/2026,2026,33.5,-86.8,0.35544786425296965
Hawkinsville Solar: PV,Solar,150.0,195.0,Leeward Renewable Energy,Suspended,59.33,,Assumed,,Y,GA,Non-ISO,32.194271,-83.571661,11/01/2026,2026,32.6,-83.2,0.5502253359869964
Wilson:PV,Solar,300.0,390.0,NextEra Energy Resources,In Construction,48.49,,Assumed,,Y,ID,Non-ISO,43.351162,-116.664034,12/01/2025,2025,43.4,-116.5,0.171149944200984
NV:Company LY:PV,Solar,200.0,260.0,,Suspended,36.73,,Assumed,,Y,NV,Non-ISO,40.822981,-116.501459,07/01/2025,2025,40.7,-116.5,0.1229896542071688
NV:Company 207:PV,Solar,200.0,260.0,,Suspended,37.01,,Assumed,,Y,NV,Non-ISO,36.201854,-114.900863,04/01/2025,2025,36.2,-114.7,0.2008715561870303
NV:Company 208:PV,Solar,200.0,260.0,,Suspended,37.01,,Assumed,,Y,NV,Non-ISO,36.346136,-114.903199,04/01/2025,2025,36.2,-114.7,0.25029095887985786
NV:Company LZ:PV,Solar,200.0,260.0,,Suspended,36.73,,Assumed,,Y,NV,Non-ISO,40.815221,-116.503859,07/01/2025,2025,40.7,-116.5,0.11528560500773563
Long Point Solar II,Solar,100.9,131.2,SunChase Power,Inactive,58.64,,Assumed,,N,TX,ERCOT,29.192364,-95.673266,12/01/2025,2025,29.0,-95.8,0.23035931770171628
Tooele Army Depot(CSG): PV2,Solar,1.5,2.0,Tooele Army Depot,Operating,42.94,,Assumed,,N,UT,Non-ISO,40.50303,-112.3706,01/01/2025,2025,40.7,-112.0,0.4196921978069132
Copperton Solar Plant No. 1: CSP2,Solar,25.0,32.5,Kennecott Utah Copper,In Construction,43.11,,Assumed,,N,UT,Non-ISO,40.57664,-112.0846,12/01/2025,2025,40.7,-112.0,0.149582250283917
Barrett Solar,Solar,125.8,163.6,Geronimo Power,In Construction,59.0,,Assumed,,N,TX,ERCOT,32.967377,-95.920167,03/01/2026,2026,32.6,-95.8,0.38653068185850453
Clover Creek Solar: CCSO,Solar,77.2,100.4,Dominion Energy Virginia,In Construction,76.6,,Assumed,,N,VA,PJM,36.816641,-78.69262,10/01/2026,2026,37.1,-78.7,0.28345508864898233
Gravel Pit Solar: GPS03,Solar,50.0,65.0,DESRI,Operating,83.05,PPA,Assumed,C&I,N,CT,ISO-NE,41.8889,-72.549,02/01/2025,2025,41.6,-72.4,0.3250603174796936
Moon Corner Solar: MOCO,Solar,60.0,78.0,Dominion Energy,In Construction,77.71,,Assumed,,N,VA,PJM,37.89,-76.54,03/01/2026,2026,38.0,-76.9,0.37643060449437354
Courthouse Solar: CHSL,Solar,167.0,217.1,Dominion Energy,In Construction,77.1,,Assumed,,N,VA,PJM,37.04,-78.58,09/01/2026,2026,37.1,-78.7,0.13416407864999247
Gravel Pit Solar: GPS04,Solar,70.0,91.0,DESRI,Operating,53.0,PPA,Actual,,N,CT,ISO-NE,41.8889,-72.549,01/01/2025,2025,41.6,-72.4,0.3250603174796936
Padrino Solar,Solar,201.4,261.8,TotalEnergies,In Construction,58.89,,Assumed,,Y,TX,ERCOT,31.899158,-97.020246,07/01/2026,2026,31.7,-96.7,0.3771225390771527
NV:Company 189:PV,Solar,300.0,390.0,,Suspended,37.08,,Assumed,,Y,NV,Non-ISO,36.280988,-115.25924,03/01/2025,2025,36.2,-115.6,0.3502519575162886
Glen Canyon Solar A: GCA,Solar,95.0,123.5,AES,In Construction,43.22,,Assumed,,N,UT,Non-ISO,37.091539,-111.7255,09/01/2026,2026,37.1,-112.0,0.2746303670772806
TX Sunnyvale 367 Long Creek Road Solar: 19644,Solar,2.0,2.6,Catalyze,In Construction,58.98,,Assumed,,N,TX,ERCOT,32.77442,-96.56668,04/01/2026,2026,32.6,-96.7,0.21953714674286584
TX Dallas 7750 Dynasty Drive: 19500,Solar,2.3,3.0,Catalyze,In Construction,58.89,,Assumed,,N,TX,ERCOT,32.652269,-96.75577,02/01/2026,2026,32.6,-96.7,0.07643520956338784
TX Houston 7080 Express Lane: 19344,Solar,1.9,2.5,Catalyze,Operating,57.9,,Assumed,,N,TX,ERCOT,29.825138,-95.24706,02/01/2025,2025,29.9,-94.9,0.3550421983990062
Williams Solar: PV1,Solar,5.0,6.5,SolRiver Capital,Operating,54.67,,Assumed,,N,NC,Non-ISO,35.27917,-78.3704,09/01/2025,2025,35.3,-78.7,0.33025754934596024
CA Riverside 2356 Fleetwood Dr.: 18262,Solar,2.0,2.6,Catalyze,In Construction,57.77,,Assumed,,Y,CA,CAISO,34.012142,-117.3811,07/01/2026,2026,34.4,-117.4,0.3883182176566033
Longleaf Pine Solar: PV1,Solar,5.0,6.5,SolRiver Capital,Operating,54.67,,Assumed,,N,NC,Non-ISO,35.97964,-80.45767,09/01/2025,2025,36.2,-80.5,0.22438885556105576
Afton Solar: 18808,Solar,5.0,6.5,Revolve Renewables,Operating,114.9,,Assumed,,N,NY,NYISO,42.242298,-75.53364,08/01/2025,2025,42.5,-75.1,0.5044343073225795
Magruder Solar: PV1,Solar,5.0,6.5,CS Energy,In Construction,118.87,,Assumed,,N,NY,NYISO,41.602936,-74.1377,02/01/2026,2026,41.6,-74.2,0.062369143781207496
TX Pasadena 10585 Red Bluff Road Solar: 19503,Solar,2.4,3.1,Catalyze,In Construction,58.72,,Assumed,,N,TX,ERCOT,29.614979,-95.07023,02/01/2026,2026,29.9,-94.9,0.33198678187692143
NY Beaver Dams Dix 1239 Duvall Rd Solar: 20149,Solar,5.0,6.5,Solitude Solar LLC,In Construction,113.48,,Assumed,,N,NY,NYISO,42.294646,-76.94717,08/01/2026,2026,42.5,-76.9,0.21070186096947358
NY Fredonia 9824 Route 60 Solar: 21105,Solar,5.0,6.5,Catalyze,Operating,121.95,,Assumed,,N,NY,NYISO,42.431064,-79.30247,04/01/2025,2025,42.5,-79.6,0.30541164515453073
CA Bloomington 2551 S Lilac Avenue Micro: 18263,Solar,1.5,2.0,Catalyze,In Construction,57.86,,Assumed,,Y,CA,CAISO,34.05523,-117.3778,03/01/2026,2026,34.4,-117.4,0.34548399803753344
Capoterra,Solar,598.0,777.4,Avantus,Inactive,58.98,,Assumed,,N,TX,ERCOT,31.086001,-96.69612,05/01/2026,2026,30.8,-96.7,0.2860273175782331
Tempesta,Solar,443.0,575.9,Avantus,Inactive,58.98,,Assumed,,N,TX,ERCOT,32.275291,-95.263075,05/01/2026,2026,32.6,-94.9,0.4870927943482591
CA Moss Landing 3040 Hilltop Rd: 19616,Solar,1.2,1.6,Catalyze,In Construction,64.92,,Assumed,,Y,CA,CAISO,36.864882,-121.7767,04/01/2026,2026,37.1,-121.9,0.26548703155521564
SR Norwood: NORWD,Solar,107.0,139.1,Silicon Ranch,In Construction,59.03,,Assumed,,N,GA,Non-ISO,33.435993,-82.76361,04/01/2026,2026,33.5,-83.2,0.4410590982498855
Durkee Solar,Solar,3.0,3.9,Heelstone Energy,In Construction,48.46,,Assumed,,N,OR,Non-ISO,44.583,-117.458,07/01/2026,2026,44.3,-117.4,0.28888232898534977
Long Lake Solar: LLS,Solar,200.0,260.0,DESRI,Operating,45.02,PPA,Assumed,C&I,N,AR,MISO,34.468646,-90.61511,04/01/2025,2025,34.4,-90.4,0.22579766477091454
Half Moon Solar Center,Solar,74.9,97.4,Duke Energy,In Construction,51.04,,Assumed,,N,FL,Non-ISO,28.734424,-82.228871,12/01/2025,2025,29.0,-82.3,0.27493625882556766
PGE:CSQ0013:PV,Solar,0.7,0.9,,In Construction,51.42,,Assumed,,N,OR,Non-ISO,45.531507,-122.846491,07/01/2026,2026,45.2,-122.8,0.3347511077352798
PGE:CSQ0014:PV,Solar,3.5,3.6,,In Construction,51.62,,Assumed,,N,OR,Non-ISO,44.889597,-123.461894,08/01/2026,2026,45.2,-123.7,0.39120901017870413
Cork Solar,Solar,1.3,1.6,Solar Town,In Construction,51.42,,Assumed,,N,OR,Non-ISO,45.37897,-122.572868,07/01/2026,2026,45.2,-122.8,0.2891698572188995
Auburn Solar,Solar,3.0,3.9,SolRiver Capital,In Construction,51.42,,Assumed,,N,OR,Non-ISO,45.304862,-122.599562,07/01/2026,2026,45.2,-122.8,0.22621103175573884
Lincoln Solar,Solar,3.0,3.9,CCE 9 LLC,In Construction,51.42,,Assumed,,N,OR,Non-ISO,45.235749,-122.909946,07/01/2026,2026,45.2,-122.8,0.115611910792104
SouthernCompany:IC-469:PV,Solar,170.0,221.0,,In Construction,59.08,,Assumed,,N,GA,Non-ISO,33.038437,-82.521419,08/01/2026,2026,32.6,-82.3,0.4911755048147243
SouthernCompany:IC-944:PV,Solar,210.0,273.0,,Suspended,59.03,,Assumed,,N,GA,Non-ISO,31.83022,-83.55724,04/01/2026,2026,31.7,-83.2,0.38023369919037076
SouthernCompany:IC-950:PV,Solar,250.0,325.0,,In Construction,59.01,,Assumed,,N,GA,Non-ISO,33.45378,-82.41367,05/01/2026,2026,33.5,-82.3,0.12270760897352541
Magnolia Energy Park: PV1,Solar,250.0,325.0,Hanwha Renewables,Suspended,46.64,,Assumed,,N,MS,Non-ISO,31.21124,-89.449409,10/01/2025,2025,30.8,-89.5,0.41434018255655486
Kings CSG 3 Community Solar: KING3,Solar,3.0,4.1,Dimension Energy,Operating,66.28,PPA,Assumed,Utility,N,CA,CAISO,36.24918,-119.8852,01/01/2025,2025,36.2,-120.1,0.22035814575367663
Graceland Solar: GRA1,Solar,150.0,195.0,RWE Renewables,In Construction,51.55,,Assumed,,N,TN,Non-ISO,35.309415,-89.86646,05/01/2026,2026,35.3,-89.5,0.36658092397859804
Kosa: 783,Solar,1.5,2.0,Greenbacker Renewable Energy,Operating,127.73,,Assumed,,N,NY,NYISO,42.068818,-77.80742,05/01/2025,2025,42.5,-77.8,0.4312458388483299
GEN-2023-GR4,Solar,72.0,93.6,,IA Executed,53.25,,Assumed,,N,NM,SPP,32.815397,-103.319833,05/01/2026,2026,32.6,-103.0,0.3856021466459956
GEN-2023-GR5,Solar,150.0,195.0,,IA Executed,56.31,,Assumed,,N,TX,SPP,34.166278,-102.39515,05/01/2026,2026,34.4,-102.1,0.37648306174913637
Genesee Solar Project: GS1,Solar,40.8,53.0,CMS Energy,In Construction,55.52,,Assumed,,N,MI,MISO,43.086377,-83.66512,12/01/2025,2025,43.4,-84.1,0.5361716148109609
East Cleveland Road Solar: ECLE,Solar,3.0,3.9,Renewable Properties,Operating,65.82,PPA,Assumed,Utility,N,CA,CAISO,37.124972,-120.4575,02/01/2025,2025,37.1,-120.1,0.35837110763006713
Mahany: 782,Solar,3.0,3.9,Greenbacker Renewable Energy,Operating,114.71,,Assumed,,N,NY,NYISO,42.469941,-77.69541,02/01/2025,2025,42.5,-77.8,0.1088237638615778
Caesar's Atlantic City - POI 1 (Colosseu: P5377,Solar,1.4,1.8,BlackRock,Operating,127.79,,Assumed,,N,NJ,PJM,39.355676,-74.43552,04/01/2025,2025,39.8,-74.2,0.5028851632092484
Hogs Bay: 694,Solar,2.0,2.6,Greenbacker Renewable Energy,In Construction,84.62,,Assumed,,N,ME,ISO-NE,44.57579,-68.19965,03/01/2026,2026,44.3,-67.9,0.4072471566506023
Tri-State G&T:GI-DISIS-2021-11:PV,Solar,200.0,260.0,,Suspended,45.56,,Assumed,,Y,CO,Non-ISO,37.406995,-104.311867,09/01/2026,2026,37.1,-103.9,0.5136928612643952
Santee Cooper:39:PV,Solar,42.0,54.6,,In Construction,54.97,,Assumed,,N,SC,Non-ISO,33.323207,-80.643753,08/01/2026,2026,33.5,-80.5,0.22786111967161563
Garnet Mesa Solar,Solar,80.0,104.0,Alluvial Power,Operating,44.87,,Assumed,,N,CO,Non-ISO,38.740617,-107.9825,08/01/2025,2025,38.9,-108.4,0.44688834252976745
Dolores Canyon Solar,Solar,110.0,143.0,Tri-State G&T Association,In Construction,45.64,,Assumed,,N,CO,Non-ISO,37.672489,-108.024312,10/01/2026,2026,38.0,-108.4,0.49840237606276416
Hess King Solar Farm,Solar,130.0,169.0,Facility Innovations Group,In Construction,58.21,,Assumed,,N,TX,ERCOT,28.671265,-99.203916,12/01/2025,2025,29.0,-99.4,0.38277360839143654
Pisces Community Solar Garden: CRUX,Solar,0.7,0.9,National Grid,In Construction,117.15,,Assumed,,N,MN,MISO,45.452201,-94.995894,07/01/2026,2026,45.2,-94.9,0.26981661112133176
Harrah's Atlantic City - POI 1 (Meeting: P5376,Solar,2.3,3.0,BlackRock,In Construction,128.4,,Assumed,,N,NJ,PJM,39.384389,-74.42627,05/01/2026,2026,39.8,-74.2,0.47321307697589937
FFP - NY Game Farm CSG: P5652,Solar,5.0,6.5,BlackRock,Operating,124.12,,Assumed,,N,NY,NYISO,44.012763,-76.00873,08/01/2025,2025,44.3,-76.0,0.2873696349112038
IMPA Winamac Solar Park: WINA,Solar,3.3,4.3,Indiana Municipal Power Agency,Operating,52.53,,Assumed,,N,IN,MISO,41.05569,-86.57676,06/01/2025,2025,40.7,-86.8,0.4199422266217089
Fork in the Road Solar: FIR,Solar,1.4,1.8,Fork in the Road Solar LLC,Operating,97.63,,Assumed,,N,NY,NYISO,41.95,-73.75,02/01/2025,2025,41.6,-73.3,0.5700877125495721
IMPA Tipton 2 Solar Park: TIPT2,Solar,2.7,3.5,Indiana Municipal Power Agency,Operating,52.18,,Assumed,,N,IN,MISO,40.292989,-86.05978,05/01/2025,2025,40.7,-85.9,0.4372500457644376
West Shore Solar: WS,Solar,2.4,3.1,West Shore Solar LLC,Operating,97.6,,Assumed,,N,NY,NYISO,41.80327,-73.96494,04/01/2025,2025,41.6,-74.2,0.3107601913051292
IMPA Veedersburg Solar Park: VEED,Solar,1.4,1.8,Indiana Municipal Power Agency,Operating,52.17,,Assumed,,N,IN,MISO,40.10936,-87.24235,05/01/2025,2025,39.8,-86.8,0.5397936013885376
GulfStar Power: SOLAR,Solar,451.6,587.1,Enel Green Power,In Construction,58.23,,Assumed,,Y,TX,ERCOT,29.191296,-95.96752,06/01/2025,2025,29.0,-95.8,0.2542776238995464
Elk Street Solar: ES,Solar,2.4,3.1,BQ Energy,Operating,121.98,,Assumed,,N,NY,NYISO,42.85,-78.85,04/01/2025,2025,42.5,-78.7,0.38078865529319333
Sagittarius Community Solar Gardens: CRUX,Solar,0.7,0.9,National Grid,In Construction,117.14,,Assumed,,N,MN,MISO,45.31956,-94.416839,07/01/2026,2026,45.2,-94.0,0.43364656751898384
Scarlet II Hybrid: GEN03,Solar,200.0,279.8,EDP Renewables,In Construction,65.5,PPA,Assumed,Utility,Y,CA,CAISO,36.60369,-120.3757,01/01/2026,2026,36.2,-120.1,0.48885182427807117
VS BC Pacific Gateway: VSPRC,Solar,1.4,1.8,Valta Energy,Operating,60.7,,Assumed,,N,CA,CAISO,33.85324,-118.2968,03/01/2025,2025,33.5,-118.3,0.35325449409738535
Catalina Solar (SC): CAT01,Solar,75.0,97.5,Pine Gate Renewables,In Construction,54.91,,Assumed,,N,SC,Non-ISO,33.902945,-81.60149,01/01/2026,2026,33.5,-81.4,0.4505140321066582
CPA Wilmington 1: PE001,Solar,1.8,2.3,Prologis,Operating,57.66,,Assumed,,N,CA,CAISO,33.82294,-118.2456,08/01/2025,2025,33.5,-118.3,0.3274898526672267
CPA 2132 E Dominguez: PE901,Solar,1.0,1.3,Prologis,Operating,57.66,,Assumed,,N,CA,CAISO,33.83783,-118.2312,08/01/2025,2025,33.5,-118.3,0.3447644832345659
3715 Oxford RD: 20148,Solar,3.8,4.9,Solitude Solar LLC,In Construction,123.64,,Assumed,,N,NY,NYISO,43.039,-75.283,04/01/2026,2026,43.4,-75.1,0.40473448086368974
NY SHERMAN 191 W MAIN ST - SL 2: 21109,Solar,5.0,6.5,Catalyze,Operating,122.07,,Assumed,,N,NY,NYISO,42.156051,-79.60161,03/01/2025,2025,42.5,-79.6,0.3439527681252201
Texas Bluebonnet Solar,Solar,9.7,12.6,EDF Renewables,Operating,57.98,PPA,Assumed,Utility,N,TX,ERCOT,31.615855,-97.089725,04/01/2025,2025,31.7,-96.7,0.39870535066637713
SR Mendes:PV,Solar,60.0,78.0,,In Construction,59.03,,Assumed,,N,GA,Non-ISO,32.112824,-82.071209,04/01/2026,2026,31.7,-82.3,0.4719840851734345
Kitt Solar: KITTS,Solar,100.0,130.0,Avantus,In Construction,39.42,,Assumed,,Y,AZ,Non-ISO,32.73353,-111.5691,09/01/2026,2026,32.6,-112.0,0.4511153631832937
Arizona Public Service:SP106:PV,Solar,213.8,277.9,,In Construction,39.43,,Assumed,,Y,AZ,Non-ISO,32.556446,-111.296303,10/01/2026,2026,32.6,-111.1,0.20107664888047086
Milagro Solar I: MLRPV,Solar,150.0,195.0,EDF Renewables,Operating,41.77,,Assumed,,Y,NM,Non-ISO,31.796,-106.642,10/01/2025,2025,31.7,-106.6,0.1047854951794386
Table Top Solar: PV,Solar,100.0,130.0,,In Construction,39.28,,Assumed,,N,AZ,Non-ISO,32.878596,-111.750383,07/01/2026,2026,32.6,-112.0,0.37406467075226507
TX Fort Worth 5200 Gold Spike Drive: 19599,Solar,4.0,5.2,Catalyze,Operating,58.17,,Assumed,,N,TX,ERCOT,32.831328,-97.34727,02/01/2025,2025,32.6,-97.6,0.3426150850210755
Corpus Refinery: SOLAR,Solar,27.5,35.8,Pine Gate Renewables,Operating,57.87,,Assumed,,N,TX,ERCOT,27.578302,-99.277614,07/01/2025,2025,27.2,-99.4,0.39760625774753916
Sun Streams 4,Solar,300.0,377.0,Longroad Energy,Operating,38.9,PPA,Assumed,Utility,Y,AZ,Non-ISO,33.361282,-112.7801,03/01/2025,2025,33.5,-112.9,0.18335401147506844
SR Blount: BLOUN,Solar,1.5,2.0,Silicon Ranch,Operating,51.04,,Assumed,,N,TN,Non-ISO,35.76013,-84.00258,06/01/2025,2025,36.2,-84.1,0.45052888176009914
Bear Creek Solar (Orinda): EBMUD,Solar,5.0,6.5,"Solar Star Bear Creek, LLC",Operating,65.66,,Assumed,,N,CA,CAISO,37.919197,-122.1863,04/01/2025,2025,38.0,-121.9,0.29748414211348956
Kendall DG Solar: KEN,Solar,5.0,6.5,NextEra Energy Resources,Operating,122.81,,Assumed,,N,NY,NYISO,43.328613,-78.07082,03/01/2025,2025,43.4,-77.8,0.28007066281387
SR Monroe: MONRO,Solar,4.8,6.2,Silicon Ranch,Operating,53.45,,Assumed,,N,TN,Non-ISO,36.44055,-85.25356,09/01/2025,2025,36.2,-85.0,0.3495096223281929
N Baker Road: 679,Solar,2.0,2.6,Greenbacker Renewable Energy,Operating,83.91,,Assumed,,N,IL,PJM,42.435913,-89.90352,04/01/2025,2025,42.5,-89.5,0.40857745161597003
Felina: PV150,Solar,153.0,198.9,El Paso Electric Co,Operating,41.77,,Assumed,,N,TX,Non-ISO,31.5446,-106.0376,10/01/2025,2025,31.7,-105.7,0.37164892035360003
SR Christiana: CHRIS,Solar,3.3,4.3,Silicon Ranch,Operating,51.04,,Assumed,,N,TN,Non-ISO,35.700485,-86.36604,06/01/2025,2025,35.3,-86.8,0.5905163137670303
N Baker Road 2: 680,Solar,2.0,2.6,Greenbacker Renewable Energy,Operating,83.91,,Assumed,,N,IL,PJM,42.435916,-89.90473,04/01/2025,2025,42.5,-89.5,0.40977204877346224
SR Lambert I: LAMB1,Solar,100.0,130.0,Silicon Ranch,In Construction,55.05,,Assumed,,N,SC,Non-ISO,33.332969,-79.56353,09/01/2026,2026,33.5,-79.6,0.17096612489320823
SR West Marshall: WMARS,Solar,4.8,6.2,Silicon Ranch,In Construction,47.02,,Assumed,,N,MS,Non-ISO,34.958436,-89.70122,12/01/2025,2025,35.3,-89.5,0.3964283724659492
NY Attica 264 Maplewood Rd: 20496,Solar,3.6,4.7,"EF NY CDG 010, LLC",Operating,123.62,,Assumed,,N,NY,NYISO,42.866,-78.257,07/01/2025,2025,42.5,-78.7,0.5746346665491022
SR Albany: ALBNY,Solar,4.3,5.6,Silicon Ranch,Operating,53.4,,Assumed,,N,TN,Non-ISO,36.243794,-82.90936,06/01/2025,2025,36.2,-83.2,0.29392094861713697
Cerulean Solar: CERUL,Solar,62.0,80.6,Dominion Energy,In Construction,77.12,,Assumed,,N,VA,PJM,37.864891,-76.563439,09/01/2026,2026,38.0,-76.9,0.36266754555929337
Surrey Road: 643,Solar,2.0,2.6,Greenbacker Renewable Energy,Operating,55.53,,Assumed,,N,MI,MISO,43.858529,-84.74891,01/01/2025,2025,44.3,-85.0,0.5078807260971836
Bishop Ranch - BR 15-DD: 4657R,Solar,0.2,0.3,BlackRock,Operating,65.7,,Assumed,,Y,CA,CAISO,37.7729,-121.9595,03/01/2025,2025,38.0,-121.9,0.23476511665918348
Stockbridge: 781,Solar,2.0,2.6,Greenbacker Renewable Energy,In Construction,123.64,,Assumed,,N,NY,NYISO,43.01082,-75.6068,04/01/2026,2026,43.4,-76.0,0.5532335062159481
Dos Palos Clean Power: DOSP,Solar,3.0,3.9,"Dos Palos Clean Power, LLC",Operating,66.31,,Assumed,,N,CA,CAISO,37.002643,-120.6382,03/01/2025,2025,37.1,-121.0,0.3746700220847701
Quail Ranch Solar and BESS: QRPV,Solar,100.0,130.0,Clenera,In Construction,29.84,PPA,Actual,Utility,Y,NM,Non-ISO,35.199081,-106.8566,01/01/2026,2026,35.3,-106.6,0.2757321246445589
Beowawe: BWSOL,Solar,5.8,7.5,Ormat Technologies,Operating,63.78,PPA,Actual,,N,NV,Non-ISO,40.5547,-116.6175,01/01/2025,2025,40.7,-116.5,0.18686449636033953
Foster Clean Power A: FOSTA,Solar,3.0,3.9,"Foster Clean Power A, LLC",Operating,65.55,,Assumed,,Y,CA,CAISO,40.882295,-124.1012,10/01/2025,2025,40.7,-123.7,0.44067324291928706
Six Flags Magic Mountain: 6569,Solar,10.0,13.0,BlackRock,In Construction,57.07,,Assumed,,Y,CA,CAISO,34.428209,-118.5993,02/01/2026,2026,34.4,-118.3,0.30062640882164965
Bishop Ranch - BR 2600: 4147R,Solar,1.2,1.6,BlackRock,Operating,65.12,,Assumed,,Y,CA,CAISO,37.766308,-121.9617,07/01/2025,2025,38.0,-121.9,0.2416998983533039
McCormick NY CSG: MCCOR,Solar,5.0,6.5,New Energy Equity,Operating,118.53,,Assumed,,N,NY,NYISO,42.153,-77.806,05/01/2025,2025,42.5,-77.8,0.3470518693221532
Prairie Solar (VA): ENX21,Solar,20.0,26.0,"Prairie Solar, LLC (VA)",In Construction,78.17,,Assumed,,N,VA,PJM,36.880181,-76.60931,12/01/2025,2025,37.1,-76.9,0.364446249618524
FFP - NY Ruggirello CSG: P5649,Solar,2.0,2.6,"Ruggirello Solar, LLC",Operating,97.33,,Assumed,,N,NY,NYISO,41.564307,-74.13999,06/01/2025,2025,41.6,-74.2,0.06982256332304619
Tully 1: 814,Solar,2.0,2.6,Greenbacker Renewable Energy,Operating,76.15,,Assumed,,N,IL,MISO,41.30302,-88.50709,07/01/2025,2025,41.6,-88.6,0.31117420924620487
Bishop Ranch - BR 2600: 4146C,Solar,0.5,0.7,BlackRock,Operating,65.12,,Assumed,,Y,CA,CAISO,37.766308,-121.9617,07/01/2025,2025,38.0,-121.9,0.2416998983533039
Bishop Ranch - BR 15-DD: 4657C,Solar,0.4,0.5,BlackRock,Operating,65.7,,Assumed,,Y,CA,CAISO,37.7729,-121.9595,03/01/2025,2025,38.0,-121.9,0.23476511665918348
Borrego - Highland Ave: 6572,Solar,5.0,6.5,"Highland Ave Solar 1, LLC",In Construction,87.8,,Assumed,,Y,MA,ISO-NE,41.661525,-71.05998,04/01/2026,2026,41.6,-71.5,0.44430049068733096
Upland: 703,Solar,5.0,6.5,Greenbacker Renewable Energy,Operating,88.26,,Assumed,,Y,MA,ISO-NE,41.964076,-70.78877,06/01/2025,2025,41.6,-70.6,0.41010419002492515
Lara 2 Hybrid: LARAS,Solar,0.7,0.9,ZGlobal Inc,Operating,65.44,,Assumed,,Y,CA,CAISO,36.989444,-120.8781,09/01/2025,2025,37.1,-121.0,0.16456682270737236
Shifting Sands Solar: ENX24,Solar,18.8,24.4,Energix Renewables,Operating,71.04,,Assumed,,N,VA,PJM,36.616243,-79.84936,01/01/2025,2025,36.2,-79.6,0.48522020222678314
Foley Solar: FOLEY,Solar,80.0,104.0,Hecate Energy,In Construction,59.03,,Assumed,,N,AL,Non-ISO,30.377488,-87.72751,03/01/2026,2026,30.8,-87.7,0.4234066487952221
PGE:SPQ0277:PV,Solar,1.2,1.6,,In Construction,51.42,,Assumed,,N,OR,Non-ISO,45.524554,-122.357987,07/01/2026,2026,45.2,-122.8,0.5483710341411205
PGE:SPQ0274:PV,Solar,2.8,3.6,,In Construction,51.42,,Assumed,,N,OR,Non-ISO,45.403272,-122.526542,07/01/2026,2026,45.2,-122.8,0.340732715993041
SR Rochelle I: ROCH1,Solar,90.0,117.0,Silicon Ranch,In Construction,59.03,,Assumed,,N,GA,Non-ISO,31.923234,-83.45427,04/01/2026,2026,31.7,-83.2,0.3383587617544374
Yuma Solar + Storage: PV1,Solar,70.0,91.0,Invenergy,Operating,38.9,PPA,Assumed,Utility,Y,AZ,Non-ISO,32.642434,-114.4292,03/01/2025,2025,32.6,-114.7,0.2741045135637218
Dove Solar CSG: DOVES,Solar,5.0,6.5,SunShare,Operating,45.02,,Assumed,,N,CO,Non-ISO,40.318,-104.8914,02/01/2025,2025,40.7,-104.8,0.3927823315781976
High Mesa CO: HMSCO,Solar,11.2,14.6,AES,Operating,45.05,PPA,Assumed,Utility,Y,CO,Non-ISO,39.3959,-108.0733,03/01/2025,2025,39.8,-108.4,0.5196438203231145
Russell: 1,Solar,20.0,26.0,Sunflower Electric Power Corp,Operating,57.56,,Assumed,,N,KS,SPP,38.893806,-98.79419,03/01/2025,2025,38.9,-98.5,0.29425519831602
Mamm Creek: MCSCO,Solar,11.2,14.6,AES,In Construction,45.38,,Assumed,,Y,CO,Non-ISO,39.5266,-107.698,04/01/2026,2026,39.8,-107.5,0.337567119251853
Lark Bunting Solar CSG: LARKS,Solar,5.0,6.5,SunShare,Operating,45.02,,Assumed,,N,CO,Non-ISO,40.311735,-104.7714,02/01/2025,2025,40.7,-104.8,0.3893169277401164
BecLee Solar CSG: BECLS,Solar,5.0,6.5,SunShare,Operating,45.02,,Assumed,,N,CO,Non-ISO,40.47111,-104.6514,02/01/2025,2025,40.7,-104.8,0.2728966692724564
Geer Road Solar 3: GEER3,Solar,5.0,6.5,AES,In Construction,126.55,,Assumed,,N,NY,NYISO,43.354,-73.571,04/01/2026,2026,43.4,-73.3,0.27487633583122495
Geer Road Solar 1 CSG: GEER1,Solar,5.0,6.5,AES,Operating,127.3,,Assumed,,N,NY,NYISO,43.356,-73.566,08/01/2025,2025,43.4,-73.3,0.26961453966728605
Lockhart Solar PV IV: LOC4,Solar,80.0,104.0,Terra-Gen,In Construction,58.11,,Assumed,,N,CA,CAISO,35.031908,-117.3379,08/01/2026,2026,35.3,-117.4,0.2751903531448692
Serrano: GEN01,Solar,170.0,221.0,Longroad Energy,Operating,38.82,PPA,Assumed,Utility,Y,AZ,Non-ISO,32.502375,-111.3037,04/01/2025,2025,32.6,-111.1,0.2258856582986291
Hornshadow Solar: HSL,Solar,100.0,130.0,DESRI,Operating,42.79,,Assumed,,N,UT,Non-ISO,39.182429,-110.9772,06/01/2025,2025,38.9,-111.1,0.3079707454304707
Livingston Crossing (CSG): SC,Solar,2.0,2.6,Nautilus Solar Energy,Operating,80.55,,Assumed,,N,MD,PJM,38.69686,-76.97816,07/01/2025,2025,38.9,-76.9,0.21765763299273141
County Highway Solar 2 (CSG): CTHW2,Solar,5.0,6.5,AES,Operating,127.31,,Assumed,,N,NY,NYISO,42.993,-74.311,07/01/2025,2025,43.4,-74.2,0.42186490728667875
KE73: SC,Solar,4.0,5.2,Nautilus Solar Energy,In Construction,85.19,,Assumed,,N,DE,PJM,39.2348,-75.56284,04/01/2026,2026,38.9,-76.0,0.5506359101983869
Nortera Customer Hosted Solar: PV1,Solar,1.6,2.1,Wisconsin Power & Light Co,Operating,51.73,,Assumed,,N,WI,MISO,43.736243,-88.86204,08/01/2025,2025,43.4,-88.6,0.4262913518346362
Hornshadow Solar II: HS2L,Solar,200.0,260.0,Eolian,Operating,42.74,,Assumed,,N,UT,Non-ISO,39.182429,-110.9772,07/01/2025,2025,38.9,-111.1,0.3079707454304707
North Woods (CSG): SC,Solar,5.0,6.5,Nautilus Solar Energy,Operating,124.23,,Assumed,,N,NY,NYISO,44.6177,-75.1622,07/01/2025,2025,44.3,-75.1,0.32373157090404675
Geer Road Solar 2: GEER2,Solar,5.0,6.5,AES,Operating,127.3,,Assumed,,N,NY,NYISO,43.36,-73.563,09/01/2025,2025,43.4,-73.3,0.266024434967923
Black Hollow Sun: BHS02,Solar,107.0,139.1,Contour Global,In Construction,45.75,,Assumed,Utility,N,CO,Non-ISO,40.602978,-104.816574,11/01/2026,2026,40.7,-104.8,0.09842746547585532
County Highway Solar 1 CSG: CTHW1,Solar,5.0,6.5,AES,Operating,127.37,,Assumed,,N,NY,NYISO,42.992,-74.313,06/01/2025,2025,43.4,-74.2,0.4233591855623318
UW Kegonsa Customer Hosted Solar: PV1,Solar,2.3,3.0,Wisconsin Power & Light Co,Operating,51.7,,Assumed,,N,WI,MISO,42.95762,-89.29236,05/01/2025,2025,43.4,-89.5,0.48868643729900985
Gowans (CSG): SC,Solar,3.8,4.9,Nautilus Solar Energy,Operating,121.65,,Assumed,,N,NY,NYISO,42.641661,-79.0173,07/01/2025,2025,42.5,-78.7,0.34748687589749583
NY Evans 7690 SW Blvd - SL Evans Array 1: 21106,Solar,4.3,5.6,"SL Evans, LLC",Operating,121.83,,Assumed,,N,NY,NYISO,42.680833,-78.9525,05/01/2025,2025,42.5,-78.7,0.31057498915559634
NV - Nokomis - CHI: CHINV,Solar,3.0,3.9,CHI NV Solar LLC,Operating,36.8,,Assumed,,N,NV,Non-ISO,36.789704,-114.1375,06/01/2025,2025,37.1,-113.8,0.4584646743381702
NY PAVILION 6464 SHEPARD RD - Genesee 4: 21602,Solar,4.3,5.6,BW Solar Holding Inc.,Operating,122.54,,Assumed,,N,NY,NYISO,42.877408,-78.05346,01/01/2025,2025,42.5,-77.8,0.4546193683335588
Lilly Pond Road Solar 1: 11111,Solar,2.0,2.6,Generate Capital,In Construction,84.24,,Assumed,,N,IL,PJM,42.27654,-88.38677,12/01/2025,2025,42.5,-88.6,0.3088711778395639
USS Golden Spike Solar: USGSP,Solar,1.0,1.3,US Solar,In Construction,52.52,,Assumed,,N,MN,MISO,45.624209,-94.06363,01/01/2026,2026,45.2,-94.0,0.42895460433593485
DC Water: DCWAT,Solar,1.3,1.7,"Azimuth 180 Solar Electric, LLC",Operating,78.77,,Assumed,,N,DC,PJM,38.91,-76.99,09/01/2025,2025,38.9,-76.9,0.09055385138136321
Freeport 18th Solar: 11084,Solar,2.0,2.6,Generate Capital,In Construction,83.91,,Assumed,,N,IL,PJM,42.288085,-89.58712,04/01/2026,2026,42.5,-89.5,0.22912411838346217
Rio Vista Solar: 30200,Solar,2.7,3.5,"Rio Vista Executive Boat & RV Storage, LLC",Operating,66.04,,Assumed,,N,CA,CAISO,38.16492,-121.6847,04/01/2025,2025,38.0,-121.9,0.27120600362086444
Carvers Creek Solar: CARV2,Solar,99.0,128.7,Clearlight Energy,In Construction,77.89,,Assumed,,N,VA,PJM,37.56189,-76.60537,04/01/2026,2026,38.0,-76.9,0.5279651588883576
NY Evans 7690 SW Blvd - SL Evans Array 2: 21107,Solar,4.0,5.2,"SL Evans, LLC",Operating,121.83,,Assumed,,N,NY,NYISO,42.678611,-78.95417,05/01/2025,2025,42.5,-78.7,0.3106513773042054
Towanda: TWNDA,Solar,5.0,6.5,Cypress Creek Renewables,In Construction,76.42,,Assumed,,N,IL,MISO,40.434241,-89.06233,01/01/2026,2026,40.7,-89.5,0.5120379624412618
NY ELBA 7195 OAK ORCHARD RD - Genesee 1: 21599,Solar,5.0,6.5,NY CDG Genesee 1 LLC,In Construction,121.49,,Assumed,,N,NY,NYISO,43.064414,-78.18456,01/01/2026,2026,43.4,-77.8,0.5103962744730856
Oneida East: ONEID,Solar,4.8,6.2,"Azimuth 180 Solar Electric, LLC",Operating,124.18,,Assumed,,N,NY,NYISO,43.19,-75.21,09/01/2025,2025,43.4,-75.1,0.23706539182259445
Vermilion Solar II: VERM2,Solar,2.0,2.6,AES,In Construction,83.85,,Assumed,,N,IL,PJM,40.8563,-88.6015,04/01/2026,2026,40.7,-88.6,0.15630719753101044
Triple S Solar I: TRIP1,Solar,2.0,2.6,AES,In Construction,76.31,,Assumed,,N,IL,MISO,39.540291,-87.97652,04/01/2026,2026,39.8,-87.7,0.3793574502774285
Rock County Customer Hosted Solar: PV1,Solar,1.4,1.8,Wisconsin Power & Light Co,Operating,51.8,,Assumed,,N,WI,MISO,42.72317,-89.02271,04/01/2025,2025,42.5,-88.6,0.4780048043691708
Creston School Customer Hosted Solar: PV1,Solar,1.4,1.8,Interstate Power and Light Co,Operating,52.64,,Assumed,,N,IA,MISO,41.073246,-94.37424,08/01/2025,2025,40.7,-94.0,0.5285528867729286
SV CSG German Valley 1: GEVA1,Solar,2.0,2.6,SunVest Solar,Operating,83.71,,Assumed,,N,IL,PJM,42.215173,-89.48113,06/01/2025,2025,42.5,-89.5,0.28545139135937003
DeKalb Taylor: DEKTY,Solar,4.9,6.4,SunVest Solar,In Construction,83.65,,Assumed,,N,IL,PJM,41.934706,-88.71142,08/01/2026,2026,41.6,-88.6,0.3527641178408033
AES Bend Solar I: BEND1,Solar,2.0,2.6,AES,In Construction,84.0,,Assumed,,N,IL,PJM,42.336378,-89.08286,04/01/2026,2026,42.5,-89.5,0.4480825130308052
AES Bend Solar II: BEND2,Solar,1.9,2.5,AES,In Construction,84.0,,Assumed,,N,IL,PJM,42.33787,-89.08264,04/01/2026,2026,42.5,-89.5,0.4477449123105712
Raymond Solar WI: 20242,Solar,6.0,7.8,Wisconsin Electric Power Co,Operating,51.93,,Assumed,,N,WI,MISO,42.762565,-88.05788,02/01/2025,2025,42.5,-87.7,0.4438676307470473
Grinnell Customer Hosted Solar: PV1,Solar,5.0,6.5,Interstate Power and Light Co,In Construction,55.42,,Assumed,,N,IA,MISO,41.7529,-92.74889,12/01/2025,2025,41.6,-93.1,0.3829577549808758
NY FONDA 182 BOSHART RD - Montgomery 1: 21601,Solar,5.0,6.5,NY CDG Montgomery 1 LLC,Operating,127.31,,Assumed,,N,NY,NYISO,42.965485,-74.37945,07/01/2025,2025,43.4,-74.2,0.47011231394742137
Vermilion Solar I: VERM1,Solar,1.9,2.5,AES,In Construction,83.84,,Assumed,,N,IL,PJM,40.858134,-88.60202,04/01/2026,2026,40.7,-88.6,0.1581469011899981
Caledonia Solar WI: 20241,Solar,6.0,7.8,Wisconsin Electric Power Co,Operating,51.91,,Assumed,,N,WI,MISO,42.797719,-87.96506,04/01/2025,2025,42.5,-87.7,0.39861435819723773
Janesville Community Solar: PV1,Solar,2.3,3.0,Wisconsin Power & Light Co,Operating,51.8,,Assumed,,N,WI,MISO,42.723717,-89.02271,04/01/2025,2025,42.5,-88.6,0.47826043134364365
Tubolino CSG: TUBOL,Solar,5.0,6.5,AES,Operating,124.46,,Assumed,,N,NY,NYISO,43.803688,-76.03003,02/01/2025,2025,43.4,-76.0,0.4048034118482721
MD BALTIMORE 4851 HOLABIRD AVE: 21376,Solar,1.8,2.3,PFMD LL Baltimore LLC,Operating,81.13,,Assumed,,N,MD,PJM,39.269522,-76.55351,07/01/2025,2025,38.9,-76.9,0.5065588105876795
Kingstree West 115: SOLAR,Solar,74.9,97.4,Inkga Group,In Construction,54.97,,Assumed,,N,SC,Non-ISO,33.693976,-79.95404,08/01/2026,2026,33.5,-79.6,0.40369668090784216
SV CSG Bishop 1: BSHP1,Solar,2.0,2.6,SunVest Solar,In Construction,76.3,,Assumed,,N,IL,MISO,37.79441,-89.04892,04/01/2026,2026,38.0,-88.6,0.49375744500716273
IL Joliet 1101 Cherry Hl Rd: 19581,Solar,4.0,5.2,Catalyze,In Construction,83.95,,Assumed,,N,IL,PJM,41.507951,-88.02602,04/01/2026,2026,41.6,-87.7,0.33876549234094133
IL Rochelle 975 S. Caron Rd: 19578,Solar,1.5,2.0,Catalyze,Operating,83.73,,Assumed,,N,IL,PJM,41.909729,-89.04429,06/01/2025,2025,41.6,-88.6,0.541595474077292
SV CSG Plato Solar 1: PLATO,Solar,4.3,5.6,SunVest Solar,Operating,83.91,,Assumed,,N,IL,PJM,42.039337,-88.42313,08/01/2025,2025,41.6,-88.6,0.47360320572078
Pistachio Road 1726-WD: TWISS,Solar,4.8,6.2,Russell Pacific LLC,In Construction,57.93,,Assumed,,N,CA,CAISO,35.70789,-119.8917,06/01/2026,2026,35.3,-120.1,0.457999063426989
Santee Cooper:130:PV,Solar,100.0,130.0,,In Construction,54.93,,Assumed,,N,SC,Non-ISO,33.249765,-79.422544,07/01/2026,2026,33.5,-79.6,0.3067705774043512
Corcoran Irrigation District Floating So: CIDFL,Solar,3.1,4.0,"Solar Powered Ag, LLC",Operating,65.95,,Assumed,,N,CA,CAISO,36.138287,-119.5643,05/01/2025,2025,36.2,-119.2,0.3694901681628357
Arrowleaf Solar and Storage: ALS1,Solar,42.0,54.6,Ormat Technologies,In Construction,56.73,,Assumed,,Y,CA,Non-ISO,33.0157,-115.5129,04/01/2026,2026,33.5,-115.6,0.49207001534334144
Mission Road Solar Park: MSRSP,Solar,172.0,223.6,DTE Energy,In Construction,55.58,,Assumed,,N,MI,MISO,43.68358,-84.78521,03/01/2026,2026,43.4,-85.0,0.3557419858549137
Babacomari Solar: BS,Solar,160.0,208.0,DESRI,In Construction,40.28,,Assumed,,N,AZ,Non-ISO,31.656605,-110.4134,02/01/2026,2026,31.7,-110.2,0.2177675045202957
Polaris Solar Park: PLRSP,Solar,100.0,130.0,DTE Energy,Operating,55.45,,Assumed,,N,MI,MISO,43.207524,-84.52912,07/01/2025,2025,43.4,-84.1,0.4703094566091668
Pittsburg RV Solar: 30200,Solar,2.8,3.6,"Pittsburg RV & Boat Storage, LLC",In Construction,65.37,,Assumed,,N,CA,CAISO,38.01155,-121.8453,04/01/2026,2026,38.0,-121.9,0.055906104317875745
Brightside Solar Alt POI,Solar,50.0,65.0,Vistra,In Construction,58.23,,Assumed,,N,TX,ERCOT,28.789284,-96.553039,08/01/2026,2026,29.0,-96.7,0.2569022541298576
Duke:Progress_Cluster:955167:PV,Solar,73.0,94.9,,In Construction,55.09,,Assumed,,N,NC,Non-ISO,35.434704,-78.270461,10/01/2026,2026,35.3,-78.7,0.45016543640866785
Hemingway,Solar,74.9,97.4,"Ecoplexus, Inc",In Construction,54.93,,Assumed,,N,SC,Non-ISO,33.516207,-79.701521,07/01/2026,2026,33.5,-79.6,0.10280651871355785
Duke:Progress:948720:PV,Solar,80.0,104.0,Birdseye Renewable Energy,In Construction,54.93,,Assumed,,N,NC,Non-ISO,36.008829,-78.008808,07/01/2026,2026,36.2,-77.8,0.28310268826876867
Foster Clean Power B: FOSTB,Solar,4.0,5.2,"Foster Clean Power B, LLC",Operating,65.55,,Assumed,,Y,CA,CAISO,40.882295,-124.1012,10/01/2025,2025,40.7,-123.7,0.44067324291928706
Escape Solar Plant: ESPH2,Solar,115.0,149.5,Estuary Power,Operating,36.92,PPA,Assumed,C&I,Future,NV,Non-ISO,36.894378,-114.0885,09/01/2025,2025,37.1,-113.8,0.35427765507296494
Oak Leaf Solar XVI: EARHA,Solar,0.9,1.2,Navisun,In Construction,82.54,,Assumed,,N,MA,ISO-NE,42.421787,-73.2925,04/01/2026,2026,42.5,-73.3,0.07857177208768808
Southwick Solar Community Solar: SOUTH,Solar,4.7,6.1,Navisun,Operating,83.6,,Assumed,,N,MA,ISO-NE,42.067202,-72.74594,05/01/2025,2025,42.5,-72.4,0.5540655127365334
Oak Leaf Solar XVII: DOOLI,Solar,2.9,3.8,Navisun,In Construction,82.54,,Assumed,,N,MA,ISO-NE,42.421787,-73.2925,04/01/2026,2026,42.5,-73.3,0.07857177208768808
Dill Holdings: DILL1,Solar,10.0,13.0,hep solar,In Construction,54.84,,Assumed,,N,NC,Non-ISO,35.966645,-80.71882,12/01/2025,2025,36.2,-80.5,0.3199011541476503
Strix Solar: 1,Solar,6.0,7.8,Madison Gas and Electric,Operating,52.94,,Assumed,,N,WI,MISO,42.971615,-89.39461,01/01/2025,2025,43.4,-89.5,0.4411584299602569
BWC Jimmie Pond: HAMPD,Solar,5.0,6.7,Navisun,Operating,85.4,,Assumed,,N,ME,ISO-NE,44.75093,-68.84456,01/01/2025,2025,45.2,-68.8,0.4512753688159878
McDowell Creek Solar: MCDOW,Solar,2.0,2.6,hep solar,In Construction,54.84,,Assumed,,N,NC,Non-ISO,35.394168,-80.94389,12/01/2025,2025,35.3,-80.5,0.45376860217956594
Escape Solar Plant: ESPH1,Solar,70.0,91.0,Estuary Power,Operating,36.8,PPA,Assumed,C&I,Future,NV,Non-ISO,36.894378,-114.0885,06/01/2025,2025,37.1,-113.8,0.35427765507296494
Heirloom Solar: RAT2,Solar,60.0,78.0,Arevon Energy,In Construction,52.29,,Assumed,,N,IN,MISO,38.514913,-87.19207,04/01/2026,2026,38.9,-86.8,0.5495551678121151
Two Hearted Solar: PGR28,Solar,22.0,28.6,Pine Gate Renewables,In Construction,55.02,,Assumed,,N,NC,Non-ISO,36.235367,-80.56279,03/01/2026,2026,36.2,-80.5,0.07206530919242911
Clinton Schools: PV1,Solar,1.3,1.7,Interstate Power and Light Co,In Construction,55.83,,Assumed,,N,IA,MISO,41.82718,-90.22335,04/01/2026,2026,41.6,-90.4,0.28777764836762765
Mompano: MOMPO,Solar,2.0,2.6,Mompano,Operating,52.24,,Assumed,,N,OR,Non-ISO,45.296464,-122.5114,03/01/2025,2025,45.2,-122.8,0.30429469810695176
AES Laubacher Solar CSG: LAUBA,Solar,2.5,3.3,AES,Operating,122.69,,Assumed,,N,NY,NYISO,43.227156,-78.22898,02/01/2025,2025,43.4,-77.8,0.4624920418082972
Amazon BDL4: BDL4,Solar,3.9,5.1,Telyon AMZ Windsor LLC,Operating,82.85,,Assumed,,N,CT,ISO-NE,41.90376,-72.65809,01/01/2025,2025,41.6,-72.4,0.3985982760875866
AES Baird Solar CSG: BAIRD,Solar,4.5,5.9,AES,Operating,122.54,,Assumed,,N,NY,NYISO,43.201203,-78.19452,05/01/2025,2025,43.4,-77.8,0.44177627551623866
Brookhaven Landfill Solar Farm 1: BROOK,Solar,5.0,6.5,Brookhaven 1,In Construction,185.11,,Assumed,,N,NY,NYISO,40.799699,-72.92396,04/01/2026,2026,40.7,-73.3,0.3890320966205761
Pine River Solar Park: PNRSP,Solar,80.0,104.0,DTE Energy,Operating,55.46,,Assumed,,N,MI,MISO,43.431156,-84.68356,06/01/2025,2025,43.4,-85.0,0.31797007710789427
NY Selkirk S Albany RD - Hemlock Hills S: 18211,Solar,5.0,6.5,Selkirk Solar LLC,In Construction,126.57,,Assumed,,N,NY,NYISO,42.548056,-73.83611,04/01/2026,2026,42.5,-74.2,0.3670494670150042
SR Trenton: TRENT,Solar,2.3,3.0,Silicon Ranch,In Construction,51.33,,Assumed,,N,TN,Non-ISO,35.941786,-88.94845,12/01/2025,2025,36.2,-88.6,0.433695598658784
SR Arcadia: ARCAD,Solar,4.5,5.9,Silicon Ranch,In Construction,50.77,,Assumed,,N,LA,MISO,32.56461,-92.92538,12/01/2025,2025,32.6,-93.1,0.17817013358022876
Bensenville Ind Park 12-SLCHI412: CH412,Solar,1.1,1.4,Prologis,In Construction,83.71,,Assumed,,N,IL,PJM,41.988417,-87.94894,11/01/2026,2026,41.6,-87.7,0.46134465369070093
SR Fisher: FISHR,Solar,4.8,6.2,Silicon Ranch,In Construction,45.2,,Assumed,,N,AR,MISO,35.500413,-90.96679,12/01/2025,2025,35.3,-91.3,0.38883707985350097
Bailey Mill Solar: PV1,Solar,74.9,97.4,Duke Energy,In Construction,59.01,,Assumed,,N,FL,Non-ISO,30.409127,-83.93336,05/01/2026,2026,30.8,-84.1,0.4249124518403758
Bensenville 2-SLCHI526: CH526,Solar,1.9,2.5,Prologis,In Construction,84.09,,Assumed,,N,IL,PJM,41.971289,-87.95462,03/01/2026,2026,41.6,-87.7,0.45020758092351065
SR Maryville: MARY,Solar,1.3,1.7,Silicon Ranch,Operating,51.04,,Assumed,,N,TN,Non-ISO,35.688025,-84.02035,06/01/2025,2025,35.3,-84.1,0.3961155426450783
Melrose Park 2-SLCHI547: CH547,Solar,3.0,3.9,Prologis,In Construction,84.07,,Assumed,,N,IL,PJM,41.9809,-87.8633,02/01/2026,2026,41.6,-87.7,0.41442936672006625
Bensenville 13-SLCHI513: CH513,Solar,1.4,1.8,Prologis,In Construction,84.13,,Assumed,,N,IL,PJM,41.987884,-87.95258,02/01/2026,2026,41.6,-87.7,0.4628721787448421
SR Lambert II: LAMB2,Solar,100.0,130.0,Silicon Ranch,In Construction,54.84,,Assumed,,N,SC,Non-ISO,33.332969,-79.56353,12/01/2025,2025,33.5,-79.6,0.17096612489320823
SR Hickman: HICK,Solar,5.5,7.2,Silicon Ranch,In Construction,51.33,,Assumed,,N,TN,Non-ISO,35.92802,-87.27945,12/01/2025,2025,36.2,-87.7,0.5008347261322923
Internationale Ctr 11-SLCHI321: CH321,Solar,1.8,2.3,Prologis,In Construction,84.09,,Assumed,,N,IL,PJM,41.70053,-88.02744,02/01/2026,2026,41.6,-87.7,0.3425247939930729
SR Lexington: LEXTN,Solar,6.5,8.5,Silicon Ranch,In Construction,51.33,,Assumed,,N,TN,Non-ISO,35.720616,-88.36943,12/01/2025,2025,35.3,-88.6,0.47966690979887516
Franklin Park 3-SLCHI803: CH803,Solar,1.2,1.6,Prologis,Operating,83.97,,Assumed,,N,IL,PJM,41.947302,-87.86092,02/01/2025,2025,41.6,-87.7,0.3827713751105172
Trousdale Solar II: TROU1,Solar,5.0,6.5,"Trousdale Solar II, LLC",In Construction,121.99,,Assumed,,N,NY,NYISO,42.966,-78.141,04/01/2026,2026,43.4,-77.8,0.5519393082577136
SR Cherry Valley: CHERR,Solar,4.8,6.2,Silicon Ranch,In Construction,45.21,,Assumed,,N,AR,MISO,35.372893,-90.7708,12/01/2025,2025,35.3,-90.4,0.37789685027662184
SR Trezevant: TREZE,Solar,6.5,8.5,Silicon Ranch,Operating,51.07,,Assumed,,N,TN,Non-ISO,36.001402,-88.61944,07/01/2025,2025,36.2,-88.6,0.19954718540736605
Trousdale Solar I: TROU1,Solar,5.0,6.5,Trousdale Solar I,In Construction,121.99,,Assumed,,N,NY,NYISO,42.97,-78.147,04/01/2026,2026,43.4,-77.8,0.5525477354944146
NY Breesport 625 Breesport Rd: 18205,Solar,3.5,4.6,Catalyze,Operating,114.46,,Assumed,,N,NY,NYISO,42.173889,-76.73806,06/01/2025,2025,42.5,-76.9,0.36410568235197693
Benz Solar 1: BENZ1,Solar,1.0,1.3,Ecos Energy,Operating,83.27,,Assumed,,N,CT,ISO-NE,41.342637,-73.0615,03/01/2025,2025,41.6,-73.3,0.35088169483317294
Des Plaines 7-SLCHI819: CH819,Solar,1.4,1.8,Prologis,Operating,83.89,,Assumed,,N,IL,PJM,42.018195,-87.9296,06/01/2025,2025,41.6,-87.7,0.4770777903287821
Des Plaines 11-SLCHI211: CH211,Solar,1.6,2.1,Prologis,In Construction,84.25,,Assumed,,N,IL,PJM,42.015,-87.915,12/01/2025,2025,41.6,-87.7,0.4673863498220725
Northlake 5-SLCHI305: CH305,Solar,2.5,3.3,Prologis,In Construction,84.2,,Assumed,,N,IL,PJM,41.929004,-87.91716,02/01/2026,2026,41.6,-87.7,0.39421072742379204
Apex NC Solar: PGR28,Solar,28.9,37.6,Pine Gate Renewables,In Construction,54.91,,Assumed,,N,NC,Non-ISO,35.415022,-81.47812,01/01/2026,2026,35.3,-81.4,0.1390424211670687
Aurora 7-SLCHI307: CH307,Solar,1.9,2.5,Prologis,In Construction,83.69,,Assumed,,N,IL,PJM,41.79698,-88.26809,11/01/2026,2026,41.6,-88.6,0.38596031985165813
Bensenville Ind Park 6-SLCHI406: CH406,Solar,1.1,1.4,Prologis,In Construction,84.13,,Assumed,,N,IL,PJM,41.984648,-87.94767,02/01/2026,2026,41.6,-87.7,0.45748717228355
Northlake 4-SLCHI304: CH304,Solar,1.4,1.8,Prologis,In Construction,84.19,,Assumed,,N,IL,PJM,41.92302,-87.91646,01/01/2026,2026,41.6,-87.7,0.38884039399218656
Saltbranch Solar 1: SLTB1,Solar,73.0,94.9,Leeward Renewable Energy,In Construction,56.76,,Assumed,,N,OK,SPP,36.331569,-95.22931,03/01/2026,2026,36.2,-94.9,0.3546201881746085
Northlake 3-SLCHI303: CH303,Solar,1.6,2.1,Prologis,In Construction,84.2,,Assumed,,N,IL,PJM,41.918532,-87.9093,02/01/2026,2026,41.6,-87.7,0.38114186994346083
Glendale Heights 10-SLCHI910: CH910,Solar,1.3,1.7,Prologis,In Construction,84.13,,Assumed,,N,IL,PJM,41.929422,-88.07008,02/01/2026,2026,41.6,-87.7,0.4954574255009221
Bensenville Ind Park 10-SLCHI410: CH410,Solar,1.2,1.6,Prologis,In Construction,84.19,,Assumed,,N,IL,PJM,41.984507,-87.94587,01/01/2026,2026,41.6,-87.7,0.45639641754619165
Twelvemile Solar 1 & 2: TS12,Solar,152.0,197.6,Leeward Renewable Energy,In Construction,56.76,,Assumed,C&I,N,OK,SPP,36.331569,-95.22931,03/01/2026,2026,36.2,-94.9,0.3546201881746085
Benz Solar 2: BENZ2,Solar,1.0,1.3,Ecos Energy,Operating,83.27,,Assumed,,N,CT,ISO-NE,41.34357,-73.06077,03/01/2025,2025,41.6,-73.3,0.35069550581665154
Johnson City Solar: 18878,Solar,5.0,6.5,Above Grid Binghamton Solar LLC,In Construction,123.21,,Assumed,,N,NY,NYISO,42.200933,-75.97879,04/01/2026,2026,42.5,-76.0,0.29981816921094084
SL JAMESTOWN ARRAY 2: 21108,Solar,4.8,6.2,"SL Jamestown II, LLC",In Construction,121.21,,Assumed,,N,NY,NYISO,42.0475,-79.28417,04/01/2026,2026,41.6,-79.6,0.5477269747784863
Ontario 2 CDG: 21108,Solar,5.0,6.5,BW Solar Holding Inc.,Operating,113.27,,Assumed,,N,NY,NYISO,42.964632,-77.1113,06/01/2025,2025,43.4,-76.9,0.483934897919126
Bensenville Ind Park 4-SLCHI424: CH424,Solar,1.7,2.2,Prologis,In Construction,84.04,,Assumed,,N,IL,PJM,41.983893,-87.95172,04/01/2026,2026,41.6,-87.7,0.45906077358994224
SL JAMESTOWN ARRAY 1: 21103,Solar,3.0,3.9,"SL Jamestown, LLC",In Construction,121.21,,Assumed,,N,NY,NYISO,42.047778,-79.28278,04/01/2026,2026,41.6,-79.6,0.5487564721112584
Addison 11-SLCHI404: CH404,Solar,1.6,2.1,Prologis,In Construction,84.19,,Assumed,,N,IL,PJM,41.930327,-88.04848,01/01/2026,2026,41.6,-87.7,0.48016063700494493
McCook 2-SLCHI102: CH102,Solar,2.0,2.6,Prologis,In Construction,84.11,,Assumed,,N,IL,PJM,41.803083,-87.81935,02/01/2026,2026,41.6,-87.7,0.23555705760812837
BCE Seal Beach: SBPV1,Solar,12.0,15.6,BCE Seal Beach,In Construction,57.91,,Assumed,,Y,CA,CAISO,33.732761,-118.0445,04/01/2026,2026,33.5,-118.3,0.3456268697902415
Elk Grove 1-SLCHI701: CH701,Solar,1.7,2.2,Prologis,In Construction,84.1,,Assumed,,N,IL,PJM,41.781837,-87.854985,12/01/2025,2025,41.6,-87.7,0.23892476806308602
SR Maryville East: MARYE,Solar,7.5,9.8,Silicon Ranch,Operating,51.04,,Assumed,,N,TN,Non-ISO,35.77527,-83.91361,06/01/2025,2025,36.2,-84.1,0.46382842194069895
Above Grid Montour Solar: 20435,Solar,5.0,6.5,Above Grid Montour Solar LLC,In Construction,123.19,,Assumed,,N,NY,NYISO,42.330348,-76.83241,04/01/2026,2026,42.5,-76.9,0.1826203964621725
Desert Breeze Solar: LOC3,Solar,125.0,162.5,Terra-Gen,In Construction,58.06,,Assumed,,N,CA,CAISO,35.037778,-117.3472,07/01/2026,2026,35.3,-117.4,0.2674849851561718
Bensenville Ind Park 11: CH411,Solar,1.2,1.6,Prologis,In Construction,84.09,,Assumed,,N,IL,PJM,41.986194,-87.94525,03/01/2026,2026,41.6,-87.7,0.45748592124348086
Franklin Park 2-SLCHI802: CH802,Solar,1.2,1.6,Prologis,In Construction,84.13,,Assumed,,N,IL,PJM,41.946509,-87.85944,12/01/2025,2025,41.6,-87.7,0.38143099071915937
SR Dumas: DUMAS,Solar,4.8,6.2,Silicon Ranch,In Construction,45.21,,Assumed,,N,AR,MISO,33.891711,-91.47006,12/01/2025,2025,33.5,-91.3,0.42703385242976094
Northlake 2-SLCHI302: CH302,Solar,1.6,2.1,Prologis,In Construction,84.2,,Assumed,,N,IL,PJM,41.9118,-87.9081,12/01/2025,2025,41.6,-87.7,0.37486644288332815
Allied Potato: 19073,Solar,1.2,1.6,"Renewable Solar, Inc",Operating,65.49,,Assumed,,N,CA,CAISO,35.259196,-118.8819,05/01/2025,2025,35.3,-119.2,0.3207063710249615
SR South Gibson: GIBSN,Solar,4.8,6.2,Silicon Ranch,In Construction,51.33,,Assumed,,N,TN,Non-ISO,35.826426,-88.81739,12/01/2025,2025,36.2,-88.6,0.43222210213732426
SR Forked Deer: FDEER,Solar,2.5,3.3,Silicon Ranch,In Construction,51.33,,Assumed,,N,TN,Non-ISO,35.708522,-89.50989,12/01/2025,2025,35.3,-89.5,0.40864169706969944
SR Brownsville: BROWN,Solar,3.0,3.9,Silicon Ranch,Operating,51.04,,Assumed,,N,TN,Non-ISO,35.59013,-89.23283,06/01/2025,2025,35.3,-89.5,0.3944049008316189
Elk Grove 51-SLCHI151: CH151,Solar,1.4,1.8,Prologis,In Construction,84.09,,Assumed,,N,IL,PJM,42.00096,-87.95782,03/01/2026,2026,41.6,-87.7,0.4766970463512395
Bensenville Ind Park 2-SLCHI402: CH402,Solar,1.1,1.4,Prologis,In Construction,83.96,,Assumed,,N,IL,PJM,41.983957,-87.95383,05/01/2026,2026,41.6,-87.7,0.4602745341087133
Bensenville 14-SLCHI414: CH414,Solar,1.3,1.7,Prologis,In Construction,84.19,,Assumed,,N,IL,PJM,41.982829,-87.94589,01/01/2026,2026,41.6,-87.7,0.4549944344066223
SR Gray: GRAY,Solar,6.0,7.8,Silicon Ranch,In Construction,53.63,,Assumed,,N,TN,Non-ISO,36.439504,-82.47351,04/01/2026,2026,36.2,-82.3,0.29574970180204907
SR Adamsville: ADAMV,Solar,25.0,32.5,Silicon Ranch,In Construction,51.57,,Assumed,,N,TN,Non-ISO,35.256025,-88.36971,06/01/2026,2026,35.3,-88.6,0.23445102841531335
GCC Trident Solar Project: GCC2,Solar,2.0,2.6,GCC Trident LLC,Operating,46.86,,Assumed,,N,MT,Non-ISO,45.93728,-111.4637,03/01/2025,2025,46.1,-111.1,0.39844132366009216
Beaverdam Renewable Energy Center: 67693,Solar,40.8,53.0,Duke Energy,In Construction,54.91,,Assumed,,N,SC,Non-ISO,34.64611,-82.03086,01/01/2026,2026,34.4,-82.3,0.36470052330644803
Commerce Distribution Center 4-SLLAX113: LA113,Solar,1.2,1.6,Prologis,In Construction,57.94,,Assumed,,N,CA,CAISO,33.98049,-118.1581,02/01/2026,2026,34.4,-118.3,0.4428591763755088
CA OXNARD 2600 Sakioka Dr: 21387,Solar,1.6,2.1,Catalyze,Operating,57.52,,Assumed,,N,CA,CAISO,34.2134,-119.1396,07/01/2025,2025,34.4,-119.2,0.19613189439762116
South Bay Dis Ctr 20-SLLAX512: LA512,Solar,1.3,1.7,Prologis,In Construction,58.0,,Assumed,,N,CA,CAISO,33.84038,-118.2287,01/01/2026,2026,33.5,-118.3,0.3477675004942257
DG Green Arrow: GRARW,Solar,1.0,1.3,DG Green Arrow LLC,Operating,53.2,,Assumed,,N,MN,MISO,43.994,-96.3327,03/01/2025,2025,44.3,-96.7,0.4780641065798587
Romeoville 34B-SLCHI234: C234B,Solar,1.1,1.4,Prologis,In Construction,84.01,,Assumed,,Y,IL,PJM,41.597,-88.11,04/01/2026,2026,41.6,-87.7,0.4100109754628493
SR Sequatchie: SEQUA,Solar,8.0,10.4,Silicon Ranch,In Construction,51.58,,Assumed,,N,TN,Non-ISO,35.412666,-85.3278,07/01/2026,2026,35.3,-85.0,0.3466215047512179
Kennett Solar: KSPV1,Solar,4.9,6.4,Evergy Inc,In Construction,56.95,,Assumed,,N,MO,SPP,36.207917,-90.05722,04/01/2026,2026,36.2,-90.4,0.34287141509464336
Romeoville 34A-SLCHI234: C234A,Solar,1.1,1.4,Prologis,In Construction,84.01,,Assumed,,Y,IL,PJM,41.599,-88.111,04/01/2026,2026,41.6,-87.7,0.4110012165432131
Tower Solar: TWS,Solar,120.0,156.0,Avangrid,In Construction,51.52,,Assumed,,N,OR,Non-ISO,45.8211,-119.7994,09/01/2026,2026,46.1,-120.1,0.4100555694049201
Swamp Cabbage: 1,Solar,74.5,96.9,Florida Power & Light Co,In Construction,51.02,,Assumed,,N,FL,Non-ISO,26.762014,-81.25302,01/01/2026,2026,27.2,-81.4,0.4619901044351476
Brookings Solar: 1,Solar,4.9,6.4,Western Minnesota Mun Pwr Agny,In Construction,59.29,,Assumed,,N,SD,SPP,44.340596,-96.72945,12/01/2025,2025,44.3,-96.7,0.050153142633337436
Oneida 2 CDG: 21108,Solar,3.3,4.3,NY CDG Oneida 2 LLC,In Construction,123.96,,Assumed,,N,NY,NYISO,43.196874,-75.43545,12/01/2025,2025,43.4,-75.1,0.3921566962019198
CA OXNARD 2600 Sakioka Dr: 18249,Solar,1.6,2.1,Catalyze,Operating,57.52,,Assumed,,N,CA,CAISO,34.2134,-119.1396,07/01/2025,2025,34.4,-119.2,0.19613189439762116
Cabin Creek MD: CABCR,Solar,2.0,2.6,AES,Operating,76.06,,Assumed,,N,MD,PJM,38.615,-75.8959,08/01/2025,2025,38.9,-76.0,0.303416891421685
South Bay Dis Ctr 6-SLLAX680: LA680,Solar,1.3,1.7,Prologis,In Construction,58.14,,Assumed,,N,CA,CAISO,33.8439,-118.2242,11/01/2026,2026,33.5,-118.3,0.35215458253443005
Solar Star 3: SS3PV,Solar,24.0,31.2,BHE Renewables,In Construction,57.88,,Assumed,,Y,CA,CAISO,34.84166,-118.4551,10/01/2026,2026,34.4,-118.3,0.46810208886523924
Centennial Flats: CFPV2,Solar,166.7,216.7,Carlyle Group,In Construction,39.95,PPA,Assumed,,Y,AZ,CAISO,33.588334,-113.5283,02/01/2026,2026,33.5,-113.8,0.2856987671586949
IL2 - W109: IL2PV,Solar,4.9,7.5,Madison Energy Investments,In Construction,85.13,,Assumed,,N,IL,PJM,41.470454,-88.02366,12/01/2025,2025,41.6,-87.7,0.34862295064439425
MN CSG 2019-105: HAGER,Solar,1.0,1.3,Impact Power Solutions,Operating,53.29,,Assumed,,N,MN,MISO,44.3395,-92.00017,05/01/2025,2025,44.3,-92.2,0.20369653629849133
Long Branch Solar: 1,Solar,74.5,96.9,Emera Energy,In Construction,51.04,,Assumed,,N,FL,Non-ISO,27.62574,-82.17134,12/01/2025,2025,27.2,-82.3,0.4447560490875869
AES Glengarry Farms Solar CSG: GLENG,Solar,5.0,6.5,AES,In Construction,113.67,,Assumed,,N,NY,NYISO,44.9183,-74.1477,12/01/2025,2025,44.3,-74.2,0.6205080015600173
Centennial Flats: CFPV3,Solar,166.7,216.7,Carlyle Group,In Construction,39.95,PPA,Assumed,Utility,Y,AZ,CAISO,33.588334,-113.5283,02/01/2026,2026,33.5,-113.8,0.2856987671586949
Ironwood Solar: I168M,Solar,168.0,218.4,Arizona Public Service,In Construction,39.29,,Assumed,,N,AZ,Non-ISO,32.915556,-113.5778,06/01/2026,2026,32.6,-113.8,0.3859383747905887
DIVOCSG 14: DIV14,Solar,1.0,1.3,New Energy Equity,Operating,53.22,,Assumed,,N,MN,MISO,44.3396,-91.9974,06/01/2025,2025,44.3,-92.2,0.20643381505945577
Bronson Solar: BROS,Solar,74.5,96.9,NextEra Energy Resources,Operating,51.0,,Assumed,,N,FL,Non-ISO,29.464985,-82.6239,09/01/2025,2025,29.9,-82.3,0.5423552896626028
MN CSG 2019-67: MONK,Solar,1.0,1.3,MN CSG 2019-67 LLC,Operating,52.64,,Assumed,,N,MN,MISO,45.421063,-94.03342,03/01/2025,2025,45.2,-94.0,0.2235749233903429
Keydet Solar Center: KEYDT,Solar,120.0,156.0,AES,In Construction,77.72,,Assumed,,N,VA,PJM,37.4371,-77.1587,03/01/2026,2026,37.1,-76.9,0.42492599355651883
NorCal FPV 1: 17184,Solar,10.0,13.0,White Pine Renewables,In Construction,65.08,,Assumed,,N,CA,CAISO,37.6778,-121.8275,04/01/2026,2026,38.0,-121.9,0.3302560975970046
WPR RE Holdings: 22323,Solar,2.9,3.8,"WPR RE Holdings, LLC",In Construction,65.47,,Assumed,,N,CA,CAISO,35.7832,-119.8652,01/01/2026,2026,36.2,-120.1,0.478386120199989
AES Rt 5 Solar CSG: RT5SS,Solar,5.0,6.5,AES,In Construction,122.23,,Assumed,,N,NY,NYISO,42.97347,-78.01527,12/01/2025,2025,43.4,-77.8,0.4777750661137533
Ellis Creek Solar: 17188,Solar,4.0,5.2,White Pine Renewables,In Construction,65.35,,Assumed,,N,CA,CAISO,38.2223,-122.5737,01/01/2026,2026,38.0,-122.8,0.31722071180803496
Ardagh Solar: 1,Solar,12.9,16.8,CI Renewables,In Construction,65.09,,Assumed,,N,CA,CAISO,36.921281,-120.1083,03/01/2026,2026,37.1,-120.1,0.17891162891494905
DIVOCSG 13: DIV13,Solar,1.0,1.3,DIVOCSG 13 LLC,Operating,53.39,,Assumed,,N,MN,MISO,44.3645,-92.0274,04/01/2025,2025,44.3,-92.2,0.18425799846954072
Millers Branch Solar: MLB03,Solar,132.0,171.6,Southern Power,In Construction,58.65,,Assumed,,N,TX,ERCOT,33.47885,-99.66157,07/01/2026,2026,33.5,-99.4,0.26242367919072335
IL Bolingbrook 279 Marquette Dr: 19572,Solar,1.0,1.3,Catalyze,Operating,84.3,,Assumed,,N,IL,PJM,41.672428,-88.06185,05/01/2025,2025,41.6,-87.7,0.3690274213171728
MN CSG 2019-22: BRAUN,Solar,1.0,1.3,MN CSG 2019-22 LLC,Operating,53.2,,Assumed,,N,MN,MISO,44.7951,-95.1001,04/01/2025,2025,45.2,-94.9,0.45164590112166497
Brazoria Solar I: BRAZ,Solar,125.0,162.5,"Brazoria Solar i, LLC",In Construction,58.83,,Assumed,,N,TX,ERCOT,29.138777,-95.37108,03/01/2026,2026,29.0,-95.8,0.45081195872446916
IL Bedford Park 6901 W 65th St: 19574,Solar,2.0,2.6,Catalyze,In Construction,84.06,,Assumed,,N,IL,PJM,41.772696,-87.79431,03/01/2026,2026,41.6,-87.7,0.19676962295029016
IL BEDFORD PARK 7035 W 65TH ST: 19575,Solar,2.0,2.6,Catalyze,Operating,84.06,,Assumed,,N,IL,PJM,41.772468,-87.79725,09/01/2025,2025,41.6,-87.7,0.19799690281416324
Bishop Ranch - BR 8-O: 4975C,Solar,1.0,1.3,Executive Parkway BR8-O Solar Project 2020 LLC,Operating,65.7,,Assumed,,Y,CA,CAISO,37.769011,-121.9668,03/01/2025,2025,38.0,-121.9,0.2404540665511826
USNY - Geddes: GEDDE,Solar,3.3,4.3,Abundant Solar Power Inc.,Operating,123.64,,Assumed,,N,NY,NYISO,43.065015,-76.2196,07/01/2025,2025,43.4,-76.0,0.4005485116998905
"Lowe's - 1845 - Chicago Brickyard, IL: 7509",Solar,1.0,1.3,"North Narragansett Avenue Solar Project 2022, LLC",Operating,79.7,,Assumed,,N,IL,MISO,41.928181,-87.78931,02/01/2025,2025,41.6,-87.7,0.34011622257840046
Bishop Ranch - BR 15-AA: 4654C,Solar,0.5,0.7,Alcosta Boulevard BR 15-AA Solar Project 2020 LLC,Operating,65.55,,Assumed,,Y,CA,CAISO,37.77538,-121.9613,04/01/2025,2025,38.0,-121.9,0.23283434969952205
Bishop Ranch - BR 15-CC: 4656C,Solar,0.5,0.7,"Alcosta Boulevard BR 15-CC Solar Project 2020, LLC",Operating,65.7,,Assumed,,Y,CA,CAISO,37.773323,-121.9602,03/01/2025,2025,38.0,-121.9,0.23453465059346856
AZ State University - Tempe Campus Solar: ISTB7,Solar,0.1,0.1,Arizona State University FDM,Operating,38.9,,Assumed,,N,AZ,Non-ISO,33.424279,-111.9282,02/01/2025,2025,33.5,-112.0,0.10434993934353609
Walker Springs I: OEALG,Solar,80.0,104.0,Origis Energy,In Construction,59.08,,Assumed,,N,AL,Non-ISO,31.435022,-87.70473,08/01/2026,2026,31.7,-87.7,0.2650202131611843
"Lowe's - 1193 - East Peoria, IL: 7496",Solar,1.0,1.3,"Riverside Drive Solar Project 2022, LLC",Operating,76.22,,Assumed,,N,IL,MISO,40.681036,-89.58474,08/01/2025,2025,40.7,-89.5,0.08683605757978395
Palmdale Water District HQ: 7169,Solar,1.7,2.2,"East Avenue Q Solar Project 2022, LLC",In Construction,57.18,,Assumed,,N,CA,CAISO,34.587916,-118.0931,03/01/2026,2026,34.4,-118.3,0.27949961190670103
Swift Air Solar II: OSAS2,Solar,100.0,130.0,Origis Energy,In Construction,59.53,,Assumed,,N,TX,ERCOT,31.723088,-102.5196,03/01/2026,2026,31.7,-102.1,0.42023471506290655
Bishop Ranch - BR 15-AA: 4654R,Solar,0.2,0.3,Alcosta Boulevard BR 15-AA Solar Project 2020 LLC,Operating,65.55,,Assumed,,Y,CA,CAISO,37.77538,-121.9613,04/01/2025,2025,38.0,-121.9,0.23283434969952205
East Windsor: EWNDR,Solar,4.0,5.2,NJR Clean Energy Ventures,Operating,82.71,,Assumed,,N,CT,ISO-NE,41.85,-72.55,09/01/2025,2025,41.6,-72.4,0.2915475947422606
McFarland Schools Customer Hosted: PV1,Solar,1.4,1.8,Wisconsin Power & Light Co,In Construction,51.73,,Assumed,,N,WI,MISO,43.02369,-89.26745,12/01/2025,2025,43.4,-89.5,0.4423671762235519
Vienna Walbec Customer Hosted: PV1,Solar,1.4,1.8,Wisconsin Power & Light Co,In Construction,51.55,,Assumed,,N,WI,MISO,43.208435,-89.41019,05/01/2026,2026,43.4,-89.5,0.21157264786592542
Wheatland: OEIN1,Solar,150.0,195.0,Origis Energy,In Construction,51.61,PPA,Assumed,,N,IN,MISO,38.692248,-87.28772,09/01/2026,2026,38.9,-87.7,0.46166621265153
Mingoville PV I: PV1,Solar,3.0,3.9,ENGIE North America,In Construction,71.26,,Assumed,,N,PA,PJM,40.902,-77.685,05/01/2026,2026,40.7,-77.8,0.2324413904621939
Central San: CESAN,Solar,1.8,2.3,REC Solar,Operating,65.88,,Assumed,,N,CA,CAISO,38.005734,-122.0749,01/01/2025,2025,38.0,-121.9,0.17499396777031434
MN CSG 2019-77: DEVNY,Solar,1.0,1.3,MN CSG 2019-77 LLC,Operating,53.23,,Assumed,,N,MN,MISO,44.4735,-93.2187,05/01/2025,2025,44.3,-93.1,0.2102187907871283
Swift Air Solar III: OSAS3,Solar,100.0,130.0,Origis Energy,In Construction,59.53,,Assumed,,N,TX,ERCOT,31.723088,-102.5196,03/01/2026,2026,31.7,-102.1,0.42023471506290655
Community Solar Utica 1: UTICA,Solar,3.0,3.9,Aggreko,Operating,58.03,,Assumed,,N,CA,CAISO,35.93422,-119.8619,03/01/2025,2025,36.2,-120.1,0.35683416092072
IL University Park 450 Central Ave: 20424,Solar,2.3,3.0,Catalyze,In Construction,84.28,,Assumed,,N,IL,PJM,41.453676,-87.75003,05/01/2026,2026,41.6,-87.7,0.15464059582140524
"Lowe's - 1440 - Rockford, IL RDC (POI 1): 7481",Solar,2.3,3.0,"South Springfield Avenue Solar Project 2022, LLC",In Construction,79.09,,Assumed,,N,IL,MISO,42.239075,-89.13187,12/01/2025,2025,42.5,-89.5,0.4512222872653737
Rockhound C: OERHC,Solar,61.0,79.3,Origis Energy,In Construction,59.48,,Assumed,,N,TX,ERCOT,31.723088,-102.5196,06/01/2026,2026,31.7,-102.1,0.42023471506290655
Palmdale Water District 6MG Tank: 7170G,Solar,1.0,1.3,"East Avenue Q Solar Project 2022, LLC",In Construction,56.91,,Assumed,,Y,CA,CAISO,34.558047,-118.1187,01/01/2026,2026,34.4,-118.3,0.24051724305961636
Town of Sharon Portfolio -Mt St Landfill: 3850G,Solar,5.0,6.5,"Mountain Street Solar Project 2019, LLC",In Construction,88.27,,Assumed,,Y,MA,ISO-NE,42.102685,-71.15906,02/01/2026,2026,42.5,-71.5,0.5235449291369381
Las Virgenes MWD - Composting Plant: 7236G,Solar,0.9,1.2,"Las Virgenes Road Solar Project 2022, LLC",In Construction,57.75,,Assumed,,Y,CA,CAISO,34.126481,-118.6981,12/01/2025,2025,34.4,-118.3,0.4830075085969158
Mingoville PV II: PV1,Solar,2.0,2.6,ENGIE North America,In Construction,71.26,,Assumed,,N,PA,PJM,40.902,-77.685,05/01/2026,2026,40.7,-77.8,0.2324413904621939
Sun Pond: GEN01,Solar,85.0,110.5,Longroad Energy,In Construction,39.26,,Assumed,Utility,Y,AZ,Non-ISO,33.381198,-112.8216,02/01/2026,2026,33.5,-112.9,0.14233929606402043
MN CSG 2019-79: BONNI,Solar,1.0,1.3,New Energy Equity,Operating,53.11,,Assumed,,N,MN,MISO,44.7825,-95.4795,05/01/2025,2025,45.2,-95.8,0.5263330694531748
Agrimony 1: 703,Solar,2.0,2.6,Greenbacker Renewable Energy,Operating,79.86,,Assumed,,N,IL,MISO,42.482401,-89.98954,01/01/2025,2025,42.5,-90.4,0.4108371166301802
Rockhound D: OERHD,Solar,28.0,36.4,Origis Energy,In Construction,59.48,,Assumed,,N,TX,ERCOT,31.6859,-102.518,06/01/2026,2026,31.7,-102.1,0.4182377433948367
"Lowe's - 1440 - Rockford, IL RDC (POI 2): 7824",Solar,2.3,3.0,"South Springfield Avenue II Solar Project 2022, LLC",In Construction,79.09,,Assumed,,N,IL,MISO,42.239075,-89.13187,12/01/2025,2025,42.5,-89.5,0.4512222872653737
Walker Springs II: OEALH,Solar,80.0,104.0,Origis Energy,In Construction,59.03,,Assumed,,N,AL,Non-ISO,31.435022,-87.70473,03/01/2026,2026,31.7,-87.7,0.2650202131611843
SouthernCompany:24S-IC-1199:PV,Solar,3.5,4.6,,In Construction,59.31,,Assumed,,Y,GA,Non-ISO,30.953432,-83.21947,10/01/2026,2026,30.8,-83.2,0.15466240501168838
Hill Solar II: HS2,Solar,200.0,260.0,TotalEnergies,In Construction,58.82,,Assumed,,N,TX,ERCOT,32.115203,-97.06783,12/01/2025,2025,31.7,-96.7,0.5547003155840097
Aratina Solar Center 1A: 64NB8,Solar,120.0,156.0,Avantus,In Construction,57.82,,Assumed,,Y,CA,CAISO,34.986825,-117.680784,06/01/2026,2026,35.3,-117.4,0.42061649430448467
Bayer Oxnard - Meter# 4719: 6245,Solar,1.3,1.7,"Camino del Sol 2 Solar Project 2022, LLC",In Construction,57.91,,Assumed,,N,CA,CAISO,34.20337,-119.1394,03/01/2026,2026,34.4,-119.2,0.20575645044566784
Rockhound A: OERHA,Solar,245.0,318.5,Origis Energy,In Construction,59.53,,Assumed,,N,TX,ERCOT,31.723088,-102.5196,03/01/2026,2026,31.7,-102.1,0.42023471506290655
Old Route 17: PV1,Solar,4.0,5.2,"NY Thompson III, LLC",Operating,119.66,,Assumed,,N,NY,NYISO,41.738414,-74.73387,04/01/2025,2025,41.6,-75.1,0.39141999475754685
Bishop Ranch - BR 15-CC: 4656R,Solar,0.2,0.3,"Alcosta Boulevard BR 15-CC Solar Project 2020, LLC",Operating,65.7,,Assumed,,Y,CA,CAISO,37.773323,-121.9602,03/01/2025,2025,38.0,-121.9,0.23453465059346856
Agrimony 2: 703,Solar,2.0,2.6,Greenbacker Renewable Energy,Operating,80.04,,Assumed,,N,IL,MISO,42.48231,-89.99143,06/01/2025,2025,42.5,-90.4,0.4089527857834075
Whistling Duck I: OEFL8,Solar,75.0,97.5,Origis Energy,In Construction,51.04,,Assumed,,N,FL,Non-ISO,29.472222,-82.43088,12/01/2025,2025,29.9,-82.3,0.4473517538626637
Glastonbury Solar One: GTBRY,Solar,3.0,3.9,NJR Clean Energy Ventures,Operating,82.71,,Assumed,,N,CT,ISO-NE,41.75,-72.55,09/01/2025,2025,41.6,-72.4,0.21213203435595723
Bishop Ranch - BR 8-Q: 4977C,Solar,0.7,0.9,Executive Parkway BR8-Q Solar Project 2020 LLC,Operating,65.55,,Assumed,,Y,CA,CAISO,37.768711,-121.9684,04/01/2025,2025,38.0,-121.9,0.24119113068477055
Crossroads Bus Park 7 - SLINE207: IN207,Solar,1.0,1.3,Prologis,In Construction,57.26,,Assumed,,N,CA,CAISO,34.074119,-117.5296,04/01/2026,2026,34.4,-117.4,0.3507058399299847
USS Cattail Solar: USCAT,Solar,2.3,3.0,US Solar,Operating,83.04,,Assumed,,N,IL,MISO,41.854,-90.1171,08/01/2025,2025,41.6,-90.4,0.3801952261667757
USS Origami Solar: USORI,Solar,4.3,5.6,US Solar,In Construction,83.11,,Assumed,,N,IL,MISO,41.8344,-90.1452,04/01/2026,2026,41.6,-90.4,0.34621727282156495
Westtown School Solar: WSTTN,Solar,1.5,2.0,NJR Clean Energy Ventures,Operating,77.04,,Assumed,,N,PA,PJM,39.94,-75.534,09/01/2025,2025,39.8,-75.1,0.4560219292972766
South Bay Dis Ctr 12 - SLLAX104: LA104,Solar,1.2,1.6,Prologis,In Construction,57.89,,Assumed,,N,CA,CAISO,33.842873,-118.2245,12/01/2025,2025,33.5,-118.3,0.3510870890947099
IL Chicago 2635 S Western Ave. (West): 20421,Solar,1.8,2.3,"Catalyze Chicago S Western Avenue 2 Microgrid, LLC",In Construction,84.1,,Assumed,,N,IL,PJM,41.844094,-87.68325,12/01/2025,2025,41.6,-87.7,0.24466802679548988
USS Beard Solar: USBRD,Solar,3.5,4.6,US Solar,In Construction,76.31,,Assumed,,N,IL,MISO,39.9895,-90.3538,04/01/2026,2026,39.8,-90.4,0.19505048064539812
Chatsworth Industrial Center 1-SLLAX601: LA601,Solar,1.1,1.4,Prologis,In Construction,60.65,,Assumed,,N,CA,CAISO,34.241957,-118.6029,04/01/2026,2026,34.4,-118.3,0.3416518693773015
Flying Goose: FLYGS,Solar,3.0,4.2,"Flying Goose Solar, LLC",In Construction,65.28,,Assumed,,N,CA,CAISO,35.6,-119.5824,01/01/2026,2026,35.3,-119.2,0.4860347312692846
Stockton 6 - SLEBA202: EB202,Solar,1.1,1.4,Prologis,In Construction,65.15,,Assumed,,N,CA,CAISO,37.896708,-121.2602,12/01/2025,2025,38.0,-121.0,0.2799522767615927
NY CDG 010: NY010,Solar,1.2,1.6,NY CDG 010 LLC,Operating,100.47,,Assumed,,N,NY,NYISO,40.78035,-73.90148,03/01/2025,2025,40.7,-74.2,0.3091444854756383
Dominguez - SLLAX512: LA512,Solar,1.3,1.7,Prologis,In Construction,58.0,,Assumed,,N,CA,CAISO,33.84038,-118.2287,01/01/2026,2026,33.5,-118.3,0.3477675004942257
Sherco Solar III: SHS03,Solar,250.0,325.0,Xcel Energy,In Construction,53.14,,Assumed,,N,MN,MISO,45.4329,-94.0081,08/01/2026,2026,45.2,-94.0,0.23304081187636863
Hecate Energy Outpost Solar: RROS,Solar,515.0,669.5,Repsol Renewables NA,Operating,57.5,,Assumed,,N,TX,ERCOT,27.85923,-99.16174,05/11/2025,2025,28.1,-99.4,0.338730011218383
City of Clarksville: CLRKS,Solar,10.0,13.0,Todays Power Inc,In Construction,57.78,,Assumed,,N,AR,SPP,35.467464,-93.51518,04/01/2026,2026,35.3,-93.1,0.44768138636312127
NY CDG 009: NY009,Solar,1.0,1.3,NY CDG 009 LLC,In Construction,98.08,,Assumed,,N,NY,NYISO,40.808538,-72.95773,12/01/2025,2025,40.7,-73.3,0.35906719474772203
XNA (NW AR Natnl Airport): XNA,Solar,3.0,3.9,Todays Power Inc,In Construction,57.63,,Assumed,,N,AR,SPP,36.263575,-94.30998,04/01/2026,2026,36.2,-94.0,0.3164322692536232
Hecate Energy Longhorn Solar: RRPS,Solar,650.0,845.0,Repsol Renewables NA,In Construction,58.98,,Assumed,,N,TX,ERCOT,33.04417,-98.34052,04/01/2026,2026,32.6,-98.5,0.4719331089254074
Tracy 18 - SLCVA418: CV418,Solar,1.5,2.0,Prologis,In Construction,65.08,,Assumed,,N,CA,CAISO,37.753015,-121.3883,04/01/2026,2026,38.0,-121.0,0.4601939593530122
Quantum II Solar: IPQ2S,Solar,374.4,486.7,Intersect Power,In Construction,59.48,,Assumed,,N,TX,ERCOT,33.1377,-99.57,06/01/2026,2026,33.5,-99.4,0.4002015617160858
Franklin CSG 1: SCHAG,Solar,1.0,1.3,Franklin CSG 1 LLC,Operating,53.06,,Assumed,,N,MN,MISO,44.5393,-94.895,07/01/2025,2025,44.3,-94.9,0.23935222998752306
NorCal FPV 1 (Pond 2): 23889,Solar,1.8,2.3,White Pine Renewables,In Construction,65.08,,Assumed,,N,CA,CAISO,37.6779,-121.8276,04/01/2026,2026,38.0,-121.9,0.3301365929429811
IPC 16 - SLCVA516: CV516,Solar,1.7,2.2,Prologis,In Construction,65.25,,Assumed,,N,CA,CAISO,37.738366,-121.5348,12/01/2025,2025,38.0,-121.9,0.44924758202577064
Bandini - SLLAX710: LA710,Solar,1.3,1.7,Prologis,In Construction,57.85,,Assumed,,N,CA,CAISO,33.983566,-118.1348,12/01/2025,2025,34.4,-118.3,0.44800481733570197
Fordyce - SLLAX680: LA680,Solar,1.3,1.7,Prologis,In Construction,58.05,,Assumed,,N,CA,CAISO,33.8439,-118.2242,09/01/2026,2026,33.5,-118.3,0.35215458253443005
JFC Slauson - SLLAX071: LA071,Solar,1.2,1.6,Prologis,In Construction,57.98,,Assumed,,N,CA,CAISO,33.981421,-118.1361,06/01/2026,2026,34.4,-118.3,0.44952373601513007
USS Ducks Solar: USDUC,Solar,5.0,7.7,US Solar,In Construction,82.11,,Assumed,,N,IL,MISO,42.0142,-89.351,04/01/2026,2026,41.6,-89.5,0.44018477938247835
Hindsville: HINDS,Solar,5.0,6.5,Todays Power Inc,In Construction,56.94,,Assumed,,N,AR,SPP,36.155318,-93.89012,12/01/2025,2025,36.2,-94.0,0.1186174334741779
Greyhound Solar - Phase F,Solar,101.6,132.1,Origis Energy,Operating,59.04,,Assumed,,N,TX,ERCOT,31.58762,-102.955,11/01/2025,2025,31.7,-103.0,0.12105479916137045
Greyhound Solar - Phase E,Solar,150.7,195.9,Origis Energy,Operating,59.07,,Assumed,,N,TX,ERCOT,31.58762,-102.955,10/01/2025,2025,31.7,-103.0,0.12105479916137045
SAE Taylorville IL S1: S1,Solar,1.1,1.4,SolAmerica Energy,Operating,76.12,,Assumed,,N,IL,MISO,39.528101,-89.32002,05/01/2025,2025,39.8,-89.5,0.3260703399590323
CPA Dominguez - SLLAX901: LA901,Solar,1.0,1.3,Prologis,Operating,57.69,,Assumed,,N,CA,CAISO,33.83783,-118.2312,06/01/2025,2025,33.5,-118.3,0.3447644832345659
Goldenrod: 1,Solar,74.5,96.9,Florida Power & Light Co,In Construction,51.02,,Assumed,,N,FL,Non-ISO,26.480745,-81.49189,01/01/2026,2026,26.3,-81.4,0.20276224284860805
Mallard: 1,Solar,74.5,96.9,Florida Power & Light Co,In Construction,51.02,,Assumed,,N,FL,Non-ISO,27.832062,-80.68207,01/01/2026,2026,28.1,-80.5,0.32394483595822143
Santa Teresa Solar: STS,Solar,150.0,195.0,DESRI,In Construction,42.0,PPA,Assumed,Utility,Y,NM,Non-ISO,31.805525,-106.6989,06/01/2026,2026,31.7,-106.6,0.1446261927349265
OR - Chapman Creek - Greenkey CSG: CHPMN,Solar,3.0,3.9,"Chapman Creek Solar, LLC",Operating,52.12,,Assumed,,N,OR,Non-ISO,42.153166,-123.6237,05/01/2025,2025,42.5,-123.7,0.3551274609995703
Shallow Basket: SBPV1,Solar,140.0,182.0,National Renewable Solutions,Operating,40.55,PPA,Assumed,C&I,Y,NM,Non-ISO,36.252111,-107.3107,08/01/2025,2025,36.2,-107.5,0.19634165712095009
Sea Grape: 1,Solar,74.5,96.9,Florida Power & Light Co,In Construction,50.85,,Assumed,,N,FL,Non-ISO,27.452435,-80.56397,04/01/2026,2026,27.2,-80.5,0.26041426636227266
Edwards Sanborn 1C: S5,Solar,46.0,59.8,Terra-Gen,In Construction,58.09,,Assumed,,N,CA,CAISO,35.012467,-118.1193,05/01/2026,2026,35.3,-118.3,0.33959934642015793
Gratiot Solar Park: GRTSP,Solar,50.0,65.0,DTE Energy,In Construction,55.02,,Assumed,,N,MI,MISO,43.436999,-84.49845,11/01/2026,2026,43.4,-84.1,0.4001641269541898
Sand Pine: 1,Solar,74.5,96.9,Florida Power & Light Co,In Construction,59.03,,Assumed,,N,FL,Non-ISO,30.44763,-85.26373,04/01/2026,2026,30.8,-85.0,0.4401342179381171
Oaks HOA: 10616,Solar,1.0,1.3,Onyx Renewable Partners LP,Operating,65.94,,Assumed,,N,CA,CAISO,38.291163,-120.9191,04/01/2025,2025,38.0,-121.0,0.30219315440459343
Airport Commons 7-slbal210: 11684,Solar,1.4,1.8,Prologis,In Construction,80.42,,Assumed,,N,MD,PJM,39.182941,-76.70536,05/01/2026,2026,38.9,-76.9,0.3434244299420226
Clover FL: 1,Solar,74.5,96.9,Florida Power & Light Co,In Construction,50.85,,Assumed,,N,FL,Non-ISO,27.472021,-80.51902,04/01/2026,2026,27.2,-80.5,0.2726851386507911
Bavaria Solar: BEIER,Solar,1.0,1.3,Bavaria Solar LLC,Operating,52.99,,Assumed,,N,MN,MISO,43.975,-95.9091,07/01/2025,2025,44.3,-95.8,0.34282329267422423
Edwards Sanborn 1C: S6,Solar,102.0,132.6,Terra-Gen,In Construction,57.91,,Assumed,,N,CA,CAISO,35.012467,-118.1193,12/01/2025,2025,35.3,-118.3,0.33959934642015793
USS University Park Solar: USSUP,Solar,2.0,2.6,US Solar,Operating,79.7,,Assumed,,N,IL,MISO,41.4685,-87.7396,05/01/2025,2025,41.6,-87.7,0.13733320792874582
Visalia - (CA): VISS,Solar,4.2,5.5,Pacifico Power,Operating,57.75,,Assumed,,Y,CA,CAISO,36.459317,-119.2978,06/01/2025,2025,36.2,-119.2,0.2771464351006455
Big Brook: 1,Solar,74.5,96.9,Florida Power & Light Co,In Construction,58.98,,Assumed,,N,FL,Non-ISO,30.443398,-85.2618,01/01/2026,2026,30.8,-85.0,0.44238470408005565
Richmond Solar: HM701,Solar,2.0,2.6,"DG Richmond, LLC",Operating,83.99,,Assumed,,N,IL,PJM,42.441266,-88.30367,07/01/2025,2025,42.5,-88.6,0.3020946071282946
Flatford: 1,Solar,74.5,96.9,Florida Power & Light Co,In Construction,51.02,,Assumed,,N,FL,Non-ISO,27.389575,-82.09888,01/01/2026,2026,27.2,-82.3,0.27638367358619753
Duke:Progress_Cluster:021892:PV,Solar,2.0,2.6,,In Construction,54.93,,Assumed,,N,SC,Non-ISO,34.138215,-79.342754,07/01/2026,2026,34.4,-79.6,0.36702437349717715
Elam Road Solar: ELMRD,Solar,3.0,3.9,Dimension Energy,Operating,78.44,,Assumed,,N,VA,PJM,37.27604,-78.61845,05/01/2025,2025,37.1,-78.7,0.19401155661455147
Peoria County IL S2: S1,Solar,2.0,2.6,SolAmerica Energy,Operating,76.11,,Assumed,,N,IL,MISO,40.622194,-89.67884,06/01/2025,2025,40.7,-89.5,0.19503209796338192
Richland Township Solar II: RICH2,Solar,10.8,14.0,Birch Creek Development,Operating,48.64,,Assumed,,N,IL,MISO,40.94425,-89.26966,09/01/2025,2025,40.7,-89.5,0.3357299183867833
Adelite Solar: ADELI,Solar,25.0,32.5,Birch Creek Development,In Construction,51.87,,Assumed,,N,MO,MISO,39.75533,-94.01234,06/01/2026,2026,39.8,-94.0,0.046343117072544335
Macon County IL S1: S1,Solar,2.0,2.6,SolAmerica Energy,In Construction,76.13,,Assumed,,N,IL,MISO,39.91707,-88.89615,06/01/2026,2026,39.8,-88.6,0.3184496936723413
Tesoro RV & Boat Storage: 45067,Solar,2.6,3.4,Tesoro RV & Boat Storage,In Construction,65.27,,Assumed,,N,CA,CAISO,37.776626,-121.1869,06/01/2026,2026,38.0,-121.0,0.2912517019280707
SV CSG Corbell: CORB,Solar,2.0,2.6,"SV CSG Corbell, LLC",In Construction,48.86,,Assumed,,N,IL,MISO,37.758343,-89.05748,05/01/2026,2026,38.0,-89.5,0.504204379244171
Tazewell County IL S1: S1,Solar,2.0,2.6,SolAmerica Energy,In Construction,76.13,,Assumed,,N,IL,MISO,40.378299,-89.5225,06/01/2026,2026,40.7,-89.5,0.3224868732227757
SAE Paris IL S1: S1,Solar,2.0,2.6,SolAmerica Energy,Operating,76.11,,Assumed,,N,IL,MISO,39.605645,-87.71992,06/01/2025,2025,39.8,-87.7,0.19537316198751
Ruby Solar: RUBY,Solar,50.0,65.0,Birch Creek Development,In Construction,49.01,,Assumed,,N,IL,MISO,38.595759,-89.16983,03/01/2026,2026,38.9,-89.5,0.44897083978917324
Sandale Solar: SNDLE,Solar,3.0,3.9,Dimension Energy,Operating,78.46,,Assumed,,N,VA,PJM,37.67491,-76.41144,05/01/2025,2025,38.0,-76.0,0.524372369314022
PGE:SPQ0299:PV,Solar,1.4,1.9,,In Construction,51.35,,Assumed,,N,OR,Non-ISO,45.012202,-122.69457,10/01/2026,2026,45.2,-122.8,0.21536846032787613
PGE:SPQ0291:PV,Solar,0.7,0.9,,In Construction,51.81,,Assumed,,N,OR,Non-ISO,45.438296,-122.476649,12/01/2025,2025,45.2,-122.8,0.40167256916174987
PGE:SPQ0287:PV,Solar,1.7,2.2,,In Construction,51.81,,Assumed,,N,OR,Non-ISO,45.548411,-122.18934,12/01/2025,2025,45.2,-121.9,0.4528883532626961
PGE:SPQ0285:PV,Solar,0.7,0.9,,In Construction,51.81,,Assumed,,N,OR,Non-ISO,44.976736,-122.28214,12/01/2025,2025,45.2,-121.9,0.4425808324995497
PGE:SPQ0288:PV,Solar,1.8,2.4,,In Construction,51.81,,Assumed,,N,OR,Non-ISO,45.631156,-122.794696,12/01/2025,2025,45.2,-122.8,0.43118862317087525
PGE:CSQ0019:PV,Solar,1.2,1.6,,In Construction,51.61,,Assumed,,N,OR,Non-ISO,45.651679,-122.864226,04/01/2026,2026,46.1,-122.8,0.4528981100832732
Hanover II PV (CSG): PV1,Solar,4.8,6.2,Hanover II PV LLC,Operating,112.43,,Assumed,,N,NY,NYISO,42.485899,-79.10273,07/01/2025,2025,42.5,-78.7,0.40297678729796926
Ridge Farm Renewables PV: 13359,Solar,4.0,5.2,Nexamp,In Construction,79.07,,Assumed,,N,IL,MISO,39.891889,-87.6647,06/01/2026,2026,39.8,-87.7,0.09843616368490195
GD Richmond Beaver River I: GDBR,Solar,5.3,6.9,GD Richmond Beaver River I LLC,Operating,88.95,,Assumed,,N,RI,ISO-NE,41.47111,-71.62651,04/01/2025,2025,41.6,-71.5,0.18060291304405532
Clinton Solar 4b: CL4B,Solar,2.0,2.6,Pivot Energy,Operating,76.1,,Assumed,,N,IL,MISO,38.595728,-89.27324,06/01/2025,2025,38.9,-89.5,0.37947535833568674
Edgar Solar 1: EDG1,Solar,4.0,5.2,Pivot Energy,Operating,76.21,,Assumed,,N,IL,MISO,39.575155,-87.69508,03/01/2025,2025,39.8,-87.7,0.22489882264031014
JD Wilson Dairy: 24540,Solar,1.0,1.3,"Renewable Solar, Inc",Operating,65.85,,Assumed,,N,CA,CAISO,36.430127,-120.0129,06/01/2025,2025,36.2,-120.1,0.24605862335833065
TPE MD HO93: TP93,Solar,2.0,2.6,Pivot Energy,Operating,81.26,,Assumed,,N,MD,PJM,39.185645,-76.92383,05/01/2025,2025,38.9,-76.9,0.28663728809246164
Dover Solar (PA): ENX38,Solar,75.0,97.5,Dover Solar LLC (PA),Suspended,73.38,,Assumed,,N,PA,PJM,40.01169,-76.8234,10/01/2026,2026,39.8,-76.9,0.22512266900514866
Ohio Solar: 1,Solar,5.0,6.5,Nexamp,Operating,76.11,,Assumed,,N,IL,MISO,41.563936,-89.49413,06/01/2025,2025,41.6,-89.5,0.03653859597740792
Marion Solar 2: MAS2,Solar,1.0,1.3,Pivot Energy,Operating,75.96,,Assumed,,N,IL,MISO,38.637126,-89.11153,01/01/2025,2025,38.9,-89.5,0.4690540275661181
Clinton Solar 2: CLI2,Solar,2.0,2.6,Pivot Energy,Operating,75.95,,Assumed,,N,IL,MISO,38.506899,-89.14826,01/01/2025,2025,38.9,-89.5,0.5274935296295167
SAS Solar Farm: 5,Solar,1.0,1.3,SAS Institute Inc,In Construction,54.84,,Assumed,,N,NC,Non-ISO,35.8136,-78.7503,12/01/2025,2025,36.2,-78.7,0.3896601724580031
St. Clair Solar 5: STC5,Solar,5.0,6.5,Pivot Energy,Operating,76.12,,Assumed,,N,IL,MISO,38.587326,-89.80984,07/01/2025,2025,38.9,-89.5,0.4401884322378283
Chaberton Solar Matterhorn: CHMA,Solar,2.0,2.6,Pivot Energy,Operating,81.41,,Assumed,,N,MD,PJM,39.349558,-76.85848,04/01/2025,2025,38.9,-76.9,0.4514712679274323
LaSalle Solar 1: LAS1,Solar,2.0,2.6,Pivot Energy,Operating,76.14,,Assumed,,N,IL,MISO,41.166034,-88.63338,05/01/2025,2025,41.6,-88.6,0.43524787599251863
OR - Green Key - Buckner CSG: BUKNR,Solar,2.5,3.3,"Buckner Creek Solar, LLC",Operating,51.96,,Assumed,,N,OR,Non-ISO,45.249161,-122.5572,05/01/2025,2025,45.2,-122.8,0.247726954369122
Ashley Solar PV: 13526,Solar,5.0,6.5,Ashley Solar LLC PV,In Construction,76.19,,Assumed,,N,IL,MISO,38.325312,-89.19887,05/01/2026,2026,38.0,-89.5,0.44329129727978894
TPE MD GA137: T137,Solar,2.0,2.6,Pivot Energy,Operating,71.87,,Assumed,,N,MD,PJM,39.379117,-79.36778,06/01/2025,2025,39.8,-79.6,0.4806959830173288
Chaberton Solar Lime Kiln: CHLI,Solar,2.0,2.6,Pivot Energy,Operating,81.42,,Assumed,,N,MD,PJM,39.14942,-76.93162,04/01/2025,2025,38.9,-76.9,0.25141630973347706
Pivot Solar 30: PI30,Solar,5.0,6.5,Pivot Energy,Operating,45.02,,Assumed,,N,CO,Non-ISO,40.434751,-104.6459,02/01/2025,2025,40.7,-104.8,0.3067634952223001
Pivot Solar 32: PI32,Solar,5.0,6.5,Pivot Energy,Operating,44.97,,Assumed,,N,CO,Non-ISO,40.27482,-103.6344,09/01/2025,2025,40.7,-103.9,0.5013196509214527
Moseley Hermon Solar: 39302,Solar,5.0,6.5,Moseley Hermon Solar,In Construction,76.86,,Assumed,,N,VA,PJM,37.46754,-77.73352,08/01/2026,2026,37.1,-77.8,0.37350400533327416
Chaberton Solar Greyrock: CHGR,Solar,2.0,2.6,Pivot Energy,Operating,75.83,,Assumed,,N,MD,PJM,38.389578,-75.41813,06/01/2025,2025,38.0,-75.1,0.5029689006131561
Washington Street Solar 1: 17340,Solar,5.0,6.5,Washington Street Solar 1 LLC,In Construction,75.95,,Assumed,,N,IL,MISO,40.477287,-89.04986,10/01/2026,2026,40.7,-88.6,0.5019712142832531
TPE MD GA140: T140,Solar,2.0,2.6,Pivot Energy,Operating,71.89,,Assumed,,N,MD,PJM,39.386859,-79.38745,06/01/2025,2025,39.8,-79.6,0.46461057712991616
Kankakee Solar 5b: KA5B,Solar,1.9,2.5,Pivot Energy,Operating,83.84,,Assumed,,N,IL,PJM,41.138879,-87.83753,05/01/2025,2025,40.7,-87.7,0.45992312133768565
Thermo Fisher Pleasanton: TFPPV,Solar,1.9,2.5,TotalEnergies,Operating,65.13,,Assumed,,Y,CA,CAISO,37.645164,-121.8842,07/01/2025,2025,38.0,-121.9,0.35518759395001276
Windsor Solar One: WNDSR,Solar,3.0,3.9,NJR Clean Energy Ventures,In Construction,82.19,,Assumed,,N,CT,ISO-NE,41.85,-72.65,02/01/2026,2026,41.6,-72.4,0.3535533905932738
Madison Solar (NE): S-1,Solar,2.0,2.6,"MMPS1, LLC",Operating,58.53,,Assumed,,N,NE,SPP,41.847718,-97.4452,05/01/2025,2025,41.6,-97.6,0.2921082804783148
MDD109-NCBP BLDG 11-Manekin: MD11,Solar,2.4,3.1,Pivot Energy,In Construction,75.94,,Assumed,,N,MD,PJM,38.8739,-76.7342,04/01/2026,2026,38.9,-76.9,0.16784174093473123
MN CSG 2019-113: ENEV,Solar,1.0,1.3,MN CSG 2019-113 LLC,In Construction,53.11,,Assumed,,N,MN,MISO,44.9834,-95.7118,04/01/2026,2026,45.2,-95.8,0.23386919420907054
Chaberton Solar Blackburn: CHBL,Solar,3.0,3.9,Pivot Energy,In Construction,85.02,,Assumed,,N,DE,PJM,39.066233,-75.47778,04/01/2026,2026,38.9,-75.1,0.4127361611114302
Kit Carson Co-Op: AM-PV,Solar,10.8,14.0,Brookfield Renewables,In Construction,40.8,,Assumed,,Y,NM,Non-ISO,36.969882,-105.4369,12/01/2025,2025,37.1,-105.7,0.29351712713912503
Pivot Solar 52: PI52,Solar,3.7,4.8,Pivot Energy,In Construction,45.38,,Assumed,,N,CO,Non-ISO,40.2728,-103.6341,04/01/2026,2026,40.7,-103.9,0.5031924582105801
Pivot Energy Minnesota Solar 2: PMI2,Solar,1.0,1.3,Pivot Energy,In Construction,53.11,,Assumed,,N,MN,MISO,44.935059,-95.19906,04/01/2026,2026,45.2,-94.9,0.3995380045515051
North Franklin Solar: NFRKN,Solar,5.0,6.5,NJR Clean Energy Ventures,In Construction,82.41,,Assumed,,N,CT,ISO-NE,41.65,-72.15,02/01/2026,2026,41.6,-72.4,0.25495097567963865
CTGB Maloney and Webster: GBMWP,Solar,2.0,2.6,TotalEnergies,Operating,82.85,,Assumed,,N,CT,ISO-NE,41.517746,-72.89777,07/01/2025,2025,41.6,-73.3,0.41055412970277405
ATLAS SOLAR IV: ALTS4,Solar,300.0,390.0,TransGrid Energy,In Construction,40.48,,Assumed,,N,AZ,CAISO,33.582903,-113.5769,05/01/2026,2026,33.5,-113.8,0.23800528861561315
Bureau Solar 1: BUR1,Solar,5.0,6.5,Pivot Energy,Operating,76.33,,Assumed,,N,IL,MISO,41.442306,-89.48587,09/01/2025,2025,41.6,-89.5,0.1583257860741567
Big Creek Solar (IL): BC25,Solar,5.0,6.5,"Big Creek Solar (IL), LLC",In Construction,76.31,,Assumed,,N,IL,MISO,39.070944,-90.13983,04/01/2026,2026,38.9,-90.4,0.31130416000432876
NCBP TWELVE: NC12,Solar,1.2,1.6,Pivot Energy,In Construction,75.95,,Assumed,,N,MD,PJM,38.8713,-76.7339,04/01/2026,2026,38.9,-76.9,0.16856126482676878
Sutter Home Winery Westside: SHWST,Solar,2.3,3.0,"REC SHW, LLC",In Construction,65.21,,Assumed,,N,CA,CAISO,38.152145,-121.4022,04/01/2026,2026,38.0,-121.0,0.43001504744019586
Arroyo Solar: ARY1,Solar,335.0,435.5,Public Service Co of Colorado,In Construction,45.64,,Assumed,,N,CO,Non-ISO,38.161657,-104.5488,10/01/2026,2026,38.0,-104.8,0.2987213177009602
ASG-8: ASG-8,Solar,5.0,6.5,"Affordable Solar Silver City, LLC",In Construction,40.93,,Assumed,,N,NM,Non-ISO,34.656861,-106.8152,04/01/2026,2026,34.4,-106.6,0.3350949318044137
Nuby Run Solar: NBYRN,Solar,2.0,2.6,Dimension Energy,Operating,78.69,,Assumed,,N,VA,PJM,36.884447,-76.69121,06/01/2025,2025,37.1,-76.9,0.3000939184805369
Buckeye Solar: BUCKE,Solar,100.0,130.0,Contracted Energy (Dominion),Operating,61.07,,Assumed,,N,OH,PJM,39.6,-83.156,01/01/2025,2025,39.8,-83.2,0.20478281177871843
Pivot Solar 36: PI36,Solar,5.0,6.5,Pivot Energy,In Construction,45.38,,Assumed,,N,CO,Non-ISO,40.346119,-104.7314,04/01/2026,2026,40.7,-104.8,0.3604687533767682
Copper Crossing Energy and Research Cent: CXS01,Solar,17.6,22.9,Salt River Project,In Construction,39.57,,Assumed,,N,AZ,Non-ISO,33.15512,-111.4836,01/01/2026,2026,33.5,-111.1,0.5158402605458431
Chanute Solar: CHANS,Solar,6.0,7.8,Evergy Inc,In Construction,57.15,,Assumed,,N,KS,SPP,37.637,-95.468,05/01/2026,2026,38.0,-95.8,0.491927840236752
ILL060-Sangamon-Atchison: IL60,Solar,2.0,2.6,Pivot Energy,In Construction,76.37,,Assumed,,N,IL,MISO,39.849909,-89.29994,12/01/2025,2025,39.8,-89.5,0.20619144473279521
Anacott: 11134,Solar,5.0,6.5,Generate Capital,In Construction,76.31,,Assumed,,N,IL,MISO,39.14763,-89.4496,04/01/2026,2026,38.9,-89.5,0.25270689919351247
Pivot Solar 34: PI34,Solar,4.5,5.9,Pivot Energy,Operating,44.97,,Assumed,,N,CO,Non-ISO,40.082241,-105.1669,09/01/2025,2025,39.8,-104.8,0.4628991165264893
Copper Crossing Energy and Research Cent: CXS02,Solar,17.6,22.9,Salt River Project,In Construction,39.57,,Assumed,,N,AZ,Non-ISO,33.15512,-111.4836,01/01/2026,2026,33.5,-111.1,0.5158402605458431
ATLAS II: ALT2,Solar,100.0,130.0,"ATLAS Solar II, LLC",In Construction,40.48,,Assumed,,N,AZ,CAISO,33.582903,-113.5769,03/01/2026,2026,33.5,-113.8,0.23800528861561315
Rustic Hills Solar II: RH2PV,Solar,100.0,130.0,Clenera,In Construction,52.36,,Assumed,,N,IN,MISO,37.974259,-87.32197,03/01/2026,2026,38.0,-87.7,0.37890537074711295
LaSalle Solar 6: LAS6,Solar,3.6,4.7,Pivot Energy,In Construction,76.32,,Assumed,,N,IL,MISO,41.41779,-88.83754,04/01/2026,2026,41.6,-88.6,0.29937557632513456
Peoria Solar 3: PEO3,Solar,4.9,6.4,Pivot Energy,In Construction,76.38,,Assumed,,N,IL,MISO,40.811998,-89.69964,12/01/2025,2025,40.7,-89.5,0.2289097673844453
Riley III - Site 6 Community Solar: 10651,Solar,2.1,2.7,Onyx Renewable Partners LP,Operating,57.29,,Assumed,,N,KS,SPP,39.082862,-96.8228,03/01/2025,2025,38.9,-96.7,0.22026881541425591
Riley III - Site 12 Community Solar: 10638,Solar,1.0,1.3,Onyx Renewable Partners LP,Operating,57.13,,Assumed,,N,KS,SPP,39.086479,-96.79936,01/01/2025,2025,38.9,-96.7,0.211297957966937
"CA - Fresno, City of - SE Surface WTP: 19064",Solar,3.0,3.9,ForeFront Power,Operating,65.88,,Assumed,,N,CA,CAISO,36.75,-119.65,01/01/2025,2025,37.1,-120.1,0.5700877125495609
ASG-4: ASG-4,Solar,5.0,6.5,"Affordable Solar Silver City, LLC",In Construction,40.8,,Assumed,,N,NM,Non-ISO,34.609944,-106.8156,12/01/2025,2025,34.4,-106.6,0.30093162535035095
Pivot Solar NY 10: NY10,Solar,5.0,6.5,Pivot Energy,In Construction,123.69,,Assumed,,N,NY,NYISO,44.673387,-75.48876,04/01/2026,2026,44.3,-75.1,0.5390289318478226
Grant: 11131,Solar,2.0,2.6,Generate Capital,Operating,96.48,,Assumed,,N,IL,PJM,42.25282,-88.67917,08/01/2025,2025,42.5,-88.6,0.25954930417938105
Pickaway Solar: PICKA,Solar,100.0,130.0,Contracted Energy (Dominion),Operating,61.07,,Assumed,,N,OH,PJM,39.56,-83.176,01/01/2025,2025,39.8,-83.2,0.24119701490689635
Copper Crossing Energy and Research Cent: CXS03,Solar,19.2,25.0,Salt River Project,In Construction,39.57,,Assumed,,N,AZ,Non-ISO,33.15512,-111.4836,01/01/2026,2026,33.5,-111.1,0.5158402605458431
SP-425 Memphis: SP425,Solar,5.0,6.5,Madison Energy Investments,Operating,123.66,,Assumed,,N,NY,NYISO,43.09582,-76.38432,07/01/2025,2025,43.4,-76.0,0.4901299162467018
Waterford Solar CSG: WATER,Solar,2.6,3.4,Brookfield Renewables,Operating,51.8,,Assumed,,N,OR,Non-ISO,45.061196,-123.5538,06/01/2025,2025,45.2,-123.7,0.2015961071449602
Fresno-Clovis RWRF: 19064,Solar,17.3,22.5,ForeFront Power,Operating,65.68,,Assumed,,N,CA,CAISO,36.70318,-119.8921,04/01/2025,2025,37.1,-120.1,0.4479827255598105
MD - WL Gore - Appleton: APPLE,Solar,1.1,1.4,Brookfield Renewables,Operating,76.7,,Assumed,,N,MD,PJM,39.64352,-75.80562,03/01/2025,2025,39.8,-76.0,0.2495387240489872
MD - WL Gore - Cherry Hill: CHRRY,Solar,4.0,5.2,Brookfield Renewables,Operating,76.71,,Assumed,,N,MD,PJM,39.67039,-75.85812,03/01/2025,2025,39.8,-76.0,0.19216838059368668
Goldenrod (IL): 11132,Solar,5.0,6.5,Generate Capital,Operating,76.22,,Assumed,,N,IL,MISO,41.20946,-90.58643,08/01/2025,2025,41.6,-90.4,0.4327558624675076
Papago Solar,Solar,150.0,195.0,,In Construction,39.28,,Assumed,,N,AZ,Non-ISO,33.482236,-113.034562,07/01/2026,2026,33.5,-112.9,0.1357294792592856
10701 Seymour Ave East 1: PV1,Solar,2.9,3.8,Brookfield Renewables,In Construction,56.76,,Assumed,,N,IL,PJM,41.949124,-87.89545,04/01/2026,2026,41.6,-87.7,0.4001103221312779
"SouthernCompany:IC-696, IC-695:PV",Solar,250.0,325.0,,In Construction,59.03,,Assumed,,N,GA,Non-ISO,33.445206,-82.648319,07/01/2026,2026,33.5,-82.3,0.35260247900008107
Baxter Creek Solar: PV1,Solar,30.0,39.0,Duke Energy,In Construction,54.94,,Assumed,,N,NC,Non-ISO,35.865502,-80.55309,06/01/2026,2026,36.2,-80.5,0.3386848979567912
DE-ECA CS Hartly: HRTLY,Solar,4.0,5.2,Luminace,Operating,59.08,,Assumed,,N,DE,PJM,39.186235,-75.73084,08/01/2025,2025,38.9,-76.0,0.3929091254030663
NSF Edmeston Site 2: PV1,Solar,4.7,6.1,Norbut Solar Farms,Operating,99.11,,Assumed,,N,NY,NYISO,42.679736,-75.31302,09/01/2025,2025,42.5,-75.1,0.2787158949468069
SV CSG Paloma Solar: PALOM,Solar,4.4,5.7,SunVest Solar,In Construction,68.7,,Assumed,,N,IL,PJM,41.581609,-89.44544,03/01/2026,2026,41.6,-89.5,0.057576231910394265
American Canyon RV Boat Storage: 5381,Solar,1.9,2.5,Napa Junction RV Storage LLC,In Construction,65.56,,Assumed,,N,CA,CAISO,38.198033,-122.257,02/01/2026,2026,38.0,-121.9,0.408247558583025
"SouthernCompany:IC-769, IC-503:PV",Solar,60.0,78.0,,In Construction,59.03,,Assumed,,N,GA,Non-ISO,33.456329,-82.6471,07/01/2026,2026,33.5,-82.3,0.3498364850054931
NSF Edmeston Site 1: PV1,Solar,5.0,6.5,Norbut Solar Farms,Operating,99.11,,Assumed,,N,NY,NYISO,42.67956,-75.31425,09/01/2025,2025,42.5,-75.1,0.2795440146023587
ATLAS Solar XI: ATL11,Solar,200.0,260.0,TransGrid Energy,In Construction,40.58,,Assumed,,N,AZ,CAISO,33.553361,-113.5803,09/01/2026,2026,33.5,-113.8,0.22608734223967875
ASG-2: ASG-2,Solar,5.0,6.5,Affordable Solar,In Construction,40.89,,Assumed,,N,NM,Non-ISO,35.24175,-106.8145,01/01/2026,2026,35.3,-106.6,0.22226855940505785
Halifax County Solar: HALIF,Solar,80.0,104.0,AES,In Construction,62.43,,Assumed,,N,NC,PJM,36.2537,-77.6884,03/01/2026,2026,36.2,-77.8,0.12384768871480385
Novel Stumpf 1 Solar: STMPF,Solar,1.0,1.3,Novel Energy Solutions,In Construction,53.42,,Assumed,,N,MN,MISO,44.517319,-92.51089,12/01/2025,2025,44.3,-92.2,0.37931535674291095
SLO-3: SLO-3,Solar,5.0,6.5,Affordable Solar,In Construction,42.05,,Assumed,,N,NM,Non-ISO,32.433,-106.6862,02/01/2026,2026,31.7,-106.6,0.738051109341353
Rocky Mountain Solar: RKMS,Solar,325.0,422.5,Public Service Co of Colorado,In Construction,45.19,,Assumed,,Y,CO,Non-ISO,38.15319,-104.5763,12/01/2025,2025,38.0,-104.8,0.2711251852926944
SLO-1: SLO-1,Solar,5.0,6.5,Affordable Solar,In Construction,40.8,,Assumed,,N,NM,Non-ISO,34.784861,-106.654,12/01/2025,2025,34.4,-106.6,0.38863091657895776
"SouthernCompany:IC-903, IC-385:PV",Solar,13.0,16.9,,In Construction,59.03,,Assumed,,Y,GA,Non-ISO,33.455502,-82.647644,07/01/2026,2026,33.5,-82.3,0.35048027439501
Reston Town Center Solar 1: 45410,Solar,1.0,1.3,Ameresco,Operating,78.78,,Assumed,,N,VA,PJM,38.959906,-77.35767,03/01/2025,2025,38.9,-77.8,0.4463681862946757
ATLAS Solar X: ATL10,Solar,225.0,292.5,TransGrid Energy,In Construction,40.6,,Assumed,,N,AZ,CAISO,33.546706,-113.5562,10/01/2026,2026,33.5,-113.8,0.24823354011091386
Deer Creek Hybrid: DERPV,Solar,51.4,66.8,Luminant,In Construction,57.96,,Assumed,,Y,CA,CAISO,35.965,-119.07,04/01/2026,2026,36.2,-119.2,0.26856098003991985
Dudley Landfill Solar: 26046,Solar,1.3,1.7,Ameresco,Operating,83.37,,Assumed,,Y,MA,ISO-NE,42.036241,-71.91281,05/01/2025,2025,41.6,-71.5,0.600598290191531
SAE Ottawa IL: S1,Solar,2.0,2.6,SolAmerica Energy,In Construction,48.98,,Assumed,,N,IL,MISO,41.335883,-88.86978,04/01/2026,2026,41.6,-88.6,0.3775434254347512
KaneSolar03: KANE3,Solar,2.5,3.3,Dimension Energy,Operating,56.8,,Assumed,,N,IL,PJM,41.893158,-88.55198,09/01/2025,2025,41.6,-88.6,0.29706486390012266
Uniqlo NJ CS Ph 2: UNIP2,Solar,1.3,1.7,"Solar DG NJ Building 7, LLC",In Construction,77.13,,Assumed,,N,NJ,PJM,40.695378,-75.16338,04/01/2026,2026,40.7,-75.1,0.06354830669656923
XCEL-1: XCL-1,Solar,5.0,6.5,Affordable Solar,In Construction,53.65,,Assumed,,N,NM,SPP,33.326556,-104.536,02/01/2026,2026,33.5,-104.8,0.3158778579387909
Duke:Florida:202.1 019923:PV,Solar,74.9,97.4,,In Construction,50.92,,Assumed,,N,FL,Non-ISO,29.436847,-82.445113,10/01/2026,2026,29.0,-82.3,0.4603184595234074
Solar Carver 1 Hybrid: SCRV1,Solar,2.0,2.6,Pine Gate Renewables,In Construction,87.58,,Assumed,,Y,MA,ISO-NE,41.824474,-70.75292,04/01/2026,2026,41.6,-70.6,0.2716120451600095
CSU Northridge Plant: G6PV,Solar,0.8,1.0,"California State University, Northridge",Operating,60.22,,Assumed,,N,CA,Non-ISO,34.243333,-118.5306,07/01/2025,2025,34.4,-118.3,0.2787846998832685
Norton Solar Farm: NSM01,Solar,125.0,159.0,TAI America,In Construction,58.95,,Assumed,,N,TX,ERCOT,31.534768,-100.1138,08/01/2025,2025,31.7,-100.3,0.24894186836287638
Spencer Solar CSG: SPENC,Solar,2.3,3.0,"Spencer Solar Farm, LLC",Operating,83.18,PPA,Assumed,,N,MA,ISO-NE,42.260723,-72.0156,06/01/2025,2025,42.5,-72.4,0.4527878562075182
Ashley Solar (SC): 21,Solar,2.0,3.6,Ashley Solar (SC),Operating,54.31,,Assumed,,N,SC,Non-ISO,34.268911,-79.87255,01/01/2025,2025,34.4,-79.6,0.3024364865901668
Delilah Solar Energy II: GEN1,Solar,310.0,403.0,Invenergy,In Construction,58.98,VPPA,Assumed,C&I,N,TX,ERCOT,33.472179,-95.229079,04/01/2026,2026,33.5,-94.9,0.330252927741747
Bakeoven Solar: BOS1,Solar,60.0,78.0,Avangrid,Operating,51.77,,Assumed,,N,OR,Non-ISO,45.131793,-120.8807,07/01/2025,2025,45.2,-121.0,0.13742155889451652
Alira: UNIT1,Solar,222.8,289.6,TotalEnergies,In Construction,60.16,,Assumed,,N,TX,ERCOT,32.347392,-102.9677,11/01/2026,2026,32.6,-103.0,0.2546646651265179
Bluebird Solar: BBIRD,Solar,100.0,130.0,BayWa r.e.,Operating,53.8,,Assumed,,N,KY,PJM,38.299894,-84.38349,09/01/2025,2025,38.0,-84.1,0.412677829954556
7V Solar Ranch: 7V1,Solar,240.0,312.0,Naturgy,Operating,57.26,,Assumed,,N,TX,ERCOT,29.806984,-97.07408,01/01/2025,2025,29.9,-96.7,0.38547091025911917
Golden Triangle I: PV,Solar,200.0,260.0,Origis Energy,Operating,46.55,PPA,Assumed,Utility,Y,MS,Non-ISO,33.418888,-88.61888,01/01/2025,2025,33.5,-88.6,0.08328031546530043
Novel Blilie Solar: BLILE,Solar,1.0,1.3,Novel Energy Solutions,In Construction,112.0,PPA,Actual,Utility,N,MN,MISO,46.630077,-96.75811,01/01/2026,2026,47.0,-96.7,0.3744593409557303
Yeoman Creek: YEOM,Solar,7.0,9.1,BQ Energy,In Construction,51.76,,Assumed,,N,IL,MISO,42.391136,-87.84941,04/01/2026,2026,42.5,-87.7,0.1848640543642822
Big Fork Solar: 26,Solar,74.9,97.4,Big Fork Solar,Suspended,59.02,,Assumed,,Y,SC,Non-ISO,33.135275,-81.23911,06/01/2026,2026,33.5,-81.4,0.3986350683582704
Coyote Gulch Solar: C0513,Solar,140.0,182.0,Juwi Inc,Suspended,45.0,PPA,Assumed,C&I,N,CO,Non-ISO,37.431,-108.724,10/01/2025,2025,37.1,-108.4,0.4631813899542987
Solar Carver 3 Hybrid: SCRV3,Solar,1.0,1.3,Pine Gate Renewables,In Construction,87.57,,Assumed,,Y,MA,ISO-NE,41.84206,-70.7699,04/01/2026,2026,41.6,-70.6,0.2957347690076395
Culpepper Solar: 33,Solar,74.9,97.4,energyRe,In Construction,55.02,,Assumed,,N,SC,Non-ISO,34.465864,-79.96044,03/01/2026,2026,34.4,-79.6,0.3664083242722642
American Beech Solar: KOV4A,Solar,140.0,182.0,BayWa r.e.,In Construction,62.51,,Assumed,,N,NC,PJM,36.144761,-77.50952,05/01/2026,2026,36.2,-77.8,0.2956856058738764
Route 5 & 20 Community Solar Farm: 1093,Solar,2.3,3.0,Delaware River Solar,Operating,117.33,,Assumed,,N,NY,NYISO,42.899,-77.461,04/01/2025,2025,42.5,-77.8,0.5235666146728607
Bellefield Solar and Energy Storage Farm: 50LWA,Solar,500.0,650.0,AES,In Construction,57.65,PPA,Assumed,C&I,Y,CA,CAISO,35.062965,-118.0878,09/01/2025,2025,35.3,-118.3,0.31814215568672694
