Generator Name,Power Project Type,Capacity (MW),Owner,Power Project Status,Chance of Success (Percentage),Latitude (Degrees),Longitude (Degrees),First Power Date,Wind Speed 80M (m/s),DC Capacity Raw (MW),Generator ID,Unnamed: 12,DC Capacity (MW),Year,hail_lat,hail_lon,hail_dist
Riverside Energy Center: PV1,Solar,4.0,Wisconsin Power & Light Co,Pre-Study,0.164,42.583056,-89.035833,3/1/2031,,5.2,or:generator:120876,,0.8528,2031,42.5,-88.6,0.44367634940911815
Hope Solar One: VCP02,Solar,3.5,"Hope Solar One, LLC",Pre-Study,0.196,41.729285,-71.63759,11/1/2030,,4.6,or:generator:135144,,0.9016,2030,41.6,-71.5,0.18880047490671137
Emery Shute Solar One: VCP14,Solar,1.0,Verogy,Pre-Study,0.196,44.535591,-68.86433,11/1/2030,,1.3,or:generator:135178,,0.2548,2030,44.3,-68.8,0.24421602769064832
Tracy Solar Energy Center: TSEC,Solar,119.0,EDF Renewables,Studies Undergoing,0.452,44.175939,-75.98513,5/1/2030,,154.7,or:generator:135210,,69.9244,2030,44.3,-76.0,0.12494898407349875
Sandy Creek Solar: GEN1,Solar,20.0,Boralex,IA Executed,0.747,43.812826,-76.06884,12/1/2031,,26.0,or:generator:135222,,19.422,2031,43.4,-76.0,0.41852628576470724
Homer Solar Energy Center: HSEC,Solar,90.0,AES,IA Executed,0.721,42.658652,-76.09993,4/1/2029,,117.0,or:generator:135309,,84.357,2029,42.5,-76.0,0.187500565343145
South Ripley Solar: CSRS1,Solar,270.0,Repsol Renewables NA,IA Executed,0.91,42.198116,-79.75789,4/1/2029,,351.0,or:generator:135323,,319.41,2029,42.5,-79.6,0.34068049776293846
Mill Point Solar: CMPS1,Solar,250.0,Repsol Renewables NA,Studies Undergoing,0.452,42.919098,-74.34116,5/1/2030,,325.0,or:generator:135368,,146.9,2030,42.5,-74.2,0.4422321553256822
CT Airport Authority Solar One: VCP16,Solar,4.0,"CAA CT Solar One, LLC",Pre-Study,0.196,41.933776,-72.6714,11/1/2030,,5.2,or:generator:165508,,1.0192,2030,41.6,-72.4,0.43019109495199936
Boulder Solar III,Solar,128.0,Hanwha Renewables,IA Executed,0.7,35.838769,-114.9642,9/1/2028,,166.4,or:generator:165569,,116.48,2028,36.2,-114.7,0.4475371217686907
Elm Spring Solar 1: ES,Solar,3.0,Antares Group Inc,Pre-Study,0.085,38.0945,-78.9595,1/1/2030,,3.9,or:generator:221762,,0.3315,2030,38.0,-78.7,0.276171142590968
Sunset Solar: SS1,Solar,103.0,Avangrid,Studies Undergoing,0.044,45.165062,-120.8804,5/1/2029,,133.9,or:generator:221780,,5.8916,2029,45.2,-121.0,0.1245986510520944
High Top Solar: 98936,Solar,80.0,Cypress Creek Renewables,Studies Undergoing,0.016,46.522974,-119.9586,5/1/2029,,104.0,or:generator:221824,,1.664,2029,46.1,-120.1,0.445983143937071
Tide Bay: OFL10,Solar,74.9,Origis Energy,Pre-Study,0.064,27.7517,-81.8629,9/1/2029,,97.4,or:generator:221831,,6.2336,2029,28.1,-82.3,0.5589000805152939
Shenvalee Solar: SV,Solar,3.0,Antares Group Inc,Pre-Study,0.085,38.0249,-79.0335,1/1/2030,,3.9,or:generator:221838,,0.3315,2030,38.0,-78.7,0.334428258375396
Steward Creek Solar Phase 1: SC1,Solar,600.0,Terraform Power,IA Executed,0.6,41.814343,-88.98988,3/1/2031,,705.3,or:generator:221862,,423.18,2031,41.6,-88.6,0.44491497620219955
SOLSKEN,Solar,464.4,Eolus,Studies Undergoing,0.528,36.107958,-118.938058,2/1/2033,,603.7,or:generator:224755,,318.7536,2033,36.2,-119.2,0.27764246996452535
Two Step Solar Energy,Solar,75.0,Invenergy,IA Executed,0.4,30.430532,-92.407418,4/1/2028,,97.5,or:generator:224796,,39.0,2028,30.8,-92.2,0.4237084253918048
CADY SOLAR,Solar,313.0,NextEra Energy Resources,IA Executed,0.8,34.771839,-116.391174,2/1/2031,,406.8,or:generator:224810,,325.44,2031,34.4,-116.5,0.38743688543684063
Bonneville:G0513:PV,Solar,20.0,,Studies Undergoing,0.032,45.556155,-119.585684,5/1/2029,,26.0,or:generator:224821,,0.832,2029,45.2,-119.2,0.524974791662413
Bonneville:G0669:PV,Solar,600.0,,Studies Undergoing,0.029,44.219692,-120.932345,5/1/2029,,780.0,or:generator:224878,,22.62,2029,44.3,-121.0,0.10500749444206112
Geranium Solar,Solar,300.0,Orsted,IA Executed,0.471,38.088496,-89.366403,3/1/2028,,390.0,or:generator:224884,,183.69,2028,38.0,-89.5,0.16024887027682422
Badger Mountain Solar Energy,Solar,200.0,Avangrid,Studies Undergoing,0.018,47.422912,-120.231982,5/1/2029,,260.0,or:generator:224916,,4.68,2029,47.0,-120.1,0.44302799919192376
J2228,Solar,200.0,,IA Executed,0.4,31.689448,-91.479529,6/1/2028,,260.0,or:generator:224961,,104.0,2028,31.7,-91.3,0.17983883491893743
GEN-2017-231,Solar,72.5,,IA Executed,0.75,35.30675,-93.91091,3/1/2028,,94.3,or:generator:224976,,70.725,2028,35.3,-94.0,0.089345344590526
Deschutes Solar and BESS: DECH1,Solar,1000.0,BrightNight,Studies Undergoing,0.04,45.157,-121.136,5/1/2029,,1300.0,or:generator:224977,,52.0,2029,45.2,-121.0,0.14263590010933214
GEN-2018-055,Solar,252.0,,IA Executed,0.75,34.60419,-98.31423,3/1/2028,,327.6,or:generator:224995,,245.7,2028,34.4,-98.5,0.2760508087291243
J1932,Solar,100.0,,Studies Undergoing,0.724,44.034166,-84.444968,7/1/2029,,130.0,or:generator:224997,,94.12,2029,44.3,-84.1,0.435511924727676
Copper Country Power I,Solar,22.5,Circle Power,IA Executed,0.818,46.104283,-87.767878,3/1/2028,,29.3,or:generator:225018,,23.9674,2028,46.1,-87.7,0.06801299120755598
Fox Solar: PV,Solar,100.0,NextEra Energy Resources,IA Executed,0.903,44.961762,-88.176587,3/1/2028,,195.0,or:generator:225019,,176.085,2028,45.2,-88.6,0.48583527374306434
J2292,Solar,50.0,,IA Executed,0.409,30.163687,-93.170084,3/1/2028,,65.0,or:generator:225024,,26.585,2028,29.9,-93.1,0.2728417142318998
J1993,Solar,99.0,,Studies Undergoing,0.864,43.522315,-89.128556,7/1/2029,,128.7,or:generator:225090,,111.1968,2029,43.4,-89.5,0.3910647061050098
GEN-2018-048,Solar,300.0,,IA Executed,0.75,35.717,-95.468,6/1/2028,,390.0,or:generator:225106,,292.5,2028,35.3,-95.8,0.5330225135958115
St. Croix Valley Solar,Solar,100.0,Leeward Renewable Energy,IA Executed,0.4,45.0654,-92.45082,3/1/2028,,130.0,or:generator:225107,,52.0,2028,45.2,-92.2,0.2846538817581744
PUFF HYBRID SOLAR,Solar,101.8,,IA Executed,0.8,35.77511,-119.914436,9/1/2030,,132.3,or:generator:225110,,105.84,2030,36.2,-120.1,0.46364373197100806
Flora Solar,Solar,125.0,Apex Clean Energy,IA Executed,0.596,38.648852,-88.51444,3/1/2028,,162.5,or:generator:225143,,96.85,2028,38.9,-88.6,0.2653221278069367
ALLIUM HYBRID:PV,Solar,112.5,Longroad Energy,IA Executed,0.8,36.86273,-121.40587,5/1/2031,,146.2,or:generator:225149,,116.96,2031,37.1,-121.0,0.470135629153966
J2165,Solar,145.0,,IA Executed,0.409,30.301844,-94.872814,5/1/2028,,188.5,or:generator:225199,,77.0965,2028,29.9,-94.9,0.4027625589997169
CHERRY LANE HYBRID,Solar,310.6,,Studies Undergoing,0.29,35.02967,-119.004386,6/1/2031,,403.8,or:generator:225207,,117.102,2031,35.3,-119.2,0.33368120398967527
Grant Solar,Solar,50.0,National Grid,IA Executed,0.4,43.550082,-97.267449,3/1/2028,,65.0,or:generator:225211,,26.0,2028,43.4,-97.6,0.3648489746799327
Serrano: PV,Solar,214.0,Longroad Energy,Studies Undergoing,0.406,32.557518,-111.297084,11/1/2028,,278.2,or:generator:225272,,112.9492,2028,32.6,-111.1,0.20161057358184734
HEARTLAND 1,Solar,156.0,,IA Executed,0.804,36.836704,-119.578494,7/1/2029,,202.9,or:generator:225277,,163.1316,2029,37.1,-119.2,0.46106668894207126
CALYPSO SOLAR,Solar,400.0,EDF Renewables,IA Executed,0.8,33.58016,-114.816689,10/1/2031,,520.0,or:generator:225286,,416.0,2031,33.5,-114.7,0.14156958826315225
Tennessee Valley Authority:313:PV,Solar,100.0,,IA Executed,0.7,33.632834,-88.648049,9/1/2028,,130.0,or:generator:225339,,91.0,2028,33.5,-88.6,0.14125713418090166
VALLEY SUNLIGHT REFINERY,Solar,410.0,,Studies Undergoing,0.528,35.4028,-119.45497,2/1/2032,,533.0,or:generator:225351,,281.424,2032,35.3,-119.2,0.2749136971851357
Buckheart Solar,Solar,820.6,Doral Renewables,Studies Undergoing,0.74,40.462,-89.985,3/1/2030,,1066.8,or:generator:225380,,789.432,2030,40.7,-90.4,0.4784025501604323
J1849,Solar,200.0,,IA Executed,0.409,30.303947,-94.257281,5/1/2028,,260.0,or:generator:225395,,106.34,2028,29.9,-94.0,0.4789224277166449
Bonneville:G0537:PV,Solar,20.0,,Studies Undergoing,0.032,43.509428,-119.124668,5/1/2029,,26.0,or:generator:225406,,0.832,2029,43.4,-119.2,0.13285103465160036
SEGS EXPANSION 2 HYBRID,Solar,100.0,Terra-Gen,IA Executed,0.8,34.98947,-117.54218,7/1/2029,,130.0,or:generator:225450,,104.0,2029,35.3,-117.4,0.34153189206866014
PacifiCorp:TCS-38:PV,Solar,0.3,Oregon State University,Studies Undergoing,0.092,44.545546,-123.312318,5/1/2029,,0.4,or:generator:225481,,0.0368,2029,44.3,-123.7,0.45890104732937875
Sooner Solar Farm: PV,Solar,500.0,Hecate Energy,IA Executed,0.75,34.59934,-98.50014,11/1/2028,,650.0,or:generator:225502,,487.5,2028,34.4,-98.5,0.19934004916222872
J2055,Solar,100.0,Wisconsin Power & Light Co,IA Executed,0.639,43.7168,-87.709,7/1/2029,,130.0,or:generator:225512,,83.07,2029,43.4,-87.7,0.31692781512514867
Vichy Solar: VCHSR,Solar,200.0,Vesper Energy,Studies Undergoing,0.428,38.167934,-91.82552,1/1/2032,,260.0,or:generator:225555,,111.28,2032,38.0,-92.2,0.41041089015278936
Arizona Public Service:Q333:PV,Solar,200.0,,Studies Undergoing,0.016,34.933003,-110.304611,5/1/2029,,260.0,or:generator:225570,,4.16,2029,35.3,-110.2,0.3816153290029065
Lycan Solar Project: LYCAN,Solar,400.0,EDF Renewables,IA Executed,0.8,33.699134,-115.311677,4/1/2030,,520.0,or:generator:225580,,416.0,2030,33.5,-115.6,0.35040619612814394
7 Mile Solar,Solar,1.0,Brookfield Renewables,Studies Undergoing,0.095,44.388865,-123.010426,5/1/2029,,1.3,or:generator:225597,,0.1235,2029,44.3,-122.8,0.22842086091467267
Arizona Public Service:Q368:PV,Solar,500.0,,Studies Undergoing,0.24,32.771233,-114.041986,5/1/2029,,650.0,or:generator:225632,,156.0,2029,32.6,-113.8,0.29644217730444317
Arizona Public Service:Q288:PV,Solar,200.0,NextEra Energy Resources,Studies Undergoing,0.191,32.969433,-112.686192,5/1/2029,,260.0,or:generator:225634,,49.66,2029,32.6,-112.9,0.4268425966946137
Somerset Solar: NYSOM,Solar,100.0,AES,IA Executed,0.747,43.351918,-78.614403,4/1/2029,,130.0,or:generator:225658,,97.11,2029,43.4,-78.7,0.09817700918749402
GEN-2016-147,Solar,40.0,,IA Executed,0.75,41.177,-102.991,3/1/2028,,52.0,or:generator:225720,,39.0,2028,41.6,-103.0,0.4230957338475555
Summit Lake Solar,Solar,200.0,National Grid,Studies Undergoing,0.207,43.593696,-95.794765,10/1/2030,,260.0,or:generator:225786,,53.82,2030,43.4,-95.8,0.19376672996415317
DESCENDANT RANCH 1,Solar,513.5,NextEra Energy Resources,IA Executed,0.804,39.36854,-122.26929,2/1/2034,,667.6,or:generator:225828,,536.7504,2034,39.8,-121.9,0.5679197440659987
Putney Solar: PV,Solar,200.0,Samsung,IA Executed,0.7,31.374952,-84.14118,9/1/2028,,260.0,or:generator:225850,,182.0,2028,31.7,-84.1,0.3276461425135358
Coastal Prairie Solar,Solar,175.0,NextEra Energy Resources,IA Executed,0.409,30.247976,-91.171947,3/1/2028,,227.5,or:generator:225868,,93.0475,2028,29.9,-91.3,0.37078951897943446
Northern Prairie Solar II,Solar,100.0,Leeward Renewable Energy,Studies Undergoing,0.207,45.147008,-92.446223,3/1/2028,,130.0,or:generator:225889,,26.91,2028,45.2,-92.2,0.2518609096167974
AUSTRALIS,Solar,307.0,,IA Executed,0.8,37.053132,-121.021714,4/1/2031,,399.1,or:generator:225920,,319.28,2031,37.1,-121.0,0.05165372416390178
J2153,Solar,200.0,Primergy,IA Executed,0.4,33.276051,-91.665855,3/1/2028,,260.0,or:generator:225940,,104.0,2028,33.5,-91.3,0.42895575019574705
Lacassine Solar,Solar,165.0,SunChase Power,IA Executed,0.404,30.287341,-92.680059,3/1/2028,,214.5,or:generator:225944,,86.658,2028,29.9,-93.1,0.5712998282530789
J2230,Solar,200.0,,Studies Undergoing,0.659,39.027689,-87.474375,3/1/2030,,260.0,or:generator:225947,,171.34,2030,38.9,-87.7,0.2592510778106902
Weirs Creek Solar,Solar,150.0,NextEra Energy Resources,IA Executed,0.845,37.563189,-87.700538,3/1/2028,,195.0,or:generator:225954,,164.775,2028,38.0,-87.7,0.4368113313147896
Quicksilver Solar I: PV,Solar,200.0,Clenera,IA Executed,0.7,40.254401,-112.016692,9/1/2028,,260.0,or:generator:225970,,182.0,2028,40.7,-112.0,0.44591152896623054
J1917,Solar,165.0,DTE Energy,Studies Undergoing,0.036,42.524404,-84.030448,7/1/2029,,214.5,or:generator:225997,,7.722,2029,42.5,-84.1,0.07370913050632262
BlackHills:BHCT G19:PV,Solar,60.0,,Pre-Study,0.04,38.445942,-104.194391,9/1/2029,,78.0,or:generator:226005,,3.12,2029,38.0,-103.9,0.5343503796620681
Bonneville:G0586:PV,Solar,100.0,,Studies Undergoing,0.016,45.75898,-120.791152,5/1/2029,,130.0,or:generator:226030,,2.08,2029,46.1,-121.0,0.39989014429465697
Malden Solar,Solar,200.0,NextEra Energy Resources,IA Executed,0.845,40.693606,-86.724733,3/1/2028,,260.0,or:generator:226056,,219.7,2028,40.7,-86.8,0.0755380998238604
Purple Sage: PV,Solar,400.0,Primergy,IA Executed,0.8,36.05092,-115.777075,1/1/2027,,520.0,or:generator:226061,,416.0,2027,36.2,-115.6,0.23147440900670255
J1891,Solar,200.0,,IA Executed,0.4,33.174978,-89.614865,3/1/2028,,260.0,or:generator:226066,,104.0,2028,33.5,-89.5,0.3447220165713192
St. James Solar III,Solar,200.0,DESRI,IA Executed,0.409,29.981239,-90.721075,3/1/2028,,260.0,or:generator:226072,,106.34,2028,29.9,-90.4,0.3311931924813608
Bonneville:G0626:PV,Solar,90.0,,Studies Undergoing,0.016,46.881616,-119.948924,5/1/2029,,117.0,or:generator:226080,,1.872,2029,47.0,-120.1,0.19193417942616803
GEN-2021-063,Solar,155.0,,IA Executed,0.75,34.025589,-94.727318,4/1/2029,,201.5,or:generator:226086,,151.125,2029,34.4,-94.9,0.4123138004542227
Sunfish I,Solar,309.0,Hecate Energy,IA Executed,0.442,42.40967,-84.89697,7/1/2029,,401.7,or:generator:226087,,177.5514,2029,42.5,-85.0,0.13702076411989936
Arizona Public Service:Q337:PV,Solar,450.0,,Studies Undergoing,0.191,34.406023,-112.111647,5/1/2029,,585.0,or:generator:226097,,111.735,2029,34.4,-112.0,0.1118093428028315
WI P&L - Winnebago County,Solar,100.0,Wisconsin Power & Light Co,IA Executed,0.903,43.979874,-88.632888,6/1/2028,,130.0,or:generator:226133,,117.39,2028,44.3,-88.6,0.32181093272292144
Little Ashdown Solar,Solar,204.1,NextEra Energy Resources,IA Executed,0.75,33.704722,-94.177222,5/1/2029,,265.4,or:generator:226159,,199.05,2029,33.5,-94.0,0.2707743240560279
Fairview Solar (AR): FAIR1,Solar,75.0,Urban Grid,IA Executed,0.4,33.342883,-91.89495,3/1/2028,,97.5,or:generator:226167,,39.0,2028,33.5,-92.2,0.34313445497210715
J1746,Solar,150.0,Alliant Energy,IA Executed,0.903,43.407506,-89.255474,6/1/2028,,195.0,or:generator:226187,,176.085,2028,43.4,-89.5,0.24464117542228403
J1870,Solar,200.0,,IA Executed,0.409,30.641845,-90.541104,5/1/2028,,260.0,or:generator:226195,,106.34,2028,30.8,-90.4,0.21195127468595185
Mineral Basin Solar Power: MB,Solar,401.6,Swift Current Energy,Studies Undergoing,0.452,41.106469,-78.29426,5/1/2030,,522.1,or:generator:226209,,235.9892,2030,40.7,-78.7,0.5743187229761906
ROSEMARY,Solar,70.0,Longroad Energy,IA Executed,0.8,36.526527,-120.145543,7/1/2029,,47.0,or:generator:226261,,37.6,2029,36.2,-120.1,0.32968780168213685
Florida Power & Light Co:289:PV,Solar,75.0,,Studies Undergoing,0.127,25.55396,-80.42459,5/1/2029,,97.5,or:generator:226291,,12.3825,2029,25.4,-80.5,0.17143613883893094
Hercules Solar,Solar,150.0,NorthStar Clean Energy,IA Executed,0.95,39.023179,-89.09029,3/1/2028,,195.0,or:generator:226305,,185.25,2028,38.9,-89.5,0.42782630837876645
Arizona Public Service:Q359:PV,Solar,315.0,,Studies Undergoing,0.012,32.7385,-111.564016,5/1/2029,,409.5,or:generator:226326,,4.914,2029,32.6,-112.0,0.4574541488018273
NY125B - Two Rivers Solar,Solar,200.0,Boralex,Studies Undergoing,0.411,44.946622,-74.461543,5/1/2030,,260.0,or:generator:226340,,106.86,2030,44.3,-74.2,0.6975132627649474
Lea Solar,Solar,75.0,Lydian Energy,IA Executed,0.75,32.71366,-103.30202,3/1/2028,,97.5,or:generator:226365,,73.125,2028,32.6,-103.0,0.3226990486505939
Emerald Green Solar,Solar,200.0,ENGIE,IA Executed,0.845,40.467346,-85.904159,3/1/2028,,260.0,or:generator:226373,,219.7,2028,40.7,-85.9,0.23269117086172766
Bonneville:G0655:PV,Solar,200.0,,Studies Undergoing,0.01,42.739296,-120.47082,5/1/2029,,260.0,or:generator:226387,,2.6,2029,42.5,-120.1,0.4413275971611204
Hennepin Solar,Solar,24.2,Vistra,IA Executed,0.461,41.302074,-89.314741,3/1/2028,,31.5,or:generator:226399,,14.5215,2028,41.6,-89.5,0.35082873108826634
J2027,Solar,150.0,,Studies Undergoing,0.037,44.616479,-93.100141,1/1/2032,,195.0,or:generator:226427,,7.215,2032,44.3,-93.1,0.3164790314096665
J1935,Solar,50.0,,Studies Undergoing,0.864,43.256696,-89.416384,7/1/2029,,65.0,or:generator:226437,,56.16,2029,43.4,-89.5,0.16591465237284264
Bonneville:G0657:PV,Solar,500.0,,Studies Undergoing,0.01,42.586002,-121.841812,5/1/2029,,650.0,or:generator:226506,,6.5,2029,42.5,-121.9,0.10383731192591729
PacifiCorp:TCS-45:PV,Solar,40.0,Three Springs Interconnection C LLC,Studies Undergoing,0.016,44.288953,-120.872199,5/1/2029,,52.0,or:generator:226540,,0.832,2029,44.3,-121.0,0.12827755770204416
GEN-2017-226,Solar,201.6,,IA Executed,0.75,37.79253,-97.51986,5/1/2030,,262.1,or:generator:226551,,196.575,2030,38.0,-97.6,0.22241002787644334
Persica Solar:PV,Solar,241.7,NextEra Energy Resources,IA Executed,0.75,35.82545,-95.624206,3/1/2028,,314.2,or:generator:226559,,235.65,2028,36.2,-95.8,0.4137526228750743
HARQUAHALA SUNRISE,Solar,308.9,Copia Power,Studies Undergoing,0.106,33.481619,-113.034004,11/1/2030,,401.6,or:generator:226564,,42.5696,2030,33.5,-112.9,0.1352587637715106
J1890,Solar,270.0,,IA Executed,0.4,31.641532,-93.406429,10/1/2031,,351.0,or:generator:226591,,140.4,2031,31.7,-93.1,0.3119571109383547
Ratts 2 Solar,Solar,150.0,Arevon Energy,IA Executed,0.447,38.519033,-87.269908,3/1/2028,,195.0,or:generator:226606,,87.165,2028,38.9,-87.7,0.5745563362743468
Copper Box Solar,Solar,200.0,ENGIE,IA Executed,0.763,40.140143,-86.936814,3/1/2028,,260.0,or:generator:226619,,198.38,2028,39.8,-86.8,0.36662696442706383
Sangamon Solar: PV,Solar,100.0,AES,IA Executed,0.95,39.673962,-89.704162,3/1/2028,,130.0,or:generator:226623,,123.5,2028,39.8,-89.5,0.2399326982468149
Heartwood Solar,Solar,180.0,Ranger Power,IA Executed,0.589,41.890394,-84.739476,11/1/2031,,234.0,or:generator:226641,,137.826,2031,41.6,-85.0,0.39013001654833157
King Solar,Solar,100.0,,IA Executed,0.7,35.641325,-106.857307,9/1/2028,,130.0,or:generator:226669,,91.0,2028,35.3,-106.6,0.4274454911143749
J2177,Solar,67.0,,Studies Undergoing,0.473,40.276064,-86.091858,3/1/2030,,87.1,or:generator:226685,,41.1983,2030,40.7,-85.9,0.46532915689864374
Moraine Solar Energy Center,Solar,93.5,AES,IA Executed,0.717,42.421816,-77.926277,4/1/2029,,121.6,or:generator:226688,,87.1872,2029,42.5,-77.8,0.14852144149920066
Cypress Harvest Solar,Solar,200.0,Entergy,Studies Undergoing,0.232,30.236294,-91.242874,7/1/2029,,260.0,or:generator:226702,,60.32,2029,29.9,-91.3,0.34111146904201445
Arizona Public Service:Q313:PV,Solar,95.0,,Studies Undergoing,0.215,34.619908,-112.314956,5/1/2029,,123.5,or:generator:226723,,26.5525,2029,34.4,-112.0,0.3841312411142819
PacifiCorp:OCS067:PV,Solar,1.0,Colfax Solar LLC,Studies Undergoing,0.01,42.412463,-122.676859,5/1/2029,,1.3,or:generator:226740,,0.013,2029,42.5,-122.8,0.151084189278695
Rock District Solar,Solar,20.0,Greenbacker Renewable Energy,IA Executed,0.75,42.6782,-74.48317,4/1/2029,,26.0,or:generator:226741,,19.5,2029,42.5,-74.2,0.3345750870880824
SEQUOIA,Solar,200.0,,Studies Undergoing,0.21,35.84167,-119.08507,1/1/2031,,260.0,or:generator:226749,,54.6,2031,36.2,-119.2,0.37631010323933883
J2136,Solar,190.9,,Studies Undergoing,0.74,40.768672,-87.982064,3/1/2030,,248.2,or:generator:226768,,183.668,2030,40.7,-87.7,0.2903031926796448
Pryor Quarry,Solar,100.0,"Pryor Quarry, LLC",IA Executed,0.75,36.30954,-95.32023,11/1/2028,,130.0,or:generator:226793,,97.5,2028,36.2,-94.9,0.4342721088211746
SILVER STAR SOLAR,Solar,516.8,Leeward Renewable Energy,IA Executed,0.8,36.607733,-116.47376,7/1/2029,,671.8,or:generator:226799,,537.44,2029,36.2,-116.5,0.4085764761816328
HARQUAHALA FLATS 2,Solar,410.8,NextEra Energy Resources,Studies Undergoing,0.106,33.481619,-113.034004,11/1/2030,,534.0,or:generator:226810,,56.604,2030,33.5,-112.9,0.1352587637715106
PacifiCorp:C1-37:PV,Solar,199.0,"Badger Gap PV I, LLC",IA Executed,0.7,46.482169,-120.498451,9/1/2028,,258.7,or:generator:226812,,181.09,2028,46.1,-120.1,0.5521017514571068
Hinds Solar: HS,Solar,150.0,DESRI,IA Executed,0.4,32.416186,-90.38886,3/1/2028,,195.0,or:generator:226814,,78.0,2028,32.6,-90.4,0.1841512590128006
BOUSE SOLAR AND STORAGE PLANT,Solar,1009.9,ENGIE,Studies Undergoing,0.528,33.482397,-113.837812,12/1/2033,,1312.9,or:generator:226821,,693.2112,2033,33.5,-113.8,0.04170866760039479
J2047,Solar,199.0,,Studies Undergoing,0.137,34.861583,-90.262987,7/1/2029,,258.7,or:generator:226833,,35.4419,2029,35.3,-90.4,0.45932780022332376
North Encino,Solar,50.0,Exus Management Partners,IA Executed,0.7,35.709842,-106.79557,9/1/2028,,66.7,or:generator:226837,,46.69,2028,35.3,-106.6,0.4541124198521829
J2156,Solar,150.0,,Studies Undergoing,0.325,37.3203,-88.8656,3/1/2030,,195.0,or:generator:226841,,63.375,2030,37.1,-88.6,0.3450731081959359
J2129,Solar,150.0,,Studies Undergoing,0.728,42.64365,-85.559093,7/1/2029,,195.0,or:generator:226850,,141.96,2029,42.5,-85.9,0.3699363528351887
Brady Island Wind,Solar,174.5,Sand Hills Energy,IA Executed,0.75,41.22103,-97.26297,3/1/2028,,226.9,or:generator:226924,,170.175,2028,41.6,-97.6,0.5071562696053367
Salt Creek solar,Solar,225.0,Ranger Power,IA Executed,0.75,40.847222,-96.499722,9/1/2029,,292.5,or:generator:226953,,219.375,2029,40.7,-96.7,0.24856708263162824
J1783,Solar,150.0,,IA Executed,0.501,40.125201,-87.001067,3/1/2028,,195.0,or:generator:226957,,97.695,2028,39.8,-86.8,0.3823396773681794
J2087,Solar,125.0,,Studies Undergoing,0.037,44.537052,-94.884254,2/1/2032,,162.5,or:generator:226979,,6.0125,2032,44.3,-94.9,0.23757438249946664
J2258,Solar,175.0,,Studies Undergoing,0.284,39.888692,-91.205731,3/1/2030,,227.5,or:generator:226985,,64.61,2030,39.8,-91.3,0.12943305306219025
Saratoga Solar,Solar,150.5,Wisconsin Public Service Corp,IA Executed,0.903,44.234712,-89.853707,10/1/2028,,195.7,or:generator:226989,,176.7171,2028,44.3,-89.5,0.3596820329026728
J2307,Solar,130.0,,Studies Undergoing,0.554,40.665,-85.981,3/1/2030,,169.0,or:generator:227011,,93.626,2030,40.7,-85.9,0.08823831367381436
WATER ROCK SOLAR 1,Solar,200.0,,IA Executed,0.8,36.14,-115.9,7/1/2029,,260.0,or:generator:227024,,208.0,2029,36.2,-115.6,0.3059411708155787
Acceleration Solar: PV,Solar,90.0,Ranger Power,IA Executed,0.723,42.5145,-84.481256,3/1/2028,,117.0,or:generator:227035,,84.591,2028,42.5,-84.1,0.3815316337291126
Crooked Lake Solar II,Solar,50.0,EDP Renewables,IA Executed,0.4,35.913384,-89.784099,3/1/2028,,65.0,or:generator:227036,,26.0,2028,36.2,-89.5,0.40356037126680305
Bluebird Solar,Solar,300.0,Hecate Energy,Studies Undergoing,0.31,38.970878,-91.988961,3/1/2030,,390.0,or:generator:227048,,120.9,2030,38.9,-92.2,0.22262333751204041
Rumble Solar:PV,Solar,250.0,NextEra Energy Resources,IA Executed,0.75,35.3004,-98.026175,3/1/2028,,325.0,or:generator:227063,,243.75,2028,35.3,-97.6,0.426175187716273
Florida Power & Light Co:410:PV,Solar,75.0,,Studies Undergoing,0.127,27.46333,-80.464008,5/1/2029,,97.5,or:generator:227079,,12.3825,2029,27.2,-80.5,0.26577831545105296
Hop Hill Solar Generation and BESS: HOHI1,Solar,500.0,BrightNight,Studies Undergoing,0.016,46.324,-119.822,5/1/2029,,1560.0,or:generator:227091,,24.96,2029,46.1,-120.1,0.3570154058300479
Painted Sky Solar Energy Center,Solar,155.0,Invenergy,IA Executed,0.75,36.755761,-98.807189,12/1/2028,,201.5,or:generator:227099,,151.125,2028,37.1,-98.5,0.46137356972630916
Sienna 2 Solar and Storage Project: 44STA,Solar,55.0,Avantus,Studies Undergoing,0.106,34.569678,-116.874458,11/1/2030,,71.5,or:generator:227106,,7.579,2030,34.4,-116.5,0.41110754973364905
Byron Solar 1,Solar,100.0,EDF Renewables,IA Executed,0.4,44.0349,-92.668026,10/1/2031,,130.0,or:generator:227126,,52.0,2031,44.3,-93.1,0.5068328587177389
PRESIDIO,Solar,356.6,,IA Executed,0.804,38.179893,-121.068491,12/1/2030,,463.6,or:generator:227128,,372.7344,2030,38.0,-121.0,0.19249028165078672
MidAmerican - Carroll County,Solar,50.0,MidAmerican Energy,IA Executed,0.4,41.940514,-94.77452,3/1/2028,,65.0,or:generator:227189,,26.0,2028,41.6,-94.9,0.362898077421198
Sedge Meadow Solar Park,Solar,100.0,EDP Renewables,IA Executed,0.95,41.586732,-87.083929,3/1/2028,,130.0,or:generator:227197,,123.5,2028,41.6,-86.8,0.28423883771399083
J2075,Solar,200.0,,IA Executed,0.409,30.233076,-94.681606,5/1/2028,,260.0,or:generator:227198,,106.34,2028,29.9,-94.9,0.39829079955731195
J954,Solar,1.4,Farmers Electric Coop - (IA),IA Executed,0.4,41.634607,-91.653543,3/1/2028,,1.8,or:generator:227222,,0.72,2028,41.6,-91.3,0.3552327368050437
TARRAGON HYBRID,Solar,36.0,,Studies Undergoing,0.29,36.537507,-120.141273,11/1/2030,,46.8,or:generator:227225,,13.572,2030,36.2,-120.1,0.34002122812847585
Burt County Solar,Solar,350.0,Sand Hills Energy,IA Executed,0.75,41.740833,-96.156944,2/1/2030,,455.0,or:generator:227241,,341.25,2030,41.6,-95.8,0.38372249481233073
Tutuilla Solar,Solar,2.0,Tutuilla Solar LLC,Studies Undergoing,0.016,45.632262,-118.815094,5/1/2029,,2.6,or:generator:227242,,0.0416,2029,45.2,-119.2,0.5787944933048308
Oak Ranch Solar,Solar,90.0,Invenergy,IA Executed,0.4,32.770575,-91.911418,4/1/2028,,117.0,or:generator:227250,,46.8,2028,32.6,-92.2,0.33522440446513263
Welcome Way Solar Energy,Solar,148.0,Welcome Way Solar Energy LLC,IA Executed,0.75,36.977694,-95.579083,12/1/2029,,192.4,or:generator:227316,,144.3,2029,37.1,-95.8,0.2525135214696442
MidAmerican - Page County,Solar,50.0,MidAmerican Energy,IA Executed,0.4,40.742876,-95.003465,3/1/2028,,65.0,or:generator:227333,,26.0,2028,40.7,-94.9,0.11199713211060343
Arizona Public Service:Q312:PV,Solar,500.0,,IA Executed,0.7,35.836999,-111.455585,9/1/2028,,650.0,or:generator:227336,,455.0,2028,36.2,-111.1,0.5081440919916382
DATELAND ENERGY COMPLEX,Solar,237.5,Leeward Renewable Energy,IA Executed,0.8,32.954721,-113.489005,7/1/2029,,308.8,or:generator:227363,,247.04,2029,32.6,-113.8,0.4717466246471648
LOTUS SOLAR 2,Solar,203.2,Allianz SE,Studies Undergoing,0.29,36.92233,-119.98428,11/1/2030,,264.2,or:generator:227397,,76.618,2030,37.1,-120.1,0.21203242039838804
WINGTIP SOLAR 1,Solar,1176.1,,IA Executed,0.804,37.053132,-121.021714,9/1/2032,,1528.9,or:generator:227401,,1229.2356,2032,37.1,-121.0,0.05165372416390178
GEN-2018-106,Solar,165.0,,IA Executed,0.75,32.60669,-93.997078,4/1/2028,,214.5,or:generator:227414,,160.875,2028,32.6,-94.0,0.0073002865697159545
Tennessee Valley Authority:469:PV,Solar,125.0,NextEra Energy Resources,Studies Undergoing,0.167,35.760236,-88.504322,5/1/2029,,162.5,or:generator:227420,,27.1375,2029,36.2,-88.6,0.4500518363255525
Foxtail Flats:PV,Solar,170.0,DESRI,IA Executed,0.7,36.808145,-108.449055,9/1/2028,,520.0,or:generator:227468,,364.0,2028,37.1,-108.4,0.2959488706685642
McCracken County Solar,Solar,60.0,AES,IA Executed,0.4,37.168893,-88.904078,3/1/2028,,78.0,or:generator:227483,,31.2,2028,37.1,-88.6,0.31178466211954986
Monarch Solar,Solar,400.0,,Studies Undergoing,0.156,33.124617,-102.767372,6/1/2028,,520.0,or:generator:227489,,81.12,2028,33.5,-103.0,0.44161995320977293
GEN-2021-034,Solar,113.0,,IA Executed,0.75,40.694277,-99.702569,4/1/2030,,146.9,or:generator:227493,,110.175,2030,40.7,-99.4,0.3026231195563133
Bonanza Solar and Storage Project: BZPV,Solar,300.0,EDF Renewables,IA Executed,0.8,36.558,-115.799,7/1/2029,,390.0,or:generator:227523,,312.0,2029,36.2,-115.6,0.40959125967237475
PLUM,Solar,1040.0,CIM Group,Studies Undergoing,0.29,36.131999,-120.119277,3/1/2031,,1352.0,or:generator:227551,,392.08,2031,36.2,-120.1,0.07068053996681423
Okolona Solar,Solar,145.0,NextEra Energy Resources,IA Executed,0.7,37.693,-87.549,9/1/2028,,188.5,or:generator:227563,,131.95,2028,38.0,-87.7,0.34212570789112035
Watkins Glen Solar,Solar,50.0,NextEra Energy Resources,IA Executed,0.65,42.38107,-76.87373,4/1/2029,,65.0,or:generator:227583,,42.25,2029,42.5,-76.9,0.12179678895603242
J2033,Solar,200.0,,Studies Undergoing,0.706,38.643039,-88.581379,3/1/2030,,260.0,or:generator:227588,,183.56,2030,38.9,-88.6,0.2576348135675733
LAS CAMAS 1,Solar,102.5,EDP Renewables,IA Executed,0.804,37.05288,-121.021057,7/1/2029,,133.3,or:generator:227621,,107.1732,2029,37.1,-121.0,0.05161096442617519
J2139,Solar,250.0,,Studies Undergoing,0.728,42.748494,-84.019128,7/1/2029,,325.0,or:generator:227637,,236.6,2029,42.5,-84.1,0.26132269021269533
Bonneville:G0524:PV,Solar,20.0,,Studies Undergoing,0.032,45.217037,-121.092176,5/1/2029,,26.0,or:generator:227649,,0.832,2029,45.2,-121.0,0.09373726230800049
GEN-2020-072,Solar,150.0,,IA Executed,0.75,38.611117,-93.372495,4/1/2030,,195.0,or:generator:227662,,146.25,2030,38.9,-93.1,0.3971232966145433
Horus Kentucky 1 Solar,Solar,69.0,Horus Energy,IA Executed,0.7,36.668653,-86.543862,9/1/2028,,89.7,or:generator:227666,,62.79,2028,37.1,-86.8,0.5016641400907568
MOSEY,Solar,543.9,Clearway Energy,IA Executed,0.8,36.06064,-115.775595,7/1/2029,,707.0,or:generator:227687,,565.6,2029,36.2,-115.6,0.22417585424171227
Otter Creek Solar 2,Solar,500.0,Hecate Energy,Studies Undergoing,0.301,38.24243,-95.68655,4/1/2029,,650.0,or:generator:227737,,195.65,2029,38.0,-95.8,0.267662487846167
Bonneville:G0527:PV,Solar,105.0,,Studies Undergoing,0.016,43.250774,-120.887635,5/1/2029,,136.5,or:generator:227742,,2.184,2029,43.4,-121.0,0.18680013999191472
J2272,Solar,250.0,,Studies Undergoing,0.037,41.821986,-90.685044,3/1/2030,,325.0,or:generator:227766,,12.025,2030,41.6,-90.4,0.3612864045767568
Coker Solar,Solar,1.0,Sulus Solar,Studies Undergoing,0.01,42.343625,-122.625111,5/1/2029,,1.3,or:generator:227770,,0.013,2029,42.5,-122.8,0.23460456718912506
Rouget Road,Solar,200.0,RWE Renewables,IA Executed,0.76,41.786841,-83.960643,6/1/2028,,260.0,or:generator:227771,,197.6,2028,41.6,-84.1,0.23308782192555144
Travertine Solar,Solar,250.0,AES,IA Executed,0.75,37.139767,-101.250219,1/1/2028,,325.0,or:generator:227862,,243.75,2028,37.1,-101.2,0.06405749175545089
KAWICH,Solar,350.0,Clearway Energy,IA Executed,0.8,36.379459,-115.375246,7/1/2029,,455.0,or:generator:227868,,364.0,2029,36.2,-115.6,0.2876106625231295
Soul City Solar: PV,Solar,396.0,Apex Clean Energy,IA Executed,0.4,32.312056,-90.460393,3/1/2028,,514.8,or:generator:227869,,205.92,2028,32.6,-90.4,0.2942092139702641
Ursa Solar: URSA,Solar,200.0,Wisconsin Public Service Corp,IA Executed,0.86,43.504285,-89.11314,3/1/2028,,260.0,or:generator:227897,,223.6,2028,43.4,-89.5,0.40066946580067697
Western Gate Renewables Solar,Solar,500.0,Pattern Energy,Studies Undergoing,0.37,38.151997,-89.452144,3/1/2030,,650.0,or:generator:227912,,240.5,2030,38.0,-89.5,0.15935270548377917
J1858,Solar,440.0,,IA Executed,0.4,35.634831,-90.116026,5/1/2028,,572.0,or:generator:227917,,228.8,2028,35.3,-90.4,0.4390364805309476
Golden Stripe Solar (J1503),Solar,150.0,Invenergy,Studies Undergoing,0.138,43.553246,-93.878845,10/31/2027,,195.0,or:generator:227919,,26.91,2027,43.4,-94.0,0.19535319434552711
J2261,Solar,625.0,,IA Executed,0.4,35.712882,-91.19284,9/1/2028,,812.5,or:generator:227939,,325.0,2028,35.3,-91.3,0.42656161515542074
INVICTUS,Solar,430.2,,Studies Undergoing,0.106,33.60618,-114.59979,11/1/2030,,559.2,or:generator:227958,,59.2752,2030,33.5,-114.7,0.14600080992926456
J1889,Solar,60.0,,Studies Undergoing,0.01,41.972,-91.379,3/1/2030,,78.0,or:generator:228002,,0.78,2030,41.6,-91.3,0.3802959373961299
Duff Solar Park II,Solar,100.0,EDP Renewables,IA Executed,0.845,38.362928,-86.870455,3/1/2028,,130.0,or:generator:228017,,109.85,2028,38.0,-86.8,0.36970344900879526
Hillsboro Solar 3: HILL3,Solar,200.0,Urban Grid,IA Executed,0.7,34.669883,-87.2332,9/1/2028,,260.0,or:generator:228020,,182.0,2028,34.4,-86.8,0.5103910987556498
Bonneville:G0645:PV,Solar,200.0,,Studies Undergoing,0.016,45.815455,-120.927852,12/1/2030,,260.0,or:generator:228073,,4.16,2030,46.1,-121.0,0.2935492989754882
BIG SKY SOLAR,Solar,320.0,,IA Executed,0.8,34.787191,-118.432142,7/1/2029,,416.0,or:generator:228085,,332.8,2029,34.4,-118.3,0.40911902747855855
WI P&L - Sheboygan County,Solar,75.0,Wisconsin Power & Light Co,IA Executed,0.903,43.601019,-87.896098,6/1/2028,,97.5,or:generator:228094,,88.0425,2028,43.4,-87.7,0.2808256825238707
North Bend Solar Project: PV,Solar,200.0,NextEra Energy Resources,IA Executed,0.4,41.284063,-86.600804,2/1/2030,,260.0,or:generator:228101,,104.0,2030,41.6,-86.8,0.3734906081617034
McKinley Solar,Solar,75.0,,IA Executed,0.7,35.594158,-108.822242,9/1/2028,,97.5,or:generator:228125,,68.25,2028,35.3,-108.4,0.5146039598837142
Caple Ranch Solar,Solar,200.0,RWE Renewables,IA Executed,0.76,45.068264,-84.812525,6/1/2028,,260.0,or:generator:228126,,197.6,2028,45.2,-85.0,0.2291315109735091
Dolan Solar,Solar,20.0,CS Energy,IA Executed,0.721,43.26888,-73.58658,4/1/2029,,26.0,or:generator:228134,,18.746,2029,43.4,-73.3,0.3151516314411196
Rolling Prairie Solar: PV,Solar,250.0,Sand Hills Energy,IA Executed,0.75,40.62079,-95.77428,2/1/2030,,325.0,or:generator:228155,,243.75,2030,40.7,-95.8,0.0832811053000628
Bonneville:G0668:PV,Solar,400.0,,Studies Undergoing,0.018,47.955396,-118.998468,5/1/2029,,520.0,or:generator:228163,,9.36,2029,47.9,-119.2,0.2090068511795733
Cherry Hill Solar Energy,Solar,100.0,Invenergy,IA Executed,0.76,41.669811,-85.416473,3/1/2028,,130.0,or:generator:228176,,98.8,2028,41.6,-85.0,0.42228347759532
PacifiCorp:TCS-54:PV,Solar,40.0,SSEV C LLC,Studies Undergoing,0.016,44.222224,-120.930455,5/1/2029,,52.0,or:generator:228180,,0.832,2029,44.3,-121.0,0.10433414206768903
BS Solar: PV,Solar,130.0,Samsung,IA Executed,0.7,30.820908,-84.488844,9/1/2028,,169.0,or:generator:228187,,118.3,2028,30.8,-84.1,0.38940570206406144
J2078,Solar,200.0,,Studies Undergoing,0.01,42.085,-93.445,3/1/2030,,260.0,or:generator:228196,,2.6,2030,42.5,-93.1,0.5396758286230712
Grand Junction Solar,Solar,100.0,National Grid,IA Executed,0.4,42.035829,-94.442281,3/1/2028,,130.0,or:generator:228208,,52.0,2028,41.6,-94.0,0.6209342962037073
Red Butte Solar and Storage: REBU,Solar,300.0,"REBU BN, LLC",IA Executed,0.8,37.6134,-113.644,12/1/2028,,390.0,or:generator:228260,,312.0,2028,38.0,-113.8,0.4168879465755738
Florida Power & Light Co:449:PV,Solar,75.0,,Studies Undergoing,0.143,27.346145,-80.24711,5/1/2029,,97.5,or:generator:228287,,13.9425,2029,27.2,-80.5,0.29208168912993665
PacifiCorp:TCS-40:PV,Solar,1.0,Oregon State University,Studies Undergoing,0.01,44.545393,-123.313365,5/1/2029,,1.3,or:generator:228295,,0.013,2029,44.3,-123.7,0.45793487274283734
J2317,Solar,225.0,,IA Executed,0.4,32.553688,-92.198241,6/1/2028,,292.5,or:generator:228310,,117.0,2028,32.6,-92.2,0.04634539270520919
J2088,Solar,400.0,,IA Executed,0.4,34.712784,-90.87456,1/1/2029,,520.0,or:generator:228332,,208.0,2029,34.4,-91.3,0.5280464224440838
GEN-2020-058,Solar,424.5,,IA Executed,0.75,38.78788,-94.988668,9/1/2028,,551.9,or:generator:228341,,413.925,2028,38.9,-94.9,0.14294372537470515
Coyote Road Solar,Solar,150.0,RWE Renewables,IA Executed,0.95,40.329332,-89.611668,6/1/2028,,195.0,or:generator:228347,,185.25,2028,40.7,-89.5,0.38712337626136745
VULCAN,Solar,250.0,Candela Renewables,Studies Undergoing,0.106,33.34583,-112.85218,11/1/2030,,325.0,or:generator:228390,,34.45,2030,33.5,-112.9,0.161416050317186
CALVADA SPRINGS SOLAR,Solar,250.0,,IA Executed,0.8,36.389407,-117.551443,7/1/2029,,325.0,or:generator:228397,,260.0,2029,36.2,-117.4,0.2425077192544569
J2266,Solar,175.0,,Studies Undergoing,0.49,39.547228,-87.790319,12/1/2031,,227.5,or:generator:228431,,111.475,2031,39.8,-87.7,0.26842355661342204
NY125A - Fort Covington Solar,Solar,250.0,Boralex,Studies Undergoing,0.411,44.98874,-74.49412,5/1/2030,,325.0,or:generator:228436,,133.575,2030,44.3,-74.2,0.7489121190099672
Bonneville:G0589:PV,Solar,381.0,,Studies Undergoing,0.016,46.106287,-120.849154,5/1/2029,,495.3,or:generator:228450,,7.9248,2029,46.1,-121.0,0.1509769587884205
Dynamo Solar: 77,Solar,24.5,Laketricity,IA Executed,0.804,38.24795,-122.26823,7/1/2029,,31.9,or:generator:228459,,25.6476,2029,38.0,-121.9,0.44392852510285846
CORNUCOPIA HYBRID,Solar,303.7,BayWa r.e.,IA Executed,0.8,35.847405,-120.402995,11/1/2030,,394.8,or:generator:228465,,315.84,2030,36.2,-120.1,0.4648969821906856
Grace Energy Center: GRA1,Solar,500.0,NextEra Energy Resources,IA Executed,0.8,33.655347,-114.691151,12/1/2027,,650.0,or:generator:228475,,520.0,2027,33.5,-114.7,0.1555988277912133
Alabama Solar Park,Solar,130.0,EDP Renewables,Studies Undergoing,0.434,43.06599,-78.27071,5/1/2030,,169.0,or:generator:228476,,73.346,2030,43.4,-78.7,0.5439233256627326
Beeline Solar:PV,Solar,500.0,Invenergy,IA Executed,0.75,41.72295,-96.15918,11/1/2029,,650.0,or:generator:228494,,487.5,2029,41.6,-95.8,0.37964058647621646
BlackHills:BHCT G28:PV,Solar,75.0,,Pre-Study,0.04,38.224664,-104.848102,9/1/2029,,97.5,or:generator:228508,,3.9,2029,38.0,-104.8,0.22975577315923687
Fresh Air Energy II: PV,Solar,150.0,"Ecoplexus, Inc",IA Executed,0.845,38.364302,-88.074772,3/1/2028,,195.0,or:generator:228513,,164.775,2028,38.0,-87.7,0.5226566742977614
Wautoma Solar,Solar,470.0,Innergex,Studies Undergoing,0.02,46.519265,-119.838423,5/1/2029,,611.0,or:generator:228536,,12.22,2029,46.1,-120.1,0.49417169805037436
Hartland Solar,Solar,140.0,Teichos Energy,IA Executed,0.65,44.890287,-69.567756,11/1/2029,,213.9,or:generator:228544,,139.035,2029,45.2,-69.7,0.3367649297432874
White Pine Grove Solar,Solar,100.0,Leeward Renewable Energy,IA Executed,0.683,42.26218,-84.954459,3/1/2028,,130.0,or:generator:228566,,88.79,2028,42.5,-85.0,0.2421411470217312
Maple Grove,Solar,200.0,ibV Energy Partners,IA Executed,0.4,45.386824,-91.867578,3/1/2028,,260.0,or:generator:228568,,104.0,2028,45.2,-92.2,0.38132347562142477
J1135,Solar,50.0,Alliant Energy,IA Executed,0.95,41.002174,-91.165553,3/1/2028,,65.0,or:generator:228572,,61.75,2028,40.7,-91.3,0.3307342166831166
Chariot Solar I,Solar,80.0,Origis Energy,IA Executed,0.475,37.748812,-88.673367,3/1/2028,,104.0,or:generator:228583,,49.4,2028,38.0,-88.6,0.2616832589849802
J1948,Solar,195.0,,Studies Undergoing,0.37,39.706106,-91.54447,3/1/2030,,253.5,or:generator:228624,,93.795,2030,39.8,-91.3,0.2618810114078589
Flat Creek Solar,Solar,100.0,Pattern Energy,Studies Undergoing,0.452,42.89135,-74.51427,5/1/2030,,130.0,or:generator:228641,,58.76,2030,42.5,-74.2,0.5019167813492571
Cass County Solar,Solar,182.3,NextEra Energy Resources,IA Executed,0.75,40.946944,-95.966944,5/1/2030,,236.9,or:generator:228654,,177.675,2030,40.7,-95.8,0.2980799192699835
Golden Stripe Solar (J1504),Solar,150.0,Invenergy,Studies Undergoing,0.138,43.553246,-93.878845,3/1/2028,,195.0,or:generator:228720,,26.91,2028,43.4,-94.0,0.19535319434552711
UMBRIEL,Solar,1150.0,,IA Executed,0.804,32.73176,-115.10347,9/1/2033,,1495.0,or:generator:228725,,1201.98,2033,32.6,-114.7,0.424439322518542
Grant Solar,Solar,50.0,Geronimo Power,IA Executed,0.4,43.547461,-97.276582,3/1/2028,,65.0,or:generator:228743,,26.0,2028,43.4,-97.6,0.35544894041900477
KINGSROAD HYBRID SOLAR,Solar,101.8,Idemitsu Renewables,IA Executed,0.8,35.78269,-119.917756,7/1/2029,,132.3,or:generator:228749,,105.84,2029,36.2,-120.1,0.4553685448469178
Harmony Solar ND,Solar,200.0,National Grid,IA Executed,0.4,46.795954,-97.245516,10/1/2030,,260.0,or:generator:228752,,104.0,2030,47.0,-97.6,0.40901549649371327
"""Fiddleleaf Solar Project: PV""",Solar,80.0,,IA Executed,0.75,36.291133,-94.540914,3/1/2028,,104.0,or:generator:228757,,78.0,2028,36.2,-94.9,0.3704699435649313
J2298,Solar,200.0,,IA Executed,0.4,36.171316,-90.367674,5/1/2028,,260.0,or:generator:228762,,104.0,2028,36.2,-90.4,0.04321738229001243
BONANZA PEAK SOLAR FARM,Solar,441.0,Hanwha Renewables,IA Executed,0.8,36.287094,-114.995877,7/1/2029,,573.3,or:generator:228772,,458.64,2029,36.2,-114.7,0.30842918792649027
Flat Ridge 4 Wind,Solar,42.0,Invenergy,IA Executed,0.75,37.354881,-98.053881,5/1/2029,,54.6,or:generator:228781,,40.95,2029,37.1,-98.5,0.5137961524982404
HUASO HYBRID,Solar,102.1,,IA Executed,0.8,36.13971,-120.1256,7/1/2029,,132.7,or:generator:228795,,106.16,2029,36.2,-120.1,0.06549995496182283
York Run Solar: YRS,Solar,90.0,CS Energy,IA Executed,0.747,42.09605,-79.2378,4/1/2029,,117.0,or:generator:228811,,87.399,2029,42.5,-79.6,0.5425536309896032
DRIFTWOOD STELLA,Solar,200.0,EDP Renewables,IA Executed,0.8,35.4028,-119.45497,7/1/2029,,260.0,or:generator:228815,,208.0,2029,35.3,-119.2,0.2749136971851357
GEN-2017-230,Solar,72.5,,IA Executed,0.75,35.884937,-96.97504,3/1/2028,,94.3,or:generator:228842,,70.725,2028,36.2,-96.7,0.4182244559671321
J1856,Solar,150.0,,Studies Undergoing,0.137,35.475242,-91.233477,7/1/2029,,195.0,or:generator:228845,,26.715,2029,35.3,-91.3,0.18744350640393495
J2301,Solar,100.0,,Studies Undergoing,0.354,39.56915,-87.32355,3/1/2030,,130.0,or:generator:228882,,46.02,2030,39.8,-87.7,0.44159520491056353
J2133,Solar,100.0,,Studies Undergoing,0.079,35.216768,-91.613097,7/1/2029,,130.0,or:generator:228936,,10.27,2029,35.3,-91.3,0.32397113641958697
Bonneville:G0688:PV,Solar,500.0,,Studies Undergoing,0.02,46.626586,-119.782138,5/1/2029,,650.0,or:generator:228947,,13.0,2029,47.0,-120.1,0.49038175581886395
ELYSIAN,Solar,206.1,,IA Executed,0.8,36.741917,-120.207195,10/1/2029,,267.9,or:generator:228953,,214.32,2029,37.1,-120.1,0.37378363114775554
Deriva Energy Solar,Solar,200.0,Deriva Energy,IA Executed,0.811,39.015924,-87.508687,3/1/2028,,260.0,or:generator:228958,,210.86,2028,38.9,-87.7,0.22369407176991304
Okolona Solar,Solar,150.0,NextEra Energy Resources,Studies Undergoing,0.167,33.864476,-89.112596,5/1/2029,,195.0,or:generator:228964,,32.565,2029,33.5,-89.5,0.5319065837080843
Bonneville:G0625:PV,Solar,191.0,,Studies Undergoing,0.02,45.736089,-119.448741,5/1/2029,,248.3,or:generator:228986,,4.966,2029,46.1,-119.2,0.44079848117024967
PacifiCorp:OCS071:PV,Solar,1.0,Almon Solar LLC,Studies Undergoing,0.095,44.824969,-123.537042,5/1/2029,,1.3,or:generator:228991,,0.1235,2029,45.2,-123.7,0.4089053200008542
White Creek Solar,Solar,135.0,Community Energy,IA Executed,0.717,42.84754,-77.873237,4/1/2029,,175.5,or:generator:229000,,125.8335,2029,42.5,-77.8,0.35517278860999807
J2237,Solar,185.0,,IA Executed,0.4,34.90109,-91.144416,6/1/2028,,240.5,or:generator:229003,,96.2,2028,35.3,-91.3,0.4281770301592461
PacifiCorp:TCS-14:PV,Solar,5.0,OneEnergy Renewables,Studies Undergoing,0.01,46.302399,-120.015198,5/1/2029,,6.5,or:generator:229034,,0.065,2029,46.1,-120.1,0.21944642718668098
GEN-2020-007,Solar,650.0,,IA Executed,0.75,38.34812,-94.64112,7/1/2028,,845.0,or:generator:229036,,633.75,2028,38.0,-94.9,0.43382760262574765
Bonneville:G0532:PV,Solar,100.0,,Studies Undergoing,0.032,45.473371,-119.659269,5/1/2029,,130.0,or:generator:229064,,4.16,2029,45.2,-120.1,0.5186284970978727
Oxbow Solar,Solar,73.5,SunChase Power,IA Executed,0.75,32.706321,-93.96064,3/1/2028,,95.6,or:generator:229077,,71.7,2028,32.6,-94.0,0.11337268031144197
J2262,Solar,625.0,,IA Executed,0.4,35.712882,-91.19284,9/1/2028,,812.5,or:generator:229094,,325.0,2028,35.3,-91.3,0.42656161515542074
JOVE SOLAR,Solar,2042.4,Hanwha Renewables,Studies Undergoing,0.106,33.5486,-113.535629,11/1/2030,,2655.1,or:generator:229101,,281.4406,2030,33.5,-113.8,0.26880101495529823
PNM:SGI-PNM-2016-01:PV,Solar,10.0,,IA Executed,0.7,34.654907,-106.732023,9/1/2028,,13.0,or:generator:229115,,9.1,2028,34.4,-106.6,0.2870673286495739
Blue Marmot Solar,Solar,20.0,EDP Renewables,Studies Undergoing,0.016,42.114,-120.2325,5/1/2029,,26.0,or:generator:229136,,0.416,2029,42.5,-120.1,0.40810813517988603
Rolling Hill Solar,Solar,150.0,Geronimo Power,IA Executed,0.845,37.852965,-86.692406,8/1/2028,,195.0,or:generator:229137,,164.775,2028,38.0,-86.8,0.18219703636722237
J2151,Solar,150.0,,Studies Undergoing,0.37,37.843583,-88.652898,3/1/2030,,195.0,or:generator:229139,,72.15,2030,38.0,-88.6,0.16511958179755404
GEN-2021-035,Solar,113.0,,IA Executed,0.75,37.605556,-101.068889,12/1/2031,,146.9,or:generator:229149,,110.175,2031,38.0,-101.2,0.41566352192248135
J2089,Solar,200.0,,IA Executed,0.4,35.888309,-89.964085,5/1/2028,,260.0,or:generator:229159,,104.0,2028,36.2,-90.4,0.5358854044532371
Bonneville:G0617:PV,Solar,200.0,,Studies Undergoing,0.016,45.676311,-120.735647,11/1/2031,,260.0,or:generator:229167,,4.16,2031,46.1,-121.0,0.49939451071272556
Bonneville:G0572:PV,Solar,20.0,EDP Renewables,Studies Undergoing,0.016,43.25337,-120.890868,5/1/2029,,26.0,or:generator:229173,,0.416,2029,43.4,-121.0,0.18278443676637532
GEN-2019-016,Solar,200.0,,IA Executed,0.75,37.479319,-93.625133,12/1/2029,,260.0,or:generator:229186,,195.0,2029,37.1,-94.0,0.5332993263168373
GEN-2019-055,Solar,150.0,,IA Executed,0.75,38.088,-99.417,12/1/2028,,195.0,or:generator:229197,,146.25,2028,38.0,-99.4,0.0896270048590269
LAS CAMAS 3,Solar,102.5,EDP Renewables,IA Executed,0.804,37.0466,-120.979042,7/1/2029,,133.3,or:generator:229216,,107.1732,2029,37.1,-121.0,0.057365475366287
Spring Creek Solar,Solar,180.0,Apex Clean Energy,IA Executed,0.95,39.843636,-89.003893,3/1/2028,,234.0,or:generator:229218,,222.3,2028,39.8,-88.6,0.4062433457239744
Transit Solar,Solar,20.0,SunEast Development,Studies Undergoing,0.434,42.98365,-78.07349,5/1/2030,,26.0,or:generator:229220,,11.284,2030,43.4,-77.8,0.4981406454004796
TWIN PALMS SOLAR,Solar,288.0,AES,IA Executed,0.8,33.60618,-114.59979,7/1/2030,,374.4,or:generator:229268,,299.52,2030,33.5,-114.7,0.14600080992926456
J1724,Solar,150.0,,IA Executed,0.81,41.638975,-86.564273,6/1/2028,,195.0,or:generator:229327,,157.95,2028,41.6,-86.8,0.23892733027847338
J2276,Solar,39.5,,Studies Undergoing,0.011,45.847483,-95.405669,3/1/2030,,51.4,or:generator:229334,,0.5654,2030,46.1,-95.8,0.4682539619159645
Decoy Solar Energy:PV,Solar,155.0,Invenergy,IA Executed,0.4,34.354119,-91.80086,3/1/2028,,260.0,or:generator:229335,,104.0,2028,34.4,-92.2,0.40176834838125597
PacifiCorp:OCS078:PV,Solar,1.0,"Lomaside Solar, LLC",Studies Undergoing,0.095,44.699858,-122.849422,5/1/2029,,1.3,or:generator:229360,,0.1235,2029,44.3,-122.8,0.4029006754126904
Bonneville:G0673:PV,Solar,600.0,,Studies Undergoing,0.04,44.226892,-120.930273,5/1/2029,,780.0,or:generator:229365,,31.2,2029,44.3,-121.0,0.10102788819429867
Tennessee Valley Authority:385:PV,Solar,200.0,Tennessee Valley Authority,IA Executed,0.7,34.602017,-87.416719,9/1/2028,,260.0,or:generator:229479,,182.0,2028,34.4,-87.7,0.3479353291202267
SR Tullahoma: TULLA,Solar,200.0,Silicon Ranch,IA Executed,0.7,35.360002,-86.27532,9/1/2028,,260.0,or:generator:229535,,182.0,2028,35.3,-85.9,0.3800859671232173
J2227,Solar,89.0,,Studies Undergoing,0.037,44.561027,-91.206796,1/1/2032,,115.7,or:generator:229550,,4.2809,2032,44.3,-91.3,0.2771679641390811
La Bajada Solar,Solar,50.0,,IA Executed,0.7,35.639933,-105.947921,9/1/2028,,65.0,or:generator:229553,,45.5,2028,35.3,-105.7,0.4207365764109378
Gateway Solar Energy Center,Solar,180.0,NextEra Energy Resources,IA Executed,0.828,44.93182,-74.89298,4/1/2029,,234.0,or:generator:229558,,193.752,2029,44.3,-75.1,0.6648712603203766
J1802,Solar,150.0,,IA Executed,0.845,41.401013,-86.121469,3/1/2028,,195.0,or:generator:229567,,164.775,2028,41.6,-85.9,0.2977320005138859
Locomotive Solar,Solar,200.0,Ranger Power,IA Executed,0.845,40.474151,-85.915011,3/1/2028,,260.0,or:generator:229602,,219.7,2028,40.7,-85.9,0.22634730155670452
Bonneville:G0517:PV,Solar,76.0,,Studies Undergoing,0.032,45.54,-119.75,12/1/2030,,98.8,or:generator:229611,,3.1616,2030,45.2,-120.1,0.4879549159502274
J1782,Solar,150.0,,IA Executed,0.501,40.125201,-87.001067,3/1/2028,,195.0,or:generator:229613,,97.695,2028,39.8,-86.8,0.3823396773681794
Paris Solar Energy Center II: PV,Solar,100.0,Invenergy,IA Executed,0.903,42.664086,-88.01304,3/1/2028,,130.0,or:generator:229652,,117.39,2028,42.5,-87.7,0.3534377696228853
Steel River I:PV,Solar,500.0,Cypress Creek Renewables,IA Executed,0.4,35.868566,-90.017517,6/1/2028,,815.0,or:generator:229662,,326.0,2028,36.2,-90.4,0.5061044770054963
Oxbow Hill: OXHIL,Solar,140.0,Cypress Creek Renewables,Studies Undergoing,0.55,42.987445,-75.756011,5/1/2030,,182.0,or:generator:229681,,100.1,2030,43.4,-76.0,0.4793039329548607
GEN-2018-003,Solar,150.0,,IA Executed,0.75,33.443149,-94.156416,3/1/2028,,195.0,or:generator:229688,,146.25,2028,33.5,-94.0,0.16642716502121285
CIERVO MOUNTAIN HYBRID,Solar,127.6,,IA Executed,0.8,36.402459,-120.239425,8/1/2029,,165.8,or:generator:229699,,132.64,2029,36.2,-120.1,0.24582306097272438
GEN-2021-053,Solar,300.0,,IA Executed,0.75,35.717,-95.468,6/1/2031,,390.0,or:generator:229704,,292.5,2031,35.3,-95.8,0.5330225135958115
Wildflower Solar: PV,Solar,100.0,Deriva Energy,IA Executed,0.4,34.939206,-90.169583,3/1/2028,,130.0,or:generator:229716,,52.0,2028,35.3,-90.4,0.42809380318453594
Wold Creek Solar,Solar,100.0,Apex Clean Energy,IA Executed,0.4,38.796539,-91.480377,3/1/2028,,130.0,or:generator:229724,,52.0,2028,38.9,-91.3,0.20794239743256232
Bluestown Solar:PV,Solar,172.5,Apex Clean Energy,IA Executed,0.4,31.494297,-89.79239,3/1/2028,,224.3,or:generator:229730,,89.72,2028,31.7,-89.5,0.35749914168987657
Moonshine Solar,Solar,150.0,EDP Renewables,IA Executed,0.95,39.205205,-88.067489,3/1/2028,,195.0,or:generator:229747,,185.25,2028,38.9,-87.7,0.4777010122932488
Portage Solar Project,Solar,250.0,Geronimo Power,IA Executed,0.903,44.456358,-89.54401,3/1/2028,,325.0,or:generator:229765,,293.475,2028,44.3,-89.5,0.16243369189919127
PacifiCorp:TCS-53:PV,Solar,20.0,Get Along Solar XI LLC,Studies Undergoing,0.016,44.218165,-120.937531,5/1/2029,,26.0,or:generator:229769,,0.416,2029,44.3,-121.0,0.10295311158968833
Bonneville:G0523:PV,Solar,13.0,,Studies Undergoing,0.032,45.194307,-121.036226,5/1/2029,,16.9,or:generator:229836,,0.5408,2029,45.2,-121.0,0.036670605735383645
GEN-2018-057,Solar,203.4,,IA Executed,0.75,37.79253,-97.51986,5/1/2030,,264.4,or:generator:229851,,198.3,2030,38.0,-97.6,0.22241002787644334
Garnet Energy Center,Solar,200.0,NextEra Energy Resources,IA Executed,0.841,43.03722,-76.62291,4/1/2029,,260.0,or:generator:229853,,218.66,2029,43.4,-76.9,0.4564955602193752
Canyonville Solar 2,Solar,2.0,SolRiver Capital,Studies Undergoing,0.095,43.383618,-123.164827,5/1/2029,,2.6,or:generator:229859,,0.247,2029,43.4,-122.8,0.36519461914574247
Bonneville:G0516:PV,Solar,20.0,,Studies Undergoing,0.016,45.517005,-120.710847,5/1/2029,,26.0,or:generator:229873,,0.416,2029,45.2,-121.0,0.4290706555265647
Arizona Public Service:Q388:PV,Solar,323.0,,Studies Undergoing,0.27,32.632752,-111.792507,5/1/2029,,419.9,or:generator:229888,,113.373,2029,32.6,-112.0,0.2100619874060986
Burg Solar,Solar,2.0,Sulus Solar,Studies Undergoing,0.095,44.301683,-123.16712,5/1/2029,,2.6,or:generator:229890,,0.247,2029,44.3,-122.8,0.3671238576951924
Mooringsport Solar Project,Solar,200.0,Invenergy,IA Executed,0.75,32.60669,-93.997078,4/1/2028,,260.0,or:generator:229897,,195.0,2028,32.6,-94.0,0.0073002865697159545
Pixley II Solar Generating Facility,Solar,100.0,,IA Executed,0.75,37.294,-98.466,3/1/2028,,156.0,or:generator:229903,,117.0,2028,37.1,-98.5,0.19695684806575947
Cumberland Road North Solar,Solar,149.5,Savion Energy,IA Executed,0.95,39.403572,-88.353057,10/1/2028,,194.4,or:generator:229910,,184.68,2028,39.8,-88.6,0.4670503232340108
Pipestone Solar,Solar,125.0,National Grid,IA Executed,0.4,44.003161,-96.319925,10/1/2030,,162.5,or:generator:229913,,65.0,2030,44.3,-96.7,0.4822555313793746
J1221,Solar,150.0,,IA Executed,0.4,46.574316,-94.984024,3/1/2028,,195.0,or:generator:229936,,78.0,2028,47.0,-94.9,0.4338973385859808
Hemlock Ridge Solar,Solar,200.0,Community Energy,IA Executed,0.65,43.22012,-78.38691,4/1/2029,,260.0,or:generator:229941,,169.0,2029,43.4,-78.7,0.36108470266684045
Mowata Solar,Solar,150.0,Lightsource BP,IA Executed,0.409,30.3918,-92.4044,3/1/2028,,195.0,or:generator:229944,,79.755,2028,30.8,-92.2,0.4565157171445443
Big Elk Solar: NEBE1,Solar,100.0,Lightsource BP,IA Executed,0.75,41.475678,-96.29309,4/1/2028,,130.0,or:generator:229968,,97.5,2028,41.6,-96.7,0.4254782107041403
J1872,Solar,250.0,,IA Executed,0.4,33.209774,-92.614394,11/1/2028,,325.0,or:generator:229982,,130.0,2028,33.5,-92.2,0.5059184897905981
Panther Solar,Solar,200.0,Arevon Energy,IA Executed,0.475,38.063305,-89.32951,3/1/2028,,260.0,or:generator:230015,,123.5,2028,38.0,-89.5,0.18186358383414827
GEN-2021-033,Solar,204.1,,IA Executed,0.75,35.34651,-93.96994,5/1/2029,,265.4,or:generator:230032,,199.05,2029,35.3,-94.0,0.05537854909620528
J1210,Solar,50.0,Origis Energy,IA Executed,0.4,44.275877,-83.755742,3/1/2028,,65.0,or:generator:230039,,26.0,2028,44.3,-84.1,0.3451021438545367
SOCORRO PEAK SOLAR,Solar,379.8,EDF Renewables,Studies Undergoing,0.106,33.602192,-113.989844,11/1/2030,,493.7,or:generator:230048,,52.3322,2030,33.5,-113.8,0.21560136641497304
Reynolds Solar: PV,Solar,150.0,NextEra Energy Resources,IA Executed,0.95,41.015813,-87.333572,3/1/2028,,195.0,or:generator:230063,,185.25,2028,40.7,-87.7,0.4837430414517592
BUTTONBUSH SOLAR 2,Solar,358.2,Avantus,IA Executed,0.804,35.4028,-119.45497,3/17/2032,,465.7,or:generator:230068,,374.4228,2032,35.3,-119.2,0.2749136971851357
Downstream Solar Project: PV,Solar,250.0,Invenergy,IA Executed,0.4,34.608476,-92.008289,3/1/2028,,325.0,or:generator:230072,,130.0,2028,34.4,-92.2,0.28322314541188387
J2233,Solar,100.0,,Studies Undergoing,0.296,39.998287,-87.826251,3/1/2030,,130.0,or:generator:230119,,38.48,2030,39.8,-87.7,0.23506818025840778
Crossvine Solar,Solar,85.0,AES,IA Executed,0.72,38.264271,-87.00189,6/1/2027,,130.0,or:generator:230147,,93.6,2027,38.0,-86.8,0.3325638788879556
Bonneville:G0571:PV,Solar,20.0,EDP Renewables,Studies Undergoing,0.016,42.177356,-120.410894,5/1/2029,,26.0,or:generator:230159,,0.416,2029,42.5,-120.1,0.4480560567295133
LA Solar 1,Solar,65.0,Origis Energy,IA Executed,0.4,30.060405,-92.51192,3/1/2028,,84.5,or:generator:230176,,33.8,2028,29.9,-92.2,0.35074755939992036
J2068,Solar,75.0,,Studies Undergoing,0.011,44.677348,-92.377854,3/1/2030,,97.5,or:generator:230178,,1.0725,2030,44.3,-92.2,0.4171613098311041
Gatehouse Solar,Solar,250.0,Invenergy,IA Executed,0.475,38.332808,-89.190919,3/1/2028,,325.0,or:generator:230206,,154.375,2028,38.0,-89.5,0.4541940438017696
Texas Hardin 1,Solar,200.0,Urban Grid,IA Executed,0.409,30.412628,-94.687813,12/1/2028,,260.0,or:generator:230212,,106.34,2028,30.8,-94.9,0.44167905695538634
Worthington Solar,Solar,150.0,Brookfield Renewables,IA Executed,0.711,39.131769,-86.877035,9/1/2030,,195.0,or:generator:230227,,138.645,2030,38.9,-86.8,0.24423607552120835
Huckleberry Line Solar,Solar,292.9,Savion Energy,IA Executed,0.845,40.926282,-86.100476,10/1/2028,,380.8,or:generator:230235,,321.776,2028,40.7,-85.9,0.3023146872052313
Scopus Solar: SCPSR,Solar,200.0,Vesper Energy,Studies Undergoing,0.586,37.392178,-89.89929,1/1/2032,,260.0,or:generator:230254,,152.36,2032,37.1,-89.5,0.4947731680113572
REDONDA,Solar,273.0,Clearway Energy,IA Executed,0.8,33.699134,-115.311677,1/1/2031,,354.9,or:generator:230292,,283.92,2031,33.5,-115.6,0.35040619612814394
CS Hawthorn Solar,Solar,20.0,CleanChoice Energy,IA Executed,0.851,42.916244,-73.364679,4/1/2029,,26.0,or:generator:230309,,22.126,2029,42.5,-73.3,0.4212391726525429
North Hawk:PV,Solar,200.0,rPlus Energies,Studies Undergoing,0.011,47.9552,-118.997948,5/1/2029,,260.0,or:generator:230396,,2.86,2029,47.9,-119.2,0.20945656042245026
J1939,Solar,125.0,DTE Energy,Studies Undergoing,0.393,43.132604,-84.065344,4/1/2030,,162.5,or:generator:230427,,63.8625,2030,43.4,-84.1,0.2696324519637775
J1855,Solar,500.0,,Studies Undergoing,0.057,35.61604,-91.278099,7/1/2029,,650.0,or:generator:230437,,37.05,2029,35.3,-91.3,0.31679794096711017
Bulldog Solar,Solar,80.0,Pine Gate Renewables,IA Executed,0.7,33.380014,-82.693346,9/1/2028,,104.0,or:generator:230454,,72.8,2028,33.5,-82.3,0.41123924412926083
Reservoir Solar,Solar,1.0,Sulus Solar,Studies Undergoing,0.095,44.912015,-123.310475,5/1/2029,,1.3,or:generator:230469,,0.1235,2029,45.2,-123.7,0.4844224250073569
Watertown Solar,Solar,200.0,Samsung,IA Executed,0.76,43.524753,-82.814051,3/1/2028,,260.0,or:generator:230526,,197.6,2028,43.4,-83.2,0.40561057876983053
Sebree Solar II,Solar,150.0,NextEra Energy Resources,IA Executed,0.845,37.645721,-87.503675,3/1/2028,,195.0,or:generator:230539,,164.775,2028,38.0,-87.7,0.405039646782879
Bonneville:G0686:PV,Solar,128.0,,Studies Undergoing,0.02,46.460231,-119.276423,5/1/2029,,166.4,or:generator:230548,,3.328,2029,46.1,-119.2,0.3682483513744465
Kansas Sky Energy Center,Solar,159.0,Evergy Inc,IA Executed,0.75,39.032778,-95.241944,6/1/2026,,206.7,or:generator:230570,,155.025,2026,38.9,-94.9,0.36681834253482903
Northern Crescent Solar: PV,Solar,150.0,Primergy,IA Executed,0.4,43.647473,-94.125455,11/1/2026,,195.0,or:generator:230584,,78.0,2026,43.4,-94.0,0.2774560194949828
DANDELION HYBRID SOLAR,Solar,223.3,Samsung,Studies Undergoing,0.106,36.317268,-116.010792,11/1/2030,,290.3,or:generator:230607,,30.7718,2030,36.2,-115.6,0.42720235379501315
Three Rocks Solar,Solar,110.5,RWE Renewables,IA Executed,0.7,32.467955,-82.552405,9/1/2028,,143.7,or:generator:230627,,100.59,2028,32.6,-82.3,0.2848581507522603
GEN-2020-088,Solar,150.0,,IA Executed,0.75,37.127778,-94.111111,12/1/2028,,195.0,or:generator:230628,,146.25,2028,37.1,-94.0,0.11453065792615766
GEN-2021-077,Solar,95.0,,Studies Undergoing,0.015,38.611117,-93.372495,4/1/2029,,123.5,or:generator:230633,,1.8525,2029,38.9,-93.1,0.3971232966145433
PacifiCorp:TCS-52:PV,Solar,20.0,Get Along Solar II LLC,Studies Undergoing,0.016,44.277497,-120.879455,5/1/2029,,26.0,or:generator:230665,,0.416,2029,44.3,-121.0,0.12262741142991525
MPW Solar 1: MS1,Solar,24.0,Nokomis Energy,Studies Undergoing,0.01,41.3849,-91.0964,3/1/2030,,31.2,or:generator:230669,,0.312,2030,41.6,-91.3,0.29617726111232373
Bear Ridge: BEARR,Solar,93.0,Cypress Creek Renewables,Studies Undergoing,0.55,43.16926,-78.69511,5/1/2030,,120.9,or:generator:230683,,66.495,2030,43.4,-78.7,0.23079181029663676
Lakeside Solar: PV,Solar,100.0,National Grid,IA Executed,0.903,43.398182,-86.398089,3/1/2028,,130.0,or:generator:230703,,117.39,2028,43.4,-86.8,0.40191511174002736
1886 Solar Energy Center,Solar,500.0,Stellar Renewable Power,Studies Undergoing,0.191,35.417857,-112.216152,5/1/2029,,650.0,or:generator:230705,,124.15,2029,35.3,-112.0,0.24619496248501418
PacifiCorp:TCS-43:PV,Solar,40.0,,Studies Undergoing,0.016,44.255224,-120.884543,5/1/2029,,52.0,or:generator:230730,,0.832,2029,44.3,-121.0,0.12383541103013049
Crooked Lake Solar III,Solar,250.0,EDP Renewables,IA Executed,0.4,35.893013,-89.797133,6/1/2028,,325.0,or:generator:230734,,130.0,2028,36.2,-89.5,0.4272341721562088
GEN-2017-075,Solar,200.0,SunChase Power,IA Executed,0.75,34.173889,-96.062222,12/1/2026,,260.0,or:generator:230769,,195.0,2026,34.4,-95.8,0.346246388580448
J2143,Solar,250.0,,IA Executed,0.4,33.325207,-91.366474,4/1/2028,,325.0,or:generator:230815,,130.0,2028,33.5,-91.3,0.18700637830031444
Buckaroo Solar 1,Solar,2.0,"Buckaroo Solar 1, LLC",Studies Undergoing,0.016,45.633217,-118.814513,5/1/2029,,2.6,or:generator:230825,,0.0416,2029,45.2,-119.2,0.5798941250418023
Bogalusa West PV I,Solar,200.0,Entergy,IA Executed,0.409,30.926769,-89.771776,8/1/2028,,260.0,or:generator:230840,,106.34,2028,30.8,-89.5,0.29988760150596644
Reform Solar Project:PV,Solar,250.0,Ameren Corp,IA Executed,0.4,38.758931,-91.784677,3/1/2028,,390.0,or:generator:230844,,156.0,2028,38.9,-92.2,0.4386270136345926
PacifiCorp:OCS070:PV,Solar,1.0,Myrtle River Solar LLC,Studies Undergoing,0.095,43.42285,-123.292993,5/1/2029,,1.2,or:generator:230859,,0.114,2029,43.4,-123.7,0.407647912479637
Duck Creek Solar,Solar,20.0,Vistra,IA Executed,0.912,40.462324,-89.98522,3/1/2028,,26.0,or:generator:230864,,23.712,2028,40.7,-90.4,0.47805055106756905
Triple Black Diamond: PV,Solar,250.0,Swift Current Energy,IA Executed,0.869,40.073559,-88.772562,3/1/2028,,325.0,or:generator:230892,,282.425,2028,39.8,-88.6,0.32343804712031476
Riverside Solar: NYRIV,Solar,100.0,AES,Studies Undergoing,0.452,44.06585,-76.1222,5/1/2030,,130.0,or:generator:230898,,58.76,2030,44.3,-76.0,0.2641194095480327
GEN-2019-037,Solar,150.0,,IA Executed,0.75,47.277025,-101.331622,11/1/2030,,195.0,or:generator:230968,,146.25,2030,47.0,-101.2,0.3067037683319186
Greene County 2,Solar,10.0,Greenbacker Renewable Energy,IA Executed,0.65,42.335579,-73.821447,4/1/2029,,13.0,or:generator:230984,,8.45,2029,42.5,-74.2,0.4127185954739579
Morris Solar,Solar,20.0,SunEast Development,Studies Undergoing,0.452,44.260211,-75.403312,5/1/2030,,26.0,or:generator:230989,,11.752,2030,44.3,-75.1,0.30591066320905386
Violet Solar,Solar,150.0,Apex Clean Energy,Studies Undergoing,0.037,39.025514,-88.268625,3/1/2030,,195.0,or:generator:231000,,7.215,2030,38.9,-88.6,0.3543489167769486
HOODINI,Solar,459.5,Eolus,Studies Undergoing,0.106,32.954721,-113.489005,5/1/2030,,597.4,or:generator:231011,,63.3244,2030,32.6,-113.8,0.4717466246471648
J2010,Solar,75.0,,IA Executed,0.4,34.475851,-91.541899,3/1/2028,,97.5,or:generator:231038,,39.0,2028,34.4,-91.3,0.2535123279093184
Portside Solar,Solar,200.0,Ranger Power,IA Executed,0.76,43.02962,-82.53274,3/1/2028,,260.0,or:generator:231053,,197.6,2028,43.4,-82.3,0.4374348545783716
ARTEMIS,Solar,412.3,,Studies Undergoing,0.29,35.78501,-119.922306,11/1/2030,,536.0,or:generator:231070,,155.44,2030,36.2,-120.1,0.45143311546230014
J2270,Solar,300.0,,Studies Undergoing,0.659,39.06565,-87.511656,3/1/2030,,390.0,or:generator:231081,,257.01,2030,38.9,-87.7,0.2508254070783103
Ninnescah Flats Solar: N3884,Solar,201.6,NextEra Energy Resources,IA Executed,0.75,48.117412,-101.211387,3/1/2028,,262.1,or:generator:231097,,196.575,2028,47.9,-101.2,0.217709994058613
WINSTON HYBRID PV AND BESS,Solar,204.0,,IA Executed,0.8,35.4028,-119.45497,7/1/2029,,265.2,or:generator:231103,,212.16,2029,35.3,-119.2,0.2749136971851357
Zapata Solar,Solar,150.0,Zapata Solar,Studies Undergoing,0.391,30.265218,-94.725446,3/1/2030,,195.0,or:generator:231115,,76.245,2030,29.9,-94.9,0.40478795243930105
Washtenaw Solar Energy,Solar,200.0,Invenergy,IA Executed,0.76,42.143899,-83.741697,3/1/2028,,260.0,or:generator:231125,,197.6,2028,42.5,-84.1,0.5051623125392434
Aragonne Mesa Solar,Solar,40.0,Leeward Renewable Energy,IA Executed,0.7,35.100556,-105.028436,9/1/2028,,52.0,or:generator:231139,,36.4,2028,35.3,-104.8,0.3032505815855937
Bonneville:G0654:PV,Solar,170.0,,Studies Undergoing,0.014,42.705349,-120.346394,5/1/2029,,221.0,or:generator:231152,,3.094,2029,42.5,-120.1,0.32074634064475915
J2219,Solar,180.0,EDF Renewables,Studies Undergoing,0.011,44.052939,-92.296844,3/1/2030,,234.0,or:generator:231187,,2.574,2030,44.3,-92.2,0.2653637090051985
Persica Solar:PV,Solar,160.0,NextEra Energy Resources,IA Executed,0.75,35.815403,-95.549453,3/1/2028,,208.0,or:generator:231203,,156.0,2028,36.2,-95.8,0.45900833502018046
Walker Road Solar,Solar,150.0,RWE Renewables,IA Executed,0.672,43.01069,-84.53082,6/1/2028,,195.0,or:generator:231208,,131.04,2028,43.4,-84.1,0.5806618193923303
Bonneville:G0687:PV,Solar,900.0,,Studies Undergoing,0.04,45.372,-120.70737,7/1/2029,,1170.0,or:generator:231211,,46.8,2029,45.2,-121.0,0.33943529118228194
GEN-2017-173,Solar,50.0,,IA Executed,0.75,34.445707,-98.068528,3/1/2028,,65.0,or:generator:231212,,48.75,2028,34.4,-98.5,0.4338861793523729
ORLEANS,Solar,25.5,,IA Executed,0.8,36.545891,-120.3349,8/1/2029,,33.2,or:generator:231222,,26.56,2029,36.2,-120.1,0.41811313526484806
Emerald Bluffs Solar Park,Solar,225.0,EDP Renewables,IA Executed,0.903,43.764276,-90.01398,3/1/2028,,292.5,or:generator:231226,,264.1275,2028,43.4,-90.4,0.5307621355899499
Allons Solar,Solar,80.0,NextEra Energy Resources,IA Executed,0.409,30.147549,-92.14761,3/1/2028,,104.0,or:generator:231231,,42.536,2028,29.9,-92.2,0.25303205231946746
J1651,Solar,149.5,,IA Executed,0.95,40.021242,-89.413655,3/1/2028,,194.4,or:generator:231255,,184.68,2028,39.8,-89.5,0.23749417169480322
MINERAL KING SOLAR,Solar,215.4,Vesper Energy,Studies Undergoing,0.29,36.2862,-119.22392,11/1/2030,,280.0,or:generator:231257,,81.2,2030,36.2,-119.2,0.0894572881323811
Geaux Solar,Solar,135.0,NextEra Energy Resources,IA Executed,0.409,29.981239,-90.721075,3/1/2028,,175.5,or:generator:231260,,71.7795,2028,29.9,-90.4,0.3311931924813608
WATER ROCK SOLAR 2,Solar,516.8,,Studies Undergoing,0.106,36.14,-115.9,11/1/2030,,671.8,or:generator:231297,,71.2108,2030,36.2,-115.6,0.3059411708155787
J2044,Solar,100.0,,Studies Undergoing,0.73,40.763,-87.278,3/1/2030,,130.0,or:generator:231305,,94.9,2030,40.7,-87.7,0.4266766925905338
J2273,Solar,175.0,,Studies Undergoing,0.74,40.185784,-88.962104,1/1/2032,,227.5,or:generator:231307,,168.35,2032,39.8,-88.6,0.5291016929400268
Trelina Solar Energy Center,Solar,79.8,NextEra Energy Resources,IA Executed,0.775,42.89895,-76.8627,4/1/2029,,103.7,or:generator:231314,,80.3675,2029,42.5,-76.9,0.4006898956799379
GEN-2017-172,Solar,50.0,,IA Executed,0.75,35.209059,-98.033722,3/1/2028,,65.0,or:generator:231325,,48.75,2028,35.3,-97.6,0.4431535160246407
Regal Solar,Solar,174.0,National Grid,IA Executed,0.4,46.070054,-94.402938,3/1/2028,,226.2,or:generator:231390,,90.48,2028,46.1,-94.0,0.4040492479389177
PacifiCorp:C1-40:PV,Solar,150.0,CG Yakima County Solar I LLC,IA Executed,0.7,46.555342,-120.494597,9/1/2028,,195.0,or:generator:231468,,136.5,2028,47.0,-120.1,0.5944977118315938
J1873,Solar,250.0,,IA Executed,0.4,33.209774,-92.614394,11/1/2028,,325.0,or:generator:231522,,130.0,2028,33.5,-92.2,0.5059184897905981
Koshkonong Solar: PV2,Solar,200.0,Invenergy,IA Executed,0.903,42.93823,-89.28811,3/1/2028,,260.0,or:generator:231549,,234.78,2028,42.5,-89.5,0.486767814260553
J2288,Solar,175.0,,Studies Undergoing,0.278,39.310911,-91.536136,7/1/2031,,227.5,or:generator:231564,,63.245,2031,38.9,-91.3,0.47392832835461507
Hemmer Solar,Solar,150.0,Zelestra,IA Executed,0.4,38.417371,-87.365511,3/1/2028,,195.0,or:generator:231579,,78.0,2028,38.0,-87.7,0.5348658175299723
GEN-2021-030,Solar,510.3,,Studies Undergoing,0.301,38.34812,-94.64112,5/1/2029,,663.4,or:generator:231582,,199.6834,2029,38.0,-94.9,0.43382760262574765
J2155,Solar,150.0,,Studies Undergoing,0.177,36.6149,-89.605344,3/1/2030,,195.0,or:generator:231616,,34.515,2030,36.2,-89.5,0.4280646777485816
J2001,Solar,220.0,,Studies Undergoing,0.289,43.402178,-85.879573,7/1/2029,,286.0,or:generator:231624,,82.654,2029,43.4,-85.9,0.02054278493779509
Rich Road Solar Energy Center,Solar,240.0,EDF Renewables,Studies Undergoing,0.452,44.59994,-75.16983,5/1/2030,,312.0,or:generator:231631,,141.024,2030,44.3,-75.1,0.30796141397909105
Casey Fork Solar,Solar,200.0,RWE Renewables,IA Executed,0.475,38.332703,-88.968792,3/1/2028,,260.0,or:generator:231638,,123.5,2028,38.0,-88.6,0.49668785516962344
Rustic Hills Solar I: RH1PV,Solar,100.0,Clenera,IA Executed,0.4,37.96707,-87.30739,8/1/2028,,130.0,or:generator:231642,,52.0,2028,38.0,-87.7,0.39398857470744475
J1616,Solar,200.0,EDP Renewables,IA Executed,0.845,38.8052,-87.24587,3/1/2028,,260.0,or:generator:231659,,219.7,2028,38.9,-86.8,0.4558366998169402
West Gardner Solar: PV,Solar,217.0,NextEra Energy Resources,IA Executed,0.75,38.78788,-94.988668,12/1/2030,,320.0,or:generator:231681,,240.0,2030,38.9,-94.9,0.14294372537470515
Macon County Solar,Solar,208.4,Doral Renewables,Studies Undergoing,0.349,39.947318,-92.611853,3/1/2030,,271.0,or:generator:231684,,94.579,2030,39.8,-92.2,0.43740768938485336
Steel River II:PV,Solar,500.0,Cypress Creek Renewables,IA Executed,0.4,35.868566,-90.017517,6/1/2028,,815.0,or:generator:231707,,326.0,2028,36.2,-90.4,0.5061044770054963
Tennessee Valley Authority:374:PV,Solar,195.0,,Studies Undergoing,0.21,35.124887,-87.277951,5/1/2029,,253.5,or:generator:231758,,53.235,2029,35.3,-87.7,0.45693535775862176
Cloverleaf solar: PV,Solar,300.0,NextEra Energy Resources,IA Executed,0.903,44.475426,-88.992266,8/1/2028,,390.0,or:generator:231773,,352.17,2028,44.3,-88.6,0.42970559250724866
PacifiCorp:C014:PV,Solar,300.0,,Studies Undergoing,0.032,45.889143,-106.609082,5/1/2029,,390.0,or:generator:231782,,12.48,2029,46.1,-106.6,0.21105249861823935
JUNIPER STORAGE,Solar,153.5,Vesper Energy,Studies Undergoing,0.528,34.497839,-118.019104,2/1/2033,,199.6,or:generator:231793,,105.3888,2033,34.4,-118.3,0.29744752938459457
Arizona Public Service:Q392:PV,Solar,270.0,,Studies Undergoing,0.012,32.627959,-111.789299,5/1/2029,,351.0,or:generator:231796,,4.212,2029,32.6,-112.0,0.21254791714340524
Good Oak Solar,Solar,98.4,OneEnergy Renewables,IA Executed,0.871,43.56948,-89.585765,3/1/2028,,127.9,or:generator:231800,,111.4009,2028,43.4,-89.5,0.1899450068440841
Florida Power & Light Co:406:PV,Solar,75.0,,Studies Undergoing,0.127,27.466226,-80.46455,5/1/2029,,97.5,or:generator:231803,,12.3825,2029,27.2,-80.5,0.2685758469706455
Hawkeye Solar,Solar,200.0,Ranger Power,IA Executed,0.95,41.825938,-90.763909,3/1/2028,,260.0,or:generator:231812,,247.0,2028,41.6,-90.4,0.4283430168976661
HEARTLAND 2,Solar,156.1,,IA Executed,0.804,36.655369,-119.758733,7/1/2029,,202.9,or:generator:231814,,163.1316,2029,37.1,-120.1,0.5604996801515525
Sumner Energy Center:PV,Solar,200.0,,IA Executed,0.75,37.284275,-97.218172,12/31/2027,,398.0,or:generator:231841,,298.5,2027,37.1,-97.6,0.4239692172894146
BlackHills:BHCT G21:PV,Solar,80.0,,Pre-Study,0.04,38.186775,-104.672428,9/1/2029,,104.0,or:generator:231842,,4.16,2029,38.0,-104.8,0.2261846940201727
Grass Lake Solar,Solar,100.0,NextEra Energy Resources,IA Executed,0.76,42.246986,-84.357601,3/1/2028,,130.0,or:generator:231845,,98.8,2028,42.5,-84.1,0.3610738974185262
ROCK VALLEY ENERGY CENTER,Solar,508.6,NextEra Energy Resources,IA Executed,0.8,36.634,-116.412,7/1/2029,,661.1,or:generator:231851,,528.88,2029,36.2,-116.5,0.4428317965096869
Chariot Solar II,Solar,80.0,Origis Energy,IA Executed,0.475,37.748812,-88.673367,3/1/2028,,104.0,or:generator:231853,,49.4,2028,38.0,-88.6,0.2616832589849802
Sugar Maple Solar,Solar,125.0,AES,Studies Undergoing,0.452,43.842695,-75.574618,5/1/2030,,162.5,or:generator:231858,,73.45,2030,43.4,-76.0,0.6139452002817513
PNM:IA-PNM-2020-06:PV,Solar,90.0,,Studies Undergoing,0.016,35.589616,-108.811478,5/1/2029,,117.0,or:generator:231871,,1.872,2029,35.3,-108.4,0.5031814503138918
J1904,Solar,100.0,,IA Executed,0.409,30.430532,-92.407418,11/1/2028,,130.0,or:generator:231880,,53.17,2028,30.8,-92.2,0.4237084253918048
Ponderosa Solar,Solar,600.0,NewSun Energy,IA Executed,0.7,44.22551,-120.932701,9/1/2028,,780.0,or:generator:231897,,546.0,2028,44.3,-121.0,0.10038882159384252
Draconis Energy Project,Solar,360.0,BP,Studies Undergoing,0.215,34.759784,-112.236768,5/1/2029,,468.0,or:generator:231904,,100.62,2029,34.4,-112.0,0.43070130308602783
ALISA SOLAR ENERGY COMPLEX,Solar,208.5,Balanced Rock Power,Studies Undergoing,0.528,32.850271,-113.990122,11/1/2030,,271.0,or:generator:231905,,143.088,2030,32.6,-113.8,0.3142959565839176
GEN-2021-064,Solar,100.0,,IA Executed,0.75,35.05859,-98.60597,4/1/2029,,130.0,or:generator:231911,,97.5,2029,35.3,-98.5,0.26364451255430543
Warrenton Solar: PV,Solar,120.0,Zelestra,Studies Undergoing,0.032,33.414663,-82.725049,5/1/2029,,156.0,or:generator:231945,,4.992,2029,33.5,-82.3,0.4335309169713293
Northern Waters Solar Park,Solar,110.0,EDP Renewables,Studies Undergoing,0.036,45.517037,-84.328842,7/1/2029,,143.0,or:generator:232488,,5.148,2029,45.2,-84.1,0.3910001538784858
Goldfinch Solar Project,Solar,200.0,Bechtel Corporation,Studies Undergoing,0.01,41.334591,-91.555128,3/1/2030,,260.0,or:generator:232506,,2.6,2030,41.6,-91.3,0.36814702723911624
YELLOW PINE 3,Solar,100.0,NextEra Energy Resources,IA Executed,0.8,36.066269,-115.7751,7/1/2029,,130.0,or:generator:232509,,104.0,2029,36.2,-115.6,0.22032700778842654
J2180,Solar,250.0,,IA Executed,0.4,31.581232,-93.465771,1/1/2029,,325.0,or:generator:232535,,130.0,2029,31.7,-93.1,0.3845702306016506
J1377,Solar,98.6,EDP Renewables,IA Executed,0.4,42.674794,-89.153452,3/1/2028,,128.1,or:generator:232545,,51.24,2028,42.5,-89.5,0.3881345884355045
Algodon Solar Energy,Solar,150.0,Invenergy,IA Executed,0.75,32.986154,-102.291999,3/1/2028,,195.0,or:generator:232968,,146.25,2028,32.6,-102.1,0.4312522785064468
CONAWAY HYBRID POWER PLANT,Solar,85.0,,Studies Undergoing,0.528,38.611918,-121.747104,11/1/2030,,110.5,or:generator:232993,,58.344,2030,38.9,-121.9,0.32614172615597864
Deriva Energy Solar,Solar,200.0,Deriva Energy,IA Executed,0.811,39.015924,-87.508687,3/1/2028,,260.0,or:generator:233005,,210.86,2028,38.9,-87.7,0.22369407176991304
Verdin Solar: PV,Solar,275.0,Advanced Power,Studies Undergoing,0.012,32.733395,-111.566321,5/1/2029,,357.5,or:generator:233010,,4.29,2029,32.6,-112.0,0.4537308685399289
J2181,Solar,200.0,,IA Executed,0.4,35.868566,-90.017517,1/1/2029,,260.0,or:generator:233506,,104.0,2029,36.2,-90.4,0.5061044770054963
J2268,Solar,400.0,,Studies Undergoing,0.01,42.0999,-91.7811,3/1/2030,,520.0,or:generator:234598,,5.2,2030,42.5,-92.2,0.5792730099012107
GEN-2019-003,Solar,150.0,,IA Executed,0.75,34.302022,-103.170798,3/1/2028,,195.0,or:generator:234601,,146.25,2028,34.4,-103.0,0.1969051682612755
GEN-2020-083,Solar,74.5,,IA Executed,0.75,47.868832,-104.140631,3/1/2032,,96.9,or:generator:234610,,72.675,2032,47.9,-103.9,0.24264113910257856
Merrillville Solar,Solar,100.0,Lightsource BP,IA Executed,0.95,41.462794,-87.27285,3/1/2028,,130.0,or:generator:234634,,123.5,2028,41.6,-87.7,0.44864530415016896
J2249,Solar,144.0,,IA Executed,0.409,30.282775,-92.59852,6/1/2028,,187.2,or:generator:234654,,76.5648,2028,29.9,-92.2,0.552571163765351
GEN-2021-047,Solar,250.0,,IA Executed,0.75,36.19338,-95.28825,4/1/2029,,325.0,or:generator:234677,,243.75,2029,36.2,-94.9,0.3883064342758172
Riverhead Solar 2,Solar,36.0,AES,IA Executed,0.91,40.917691,-72.757964,4/1/2029,,46.8,or:generator:234699,,42.588,2029,40.7,-72.4,0.418960137455814
Lake Charlotte Solar,Solar,150.0,National Grid,IA Executed,0.4,43.63441,-94.569107,8/1/2028,,195.0,or:generator:234702,,78.0,2028,43.4,-94.9,0.40550983409654073
Bollinger County Solar,Solar,200.0,EDP Renewables,IA Executed,0.403,37.402789,-89.901888,3/1/2028,,260.0,or:generator:234715,,104.78,2028,37.1,-89.5,0.5031849988473404
PacifiCorp:TCS-39:PV,Solar,1.0,Oregon State University,Studies Undergoing,0.12,44.546192,-123.312683,5/1/2029,,0.0,or:generator:234717,,0.0,2029,44.3,-123.7,0.45893894948347663
J1943,Solar,200.0,,Studies Undergoing,0.822,43.358,-89.385,7/1/2029,,260.0,or:generator:235054,,213.72,2029,43.4,-89.5,0.12242957159117628
Arizona Public Service:Q246:PV,Solar,20.0,,Studies Undergoing,0.406,32.724667,-113.974796,5/1/2029,,26.0,or:generator:235552,,10.556,2029,32.6,-113.8,0.21469863181911295
REMY,Solar,308.0,,Studies Undergoing,0.106,32.954721,-113.489005,11/1/2030,,400.4,or:generator:235562,,42.4424,2030,32.6,-113.8,0.4717466246471648
J1846,Solar,200.0,,Studies Undergoing,0.011,44.811375,-94.916142,3/1/2030,,260.0,or:generator:235568,,2.86,2030,45.2,-94.9,0.3889600940829319
Yellow Barn Solar: YBS,Solar,160.0,CS Energy,Studies Undergoing,0.452,42.53468,-76.49891,5/1/2030,,208.0,or:generator:235580,,94.016,2030,42.5,-76.9,0.4025865006430402
J2287,Solar,135.0,,Studies Undergoing,0.364,33.761564,-90.74371,7/1/2029,,175.5,or:generator:236122,,63.882,2029,33.5,-90.4,0.43191699456723304
AIR STATION 1,Solar,21.1,,Studies Undergoing,0.29,36.275764,-119.850341,5/1/2030,,27.4,or:generator:236124,,7.946,2030,36.2,-120.1,0.26090189722766866
DAYLIGHT,Solar,310.7,First Solar,IA Executed,0.804,36.21845,-119.89972,7/1/2029,,403.9,or:generator:236755,,324.7356,2029,36.2,-120.1,0.20112802117058845
Chalkley Solar,Solar,325.0,Avangrid,IA Executed,0.409,30.163687,-93.170084,6/1/2030,,422.5,or:generator:236761,,172.8025,2030,29.9,-93.1,0.2728417142318998
Chisholm Trail Solar:PV,Solar,103.5,Invenergy,IA Executed,0.75,37.79253,-97.51986,12/1/2028,,134.6,or:generator:236764,,100.95,2028,38.0,-97.6,0.22241002787644334
J2296,Solar,100.0,,Studies Undergoing,0.659,39.065783,-87.511522,3/1/2030,,130.0,or:generator:237238,,85.67,2030,38.9,-87.7,0.25101386330838954
SAPPHIRE SOLAR,Solar,117.0,EDF Renewables,IA Executed,0.804,33.699134,-115.311677,12/1/2034,,152.1,or:generator:237239,,122.2884,2034,33.5,-115.6,0.35040619612814394
MidAmerican - Mills County,Solar,50.0,MidAmerican Energy,IA Executed,0.4,41.061583,-95.621926,3/1/2028,,65.0,or:generator:237243,,26.0,2028,40.7,-95.8,0.4030541097234903
Florida Power & Light Co:407:PV,Solar,75.0,,Studies Undergoing,0.127,27.459973,-80.469076,5/1/2029,,97.5,or:generator:237246,,12.3825,2029,27.2,-80.5,0.2618057572036969
Gristmill Solar,Solar,73.8,OneEnergy Renewables,IA Executed,0.844,43.446194,-89.348326,3/1/2028,,95.9,or:generator:237253,,80.9396,2028,43.4,-89.5,0.15855247683968846
Sherco Solar II: SHS02,Solar,237.1,Xcel Energy,IA Executed,0.4,45.371517,-93.86754,3/1/2028,,308.2,or:generator:237261,,123.28,2028,45.2,-94.0,0.21671117389049568
SOLEIL CANTIL,Solar,372.3,Soleil Renewable Energy,Studies Undergoing,0.528,34.85824,-118.43695,2/1/2033,,484.0,or:generator:237273,,255.552,2033,35.3,-118.3,0.4625010271339895
J2061,Solar,200.0,,Studies Undergoing,0.728,43.432753,-84.216539,7/1/2029,,260.0,or:generator:237279,,189.28,2029,43.4,-84.1,0.12105410992610159
Vermillion Rise Solar,Solar,185.0,Oriden,IA Executed,0.845,39.817234,-87.40383,2/1/2031,,240.5,or:generator:237288,,203.2225,2031,39.8,-87.7,0.2966709956433257
J2029,Solar,62.5,,Studies Undergoing,0.391,46.402348,-87.962624,7/1/2029,,81.3,or:generator:237296,,31.7883,2029,46.1,-87.7,0.4004818079264057
GEN-2020-073,Solar,150.0,,IA Executed,0.75,38.57449,-95.28537,12/1/2030,,195.0,or:generator:237319,,146.25,2030,38.9,-94.9,0.504447021004185
Legacy Solar AR8,Solar,200.0,Arevon Energy,IA Executed,0.4,35.363107,-93.00073,3/1/2028,,260.0,or:generator:237324,,104.0,2028,35.3,-93.1,0.11763089028396534
Panhandle Solar,Solar,102.6,NextEra Energy Resources,IA Executed,0.75,36.618922,-101.261244,3/1/2028,,133.4,or:generator:237722,,100.05,2028,36.2,-101.2,0.4233750932919838
Rabbit's Foot Solar,Solar,298.0,Rabbit's Foot Solar LLC,IA Executed,0.75,33.434392,-94.720156,4/1/2028,,387.4,or:generator:237744,,290.55,2028,33.5,-94.9,0.19143738924254233
GEN-2020-012,Solar,113.0,,IA Executed,0.75,34.36525,-98.2965,10/1/2029,,146.9,or:generator:237765,,110.175,2029,34.4,-98.5,0.2064456647643681
Olympus Solar:PV,Solar,200.0,Invenergy,IA Executed,0.95,41.366733,-90.965019,3/1/2028,,260.0,or:generator:237778,,247.0,2028,41.6,-91.3,0.4081981916299953
Bonneville:G0602:PV,Solar,170.0,,Studies Undergoing,0.02,46.874967,-119.934002,5/1/2029,,221.0,or:generator:237804,,4.42,2029,47.0,-120.1,0.20781863990748373
Canyonville Solar 1,Solar,1.0,Canyonville Solar 1 LLC,Studies Undergoing,0.095,43.36773,-123.117756,5/1/2029,,1.3,or:generator:237814,,0.1235,2029,43.4,-122.8,0.31939040128970936
Superior Solar,Solar,150.0,Invenergy,IA Executed,0.903,46.455,-87.466,12/1/2028,,195.0,or:generator:238172,,176.085,2028,46.1,-87.7,0.4251834898017583
Arizona Public Service:Q317:PV,Solar,750.0,,Studies Undergoing,0.016,35.827327,-111.446048,5/1/2029,,975.0,or:generator:238184,,15.6,2029,36.2,-111.1,0.5085610909546774
Bluebird Solar: BBS1,Solar,140.0,Avangrid,Studies Undergoing,0.02,45.896375,-120.3031,5/1/2029,,182.0,or:generator:238185,,3.64,2029,46.1,-120.1,0.28759824517024357
J1706,Solar,100.0,Alliant Energy,IA Executed,0.727,42.669272,-89.617756,6/1/2028,,130.0,or:generator:238195,,94.51,2028,42.5,-89.5,0.20620253519295004
Arizona Public Service:Q352:PV,Solar,450.0,,Studies Undergoing,0.016,34.937465,-110.303203,5/1/2029,,585.0,or:generator:238211,,9.36,2029,35.3,-110.2,0.3769383045459752
CLARKSON,Solar,203.8,,IA Executed,0.8,36.878354,-119.710851,9/1/2029,,265.0,or:generator:238216,,212.0,2029,37.1,-120.1,0.44784360385852495
San Luis West Solar,Solar,125.0,Origis Energy,IA Executed,0.8,36.13971,-120.1256,7/1/2029,,162.5,or:generator:238219,,130.0,2029,36.2,-120.1,0.06549995496182283
Steel River III:PV,Solar,500.0,Cypress Creek Renewables,IA Executed,0.4,35.868566,-90.017517,3/1/2028,,815.0,or:generator:238291,,326.0,2028,36.2,-90.4,0.5061044770054963
Clear View Solar: 3,Solar,20.0,Oriden,IA Executed,0.747,42.57062,-77.46378,4/1/2029,,26.0,or:generator:238303,,19.422,2029,42.5,-77.8,0.34355650597827125
SUNBAKED SOLAR,Solar,508.6,NextEra Energy Resources,IA Executed,0.8,36.585632,-117.351903,7/1/2029,,661.1,or:generator:238305,,528.88,2029,36.2,-117.4,0.3886198152860924
J2309,Solar,100.0,,Studies Undergoing,0.011,44.109564,-96.043481,3/1/2030,,130.0,or:generator:238307,,1.43,2030,44.3,-95.8,0.3091097983840057
Flat Creek Solar,Solar,200.0,Pattern Energy,Studies Undergoing,0.452,42.89135,-74.51427,5/1/2030,,260.0,or:generator:238585,,117.52,2030,42.5,-74.2,0.5019167813492571
J1946,Solar,350.0,,Studies Undergoing,0.347,31.921848,-89.247077,7/1/2029,,455.0,or:generator:238626,,157.885,2029,31.7,-89.5,0.33643213139205114
J2267,Solar,250.0,,Studies Undergoing,0.37,37.73157,-88.82335,3/1/2030,,325.0,or:generator:238627,,120.25,2030,38.0,-88.6,0.34919892239238925
J2316,Solar,77.5,,Studies Undergoing,0.399,45.9942,-87.9594,7/1/2029,,100.8,or:generator:238628,,40.2192,2029,46.1,-87.7,0.28014639030335575
Lacassine Solar II,Solar,100.0,SunChase Power,IA Executed,0.4,30.356654,-92.502969,3/1/2028,,130.0,or:generator:238669,,52.0,2028,30.8,-92.2,0.5369784825083737
Buckaroo Solar 2,Solar,3.0,"Sunthurst Energy, LLC",Studies Undergoing,0.016,45.675617,-118.83726,5/1/2029,,3.9,or:generator:238685,,0.0624,2029,46.1,-119.2,0.5582841913300077
GEN-2017-171,Solar,150.0,,IA Executed,0.75,34.516911,-98.107435,3/1/2028,,195.0,or:generator:238699,,146.25,2028,34.4,-98.5,0.40960402969942095
BR Benson Mines Solar,Solar,12.1,NYSERDA,IA Executed,0.747,44.210954,-75.05862,4/1/2029,,15.7,or:generator:238707,,11.7279,2029,44.3,-75.1,0.09819111220471258
PHAENON,Solar,102.3,,Studies Undergoing,0.29,35.51372,-119.31757,11/1/2030,,132.9,or:generator:238977,,38.541,2030,35.3,-119.2,0.24392405231957148
GEN-2017-184,Solar,400.0,,IA Executed,0.75,38.016389,-100.335,1/1/2029,,520.0,or:generator:238987,,390.0,2029,38.0,-100.3,0.038647112712331455
Vacherie Solar Energy Center: VSEC,Solar,150.0,DESRI,Pre-Study,0.074,29.978,-90.7277,3/1/2031,,195.0,or:generator:255110,,14.43,2031,29.9,-90.4,0.33685499847856776
West Baldwin Solar Station: WBSS,Solar,17.1,Glenvale Solar,IA Executed,0.65,43.867403,-70.7866,9/1/2029,,22.2,or:generator:255187,,14.43,2029,44.3,-70.6,0.4711260175462609
Emery Meadow Solar Station: EMSS,Solar,16.4,Glenvale Solar,Pre-Study,0.196,43.643433,-70.55837,11/1/2030,,24.5,or:generator:255250,,4.802,2030,43.4,-70.6,0.24696696618981523
Starlight Solar - PV,Solar,20.0,"Empire II, LLC",IA Executed,0.804,32.66214,-116.27239,7/1/2029,,26.0,or:generator:255404,,20.904,2029,32.6,-116.5,0.23594001716537885
Stern Solar,Solar,20.0,CS Energy,Studies Undergoing,0.312,42.89705,-73.58644,5/1/2030,,26.0,or:generator:255410,,8.112,2030,42.5,-73.3,0.4895881698938399
Route 66 Solar Expansion,Solar,10.0,NextEra Energy Resources,IA Executed,0.7,35.100342,-107.21321,9/1/2028,,13.0,or:generator:255413,,9.1,2028,35.3,-107.5,0.3494450186567233
Rexford 2 Solar Farm: 22SVA,Solar,200.0,AES,IA Executed,0.8,35.855086,-119.040306,7/1/2029,,260.0,or:generator:255417,,208.0,2029,36.2,-119.2,0.3800892540338421
ARIDA 3 SOLAR FARM,Solar,450.0,Avantus,Studies Undergoing,0.106,35.133,-114.59579,11/1/2030,,585.0,or:generator:255433,,62.01,2030,35.3,-114.7,0.1968469560343772
HAWKINS SOLAR HYBRID,Solar,250.0,,Studies Undergoing,0.29,35.77197,-119.921316,5/1/2030,,325.0,or:generator:255446,,94.25,2030,36.2,-120.1,0.4638293358078983
Millers Grove Solar,Solar,20.0,SunEast Development,IA Executed,0.747,43.458401,-74.868704,4/1/2029,,26.0,or:generator:255449,,19.422,2029,43.4,-75.1,0.2385550595082833
STERLING,Solar,250.0,,Studies Undergoing,0.106,35.14639,-114.5999,5/1/2031,,325.0,or:generator:255471,,34.45,2031,35.3,-114.7,0.1833467809916489
BlackHills:BHCT G33:PV,Solar,199.0,,Pre-Study,0.04,38.280482,-104.083456,9/1/2029,,258.7,or:generator:259006,,10.348,2029,38.0,-103.9,0.3351510946722341
Green Camp Solar II,Solar,110.0,,Studies Undergoing,0.163,40.566854,-83.258734,1/1/2030,,143.0,or:generator:260222,,23.309,2030,40.7,-83.2,0.1455250496375146
Black Prairie Solar Park,Solar,200.0,EDP Renewables,IA Executed,0.845,40.699132,-86.9124,3/1/2028,,260.0,or:generator:260234,,219.7,2028,40.7,-86.8,0.11240335148029092
Point Solar Energy,Solar,206.6,Invenergy,IA Executed,0.712,40.277183,-83.281408,4/1/2030,,268.5,or:generator:260246,,191.172,2030,40.7,-83.2,0.43058271905988177
Rochelle Solar,Solar,20.0,Enel Green Power,IA Executed,0.6,41.982562,-89.443529,5/1/2028,,26.0,or:generator:260252,,15.6,2028,41.6,-89.5,0.3867074574985596
Beckett Solar,Solar,50.0,Opdenergy,IA Executed,0.6,39.029008,-77.998913,12/1/2028,,65.0,or:generator:260258,,39.0,2028,38.9,-77.8,0.23708531298459112
AH1-271,Solar,40.0,Tyr Energy,Studies Undergoing,0.02,36.155144,-77.097479,1/1/2030,,52.0,or:generator:260262,,1.04,2030,36.2,-76.9,0.2025092989889619
Poseidon Solar 1,Solar,40.0,Energix Renewables,Studies Undergoing,0.166,39.894107,-79.589543,1/1/2030,,52.0,or:generator:260278,,8.632,2030,39.8,-79.6,0.09468619908941298
AG2-448,Solar,50.0,Energix Renewables,Studies Undergoing,0.01,39.472056,-79.05927,1/1/2030,,65.0,or:generator:260298,,0.65,2030,39.8,-78.7,0.4864382797806863
AG2-230,Solar,150.0,,Studies Undergoing,0.225,41.595934,-86.30756,1/1/2030,,195.0,or:generator:260303,,43.875,2030,41.6,-85.9,0.4075802816084108
AH1-537,Solar,178.5,LS Power,Studies Undergoing,0.051,39.094289,-83.532952,1/1/2030,,232.1,or:generator:260305,,11.8371,2030,38.9,-83.2,0.3854935146341587
AH1-535,Solar,100.0,,Studies Undergoing,0.01,36.33313,-82.884172,1/1/2030,,130.0,or:generator:260308,,1.3,2030,36.2,-83.2,0.34274031347945644
AG2-151,Solar,100.0,,Studies Undergoing,0.01,37.655401,-78.154712,1/1/2030,,130.0,or:generator:260332,,1.3,2030,38.0,-77.8,0.49453925399810894
Dixon Solar,Solar,70.0,SunEnergy1,IA Executed,0.712,39.039796,-82.511483,2/1/2029,,91.0,or:generator:260334,,64.792,2029,38.9,-82.3,0.25351130330815946
Bright Mountain Solar,Solar,80.0,Avangrid,IA Executed,0.6,37.29003,-83.28286,3/1/2028,,104.0,or:generator:260381,,62.4,2028,37.1,-83.2,0.20730938353099093
AG2-114,Solar,100.0,Competitive Power Ventures,Studies Undergoing,0.01,40.988033,-88.496298,1/1/2030,,130.0,or:generator:260383,,1.3,2030,40.7,-88.6,0.3061325103496832
AH1-338,Solar,180.0,Geenex,Studies Undergoing,0.01,41.667692,-89.345351,1/1/2030,,234.0,or:generator:260419,,2.34,2030,41.6,-89.5,0.16881504691526186
CPV Wilson Solar,Solar,200.0,Competitive Power Ventures,Studies Undergoing,0.143,39.61752,-79.301974,1/1/2030,,260.0,or:generator:260428,,37.18,2030,39.8,-79.6,0.34945449929281946
AEUG Madison Solar,Solar,100.0,Acciona,IA Executed,0.6,37.811983,-84.205194,1/1/2029,,130.0,or:generator:260439,,78.0,2029,38.0,-84.1,0.21544412251208717
AG2-356,Solar,20.0,Birch Creek Development,Studies Undergoing,0.3,41.709935,-76.428096,1/1/2030,,26.0,or:generator:260449,,7.8,2030,41.6,-76.0,0.4419863000603039
Gipper Solar AG1-462,Solar,255.0,Scout Clean Energy,IA Executed,0.6,41.804189,-89.904638,9/1/2029,,331.5,or:generator:260491,,198.9,2029,41.6,-89.5,0.4532384127200654
South Dixon Solar,Solar,200.0,Duke Energy,IA Executed,0.6,41.618652,-89.219226,12/1/2029,,260.0,or:generator:260542,,156.0,2029,41.6,-89.5,0.28139285026453037
Amelia Energy Facility,Solar,41.0,Torch Clean Energy,IA Executed,0.6,37.370281,-77.843587,3/1/2028,,53.3,or:generator:260554,,31.98,2028,37.1,-77.8,0.2737729817385175
AH1-040,Solar,150.0,AES,Studies Undergoing,0.165,35.879606,-76.571444,1/1/2030,,195.0,or:generator:260564,,32.175,2030,36.2,-76.9,0.4589132383926227
AG2-616,Solar,50.0,,Studies Undergoing,0.073,39.494735,-75.477296,1/1/2030,,65.0,or:generator:260574,,4.745,2030,39.8,-75.1,0.48532359497658883
AH1-399,Solar,9.9,Ameresco,Studies Undergoing,0.21,37.856668,-77.576525,1/1/2030,,12.8,or:generator:260585,,2.688,2030,38.0,-77.8,0.26549037242242385
AG2-369,Solar,86.0,,Studies Undergoing,0.017,36.579813,-77.631129,1/1/2030,,111.8,or:generator:260601,,1.9006,2030,36.2,-77.8,0.41566251889002154
PD Solar 5: PV,Solar,20.0,Pattern Energy,IA Executed,0.95,41.046301,-77.029326,3/1/2028,,26.0,or:generator:260611,,24.7,2028,40.7,-76.9,0.3696614625261818
Poseidon Solar 2,Solar,25.0,Energix Renewables,Studies Undergoing,0.079,39.894107,-79.589543,1/1/2030,,32.5,or:generator:260631,,2.5675,2030,39.8,-79.6,0.09468619908941298
AG2-423,Solar,80.0,MN8 Energy,Studies Undergoing,0.019,38.984608,-80.087536,1/1/2030,,104.0,or:generator:260639,,1.976,2030,38.9,-80.5,0.4210523304293665
AG2-236,Solar,20.0,REV Renewables,Studies Undergoing,0.09,41.117638,-80.469066,1/1/2030,,26.0,or:generator:260640,,2.34,2030,40.7,-80.5,0.41878205716099787
RWE Solar Development: PV,Solar,150.0,RWE Renewables,IA Executed,0.6,36.845742,-77.17801,8/1/2031,,195.0,or:generator:260665,,117.0,2031,37.1,-76.9,0.3767448614964737
AH1-044,Solar,200.0,,Studies Undergoing,0.01,41.818291,-89.422575,1/1/2030,,260.0,or:generator:260677,,2.6,2030,41.6,-89.5,0.231615179351443
AH1-341,Solar,150.0,,Studies Undergoing,0.016,42.019204,-89.384304,1/1/2030,,195.0,or:generator:260695,,3.12,2030,41.6,-89.5,0.4348764859497469
AG2-095,Solar,18.0,,Studies Undergoing,0.21,37.080383,-77.109726,1/1/2030,,23.4,or:generator:260703,,4.914,2030,37.1,-76.9,0.2106414531021746
Dawson Solar,Solar,300.0,Deriva Energy,IA Executed,0.6,40.500359,-88.710786,2/1/2030,,390.0,or:generator:260709,,234.0,2030,40.7,-88.6,0.2283200969625777
Quarter Horse Solar,Solar,125.0,Dominion Energy Virginia,IA Executed,0.6,37.102154,-78.546126,4/1/2031,,162.5,or:generator:260760,,97.5,2031,37.1,-78.7,0.15388907560967593
Exie Solar,Solar,150.0,Geronimo Power,IA Executed,0.6,37.123754,-85.423196,10/1/2028,,195.0,or:generator:260788,,117.0,2028,37.1,-85.0,0.42386213198633765
Julius Solar,Solar,66.0,Energix Renewables,Studies Undergoing,0.01,39.851728,-79.069149,1/1/2030,,85.8,or:generator:260809,,0.858,2030,39.8,-78.7,0.37275564406859796
AG2-069,Solar,150.0,,Studies Undergoing,0.172,36.767476,-77.972226,1/1/2030,,195.0,or:generator:260822,,33.54,2030,37.1,-77.8,0.37447831132390397
AG2-171,Solar,60.0,,Studies Undergoing,0.01,37.047631,-78.189133,1/1/2030,,78.0,or:generator:260834,,0.78,2030,37.1,-77.8,0.3926410623584863
AG2-426,Solar,33.5,,Studies Undergoing,0.01,36.881198,-77.175548,1/1/2030,,43.6,or:generator:260835,,0.436,2030,37.1,-76.9,0.3518536848009438
Waller Solar I,Solar,45.0,Open Road Renewables,IA Executed,0.6,37.680621,-76.488016,3/1/2028,,58.5,or:generator:260841,,35.1,2028,38.0,-76.9,0.5212808857967093
AG2-198,Solar,80.0,Energix Renewables,Studies Undergoing,0.01,37.233536,-78.577665,1/1/2030,,104.0,or:generator:260860,,1.04,2030,37.1,-78.7,0.18110139569037423
Kober Solar Farm,Solar,19.3,,Studies Undergoing,0.015,40.938736,-74.932241,1/1/2030,,25.0,or:generator:260871,,0.375,2030,40.7,-75.1,0.2917840978823118
Ridge Road Solar Farm,Solar,19.8,CEP Renewables,IA Executed,0.804,40.599917,-74.906298,10/1/2028,,25.7,or:generator:260884,,20.6628,2028,40.7,-75.1,0.2180299788859234
Gem City PV I,Solar,49.9,Tyr Energy,IA Executed,0.712,39.735292,-84.294116,3/1/2028,,64.9,or:generator:260886,,46.2088,2028,39.8,-84.1,0.20461707338343654
AG2-081,Solar,30.0,Silicon Ranch,Studies Undergoing,0.01,38.010756,-83.768345,1/1/2030,,39.0,or:generator:260920,,0.39,2030,38.0,-84.1,0.33182936964801435
AG2-491,Solar,100.0,,Studies Undergoing,0.075,40.838514,-86.841032,1/1/2030,,130.0,or:generator:260929,,9.75,2030,40.7,-86.8,0.1444636743960235
EC&R Solar Development: PV,Solar,100.0,EC&R Solar Development,IA Executed,0.665,37.527532,-78.506848,3/1/2028,,130.0,or:generator:260933,,86.45,2028,37.1,-78.7,0.46913889854498164
Washington East Solar: PV,Solar,20.0,Dynamic Energy,IA Executed,0.95,40.873404,-77.080322,3/1/2028,,26.0,or:generator:260941,,24.7,2028,40.7,-76.9,0.25016988407879065
AG2-665,Solar,80.0,,Studies Undergoing,0.067,38.998552,-82.749034,1/1/2030,,104.0,or:generator:260951,,6.968,2030,38.9,-82.3,0.45972168739357655
AH1-055,Solar,220.0,SunEnergy1,Studies Undergoing,0.166,39.118393,-82.51317,1/1/2030,,286.0,or:generator:260954,,47.476,2030,38.9,-82.3,0.3051834716183066
Burr Oak Solar,Solar,300.0,Leeward Renewable Energy,IA Executed,0.6,41.800002,-88.80783,3/1/2030,,390.0,or:generator:260971,,234.0,2030,41.6,-88.6,0.288433890006011
Ritter Solar: CFC1,Solar,199.0,Repsol Renewables NA,IA Executed,0.6,41.694902,-84.31682,5/1/2028,,258.7,or:generator:260979,,155.22,2028,41.6,-84.1,0.23667974565645672
AG2-192,Solar,19.0,,Studies Undergoing,0.225,40.61124,-85.592489,1/1/2030,,24.7,or:generator:260988,,5.5575,2030,40.7,-85.9,0.32006460710457085
AH1-397,Solar,19.7,Ameresco,Studies Undergoing,0.21,37.542056,-78.570846,1/1/2030,,25.6,or:generator:260991,,5.376,2030,37.1,-78.7,0.4605369288689027
Summer Shade Solar,Solar,106.0,,IA Executed,0.6,36.941795,-85.484725,12/1/2028,,137.8,or:generator:261002,,82.68,2028,37.1,-85.9,0.4443896349488899
Moss Creek Solar,Solar,200.0,NextEra Energy Resources,IA Executed,0.841,41.124601,-86.599153,3/1/2028,,260.0,or:generator:261015,,218.66,2028,40.7,-86.8,0.46970791627350145
AG2-583,Solar,115.0,,Studies Undergoing,0.01,37.395167,-78.307534,1/1/2030,,149.5,or:generator:261020,,1.495,2030,37.1,-78.7,0.4910734354910665
AG2-548,Solar,80.0,,Studies Undergoing,0.071,39.126304,-82.495709,1/1/2030,,104.0,or:generator:261023,,7.384,2030,38.9,-82.3,0.299191432191837
AG2-109,Solar,40.0,Clean Shift Energy,Studies Undergoing,0.01,41.131912,-82.600386,1/1/2030,,52.0,or:generator:261031,,0.52,2030,40.7,-82.3,0.5260985884223596
AG2-068,Solar,100.0,,Studies Undergoing,0.143,36.767476,-77.972226,1/1/2030,,130.0,or:generator:261067,,18.59,2030,37.1,-77.8,0.37447831132390397
Red Maple Solar,Solar,95.1,Leeward Renewable Energy,IA Executed,0.6,41.909919,-88.871171,5/1/2028,,123.6,or:generator:261075,,74.16,2028,41.6,-88.6,0.4118051697125786
Kumquat & Citron Solar,Solar,7.2,Temo Power,Studies Undergoing,0.3,38.472832,-75.549816,1/1/2030,,9.4,or:generator:261093,,2.82,2030,38.9,-75.1,0.6203280858384641
AH1-196,Solar,150.0,,Studies Undergoing,0.075,42.179419,-88.54212,1/1/2030,,195.0,or:generator:261119,,14.625,2030,42.5,-88.6,0.32576413547380845
Novera PA Solar I: PV,Solar,20.0,Novera Energy,IA Executed,0.923,41.753486,-76.386618,7/1/2028,,26.0,or:generator:261129,,23.998,2028,41.6,-76.0,0.4159704678459748
AG2-163,Solar,250.0,,Studies Undergoing,0.075,40.014911,-87.339932,1/1/2030,,325.0,or:generator:261136,,24.375,2030,39.8,-87.7,0.41932767920207586
AH1-546,Solar,65.0,,Studies Undergoing,0.01,37.678452,-78.606189,1/1/2030,,84.5,or:generator:261151,,0.845,2030,38.0,-78.7,0.3349531609419448
OFW Solar Farm,Solar,75.0,,Studies Undergoing,0.01,38.958845,-78.495267,1/1/2030,,97.5,or:generator:261183,,0.975,2030,38.9,-78.7,0.21302191275547594
Foundation Solar Partners: PV,Solar,20.0,Birch Creek Development,IA Executed,0.6,41.713575,-80.136676,3/1/2028,,26.0,or:generator:261194,,15.6,2028,41.6,-80.5,0.38066206745748066
Gardenia,Solar,46.5,,Studies Undergoing,0.01,41.1905,-79.519606,1/1/2030,,60.5,or:generator:261196,,0.605,2030,41.6,-79.6,0.41731696015858355
AG2-245,Solar,210.0,Doral Renewables,Studies Undergoing,0.024,41.337721,-86.583449,1/1/2030,,273.0,or:generator:261203,,6.552,2030,41.6,-86.8,0.3401244028910566
AG2-074,Solar,38.0,Clean Shift Energy,Studies Undergoing,0.3,40.793375,-75.846838,1/1/2030,,49.4,or:generator:261207,,14.82,2030,40.7,-76.0,0.17938084866840545
Lillie Solar,Solar,9.4,,IA Executed,0.6,36.02903,-77.512909,6/1/2028,,12.2,or:generator:261218,,7.32,2028,36.2,-77.8,0.33414365650271377
Bradford Solar PA: BRDFS,Solar,100.5,Vesper Energy,IA Executed,0.6,41.721657,-76.53663,3/1/2028,,130.7,or:generator:261235,,78.42,2028,41.6,-76.9,0.3831947057945897
Crossroads Solar I,Solar,20.0,,Studies Undergoing,0.09,40.419435,-82.660164,1/1/2030,,26.0,or:generator:261259,,2.34,2030,40.7,-82.3,0.45654663082865893
AH1-071,Solar,20.0,,Studies Undergoing,0.21,37.598624,-77.997878,1/1/2030,,26.0,or:generator:261275,,5.46,2030,38.0,-77.8,0.44750239804944103
Cornerstone Solar,Solar,200.0,REV Renewables,Studies Undergoing,0.174,40.329051,-80.13316,1/1/2030,,260.0,or:generator:261288,,45.24,2030,40.7,-80.5,0.5217036957900524
AH1-054,Solar,8.3,,Studies Undergoing,0.064,39.925105,-74.139862,1/1/2030,,10.7,or:generator:261311,,0.6848,2030,39.8,-74.2,0.13880864551245475
AH1-072,Solar,20.0,,Studies Undergoing,0.01,37.239227,-82.307932,1/1/2030,,26.0,or:generator:261314,,0.26,2030,37.1,-82.3,0.13945276674558826
Caden Energix Gladys: PV,Solar,53.0,Energix Renewables,IA Executed,0.6,37.232783,-78.970992,3/1/2031,,68.9,or:generator:261315,,41.34,2031,37.1,-78.7,0.3017747324628008
Blossom Solar,Solar,49.9,Open Road Renewables,Studies Undergoing,0.01,40.556918,-82.789718,1/1/2030,,64.9,or:generator:261325,,0.649,2030,40.7,-83.2,0.4345155673252773
Staunton Solar,Solar,36.0,Cypress Creek Renewables,IA Executed,0.6,36.756087,-78.858414,5/1/2030,,46.8,or:generator:261343,,28.08,2030,37.1,-78.7,0.37864382599614416
AG2-073,Solar,53.0,Silicon Ranch,Studies Undergoing,0.01,37.609153,-84.154375,1/1/2030,,68.9,or:generator:261347,,0.689,2030,38.0,-84.1,0.3946112239077868
CleanChoice Energy Community: PV,Solar,19.6,CleanChoice Energy,IA Executed,0.95,40.909725,-76.296002,3/1/2028,,25.5,or:generator:261376,,24.225,2028,40.7,-76.0,0.3627695682234114
BAI-Boyles Run-Phase I: BRPV1,Solar,15.9,BAI Group,IA Executed,0.6,40.771847,-76.78119,4/1/2028,,20.7,or:generator:261397,,12.42,2028,40.7,-76.9,0.13884454439769048
Highland 3 Solar,Solar,130.0,Hecate Energy,IA Executed,0.642,39.255773,-83.54309,5/1/2030,,169.0,or:generator:261416,,108.498,2030,38.9,-83.2,0.494252137708075
Rose Gold Solar,Solar,150.0,Leeward Renewable Energy,IA Executed,0.712,40.332026,-85.238995,3/1/2028,,195.0,or:generator:261420,,138.84,2028,40.7,-85.0,0.43877497045866704
AG2-420,Solar,25.0,,Studies Undergoing,0.09,41.296998,-79.740969,1/1/2030,,32.5,or:generator:261441,,2.925,2030,41.6,-79.6,0.3341892741621178
Oak Run Solar I,Solar,200.0,Savion Energy,Studies Undergoing,0.011,40.017566,-83.483202,1/1/2030,,260.0,or:generator:261463,,2.86,2030,39.8,-83.2,0.35712510015399895
AH1-543,Solar,157.4,,Studies Undergoing,0.01,40.833157,-88.513789,1/1/2030,,204.6,or:generator:261483,,2.046,2030,40.7,-88.6,0.1586288850430393
Rainbow Trout,Solar,120.0,RWE Renewables,IA Executed,0.6,40.272067,-86.993236,1/1/2029,,156.0,or:generator:261484,,93.6,2029,40.7,-86.8,0.46953892723074847
Bright Stalk Generating Facility,Solar,150.0,EDP Renewables,IA Executed,0.6,40.393433,-88.892023,12/1/2029,,195.0,or:generator:261508,,117.0,2029,40.7,-88.6,0.42339196735176843
Aurora Solar,Solar,100.0,Avangrid,IA Executed,0.61,39.930614,-78.901149,12/1/2028,,130.0,or:generator:261523,,79.3,2028,39.8,-78.7,0.23983522926584558
AG2-657,Solar,90.0,MN8 Energy,Studies Undergoing,0.079,37.971588,-81.159186,1/1/2030,,117.0,or:generator:261526,,9.243,2030,38.0,-81.4,0.24248427647994067
Eastern Cottontail Solar,Solar,114.0,EDF Renewables,IA Executed,0.712,39.68285,-82.757779,12/1/2028,,148.2,or:generator:261555,,105.5184,2028,39.8,-83.2,0.4574751745625133
AG2-625,Solar,19.6,,Studies Undergoing,0.278,40.959868,-74.87149,1/1/2030,,25.5,or:generator:261558,,7.089,2030,40.7,-75.1,0.3460465250858598
Mora Solar,Solar,60.0,"Mora Solar, LLC",IA Executed,0.95,41.062982,-75.63435,3/1/2028,,78.0,or:generator:261561,,74.1,2028,40.7,-76.0,0.515224082146786
AG2-077,Solar,200.0,,Studies Undergoing,0.01,37.060673,-78.71801,1/1/2030,,260.0,or:generator:261563,,2.6,2030,37.1,-78.7,0.04325474573963125
Cassius Blue Solar: PV,Solar,300.0,RWE Renewables,IA Executed,0.665,36.889027,-77.1149,8/1/2031,,390.0,or:generator:261572,,259.35,2031,37.1,-76.9,0.3011504885086544
Scioty Solar,Solar,50.0,"Scioty Solar, LLC",IA Executed,0.712,40.703186,-83.608218,3/1/2028,,65.0,or:generator:261577,,46.28,2028,40.7,-83.2,0.4082304326235276
Nicholas County Solar:  1,Solar,150.0,Savion Energy,IA Executed,0.665,38.197751,-80.789588,2/1/2029,,195.0,or:generator:261580,,129.675,2029,38.0,-80.5,0.3506660344900768
Black Moshannon Solar,Solar,20.0,Prospect14,IA Executed,0.6,41.013635,-77.898375,6/1/2029,,26.0,or:generator:261590,,15.6,2029,40.7,-77.8,0.3287013140375309
French Creek Solar and BESS,Solar,150.0,"Red Stone Renewables, LLC",IA Executed,0.6,41.98814,-79.925581,6/1/2029,,195.0,or:generator:261600,,117.0,2029,41.6,-79.6,0.5066119295486435
AG2-617,Solar,55.0,,Studies Undergoing,0.178,38.947306,-76.754178,1/1/2030,,71.5,or:generator:261608,,12.727,2030,38.9,-76.9,0.1533033376022933
AG2-659,Solar,80.0,,Studies Undergoing,0.01,36.646855,-78.251714,1/1/2030,,104.0,or:generator:261614,,1.04,2030,36.2,-78.7,0.6329610800207196
AG2-447,Solar,20.0,,Studies Undergoing,0.3,39.608932,-75.843082,1/1/2030,,26.0,or:generator:261628,,7.8,2030,39.8,-76.0,0.24724530197356476
AG2-182,Solar,200.0,AES,Studies Undergoing,0.154,39.068557,-78.374335,1/1/2030,,260.0,or:generator:261632,,40.04,2030,38.9,-78.7,0.3667003606134039
Lynn Bark Energy Center,Solar,200.0,Savion Energy,IA Executed,0.6,37.948859,-82.408539,3/1/2029,,260.0,or:generator:261652,,156.0,2029,38.0,-82.3,0.11998381725050154
Club Ford Energy Center,Solar,20.0,MN8 Energy,IA Executed,0.95,41.28291,-75.930747,3/1/2028,,26.0,or:generator:261660,,24.7,2028,41.6,-76.0,0.32456439439501167
AG2-166,Solar,10.0,,Studies Undergoing,0.015,40.259861,-77.252664,1/1/2030,,13.0,or:generator:261733,,0.195,2030,40.7,-76.9,0.5639984363604166
AH1-227,Solar,51.3,,Studies Undergoing,0.013,36.999456,-82.488419,1/1/2030,,66.7,or:generator:261740,,0.8671,2030,37.1,-82.3,0.21356688764178403
Honeybee Solar,Solar,300.8,,Studies Undergoing,0.01,36.683711,-77.715878,1/1/2030,,391.0,or:generator:261746,,3.91,2030,37.1,-77.8,0.4247034758569773
AH1-541,Solar,92.4,REV Renewables,Studies Undergoing,0.01,40.171461,-88.89207,1/1/2030,,120.1,or:generator:261753,,1.201,2030,39.8,-88.6,0.4725337653766218
AG2-441,Solar,113.0,,Studies Undergoing,0.01,37.069242,-78.743515,1/1/2030,,146.9,or:generator:261774,,1.469,2030,37.1,-78.7,0.053287989162660865
AG2-082,Solar,200.0,Savion Energy,Studies Undergoing,0.09,40.32861,-81.238552,1/1/2030,,260.0,or:generator:261809,,23.4,2030,40.7,-81.4,0.4049641821247975
AH1-033,Solar,19.5,SunEnergy1,Studies Undergoing,0.21,36.442605,-76.048574,1/1/2030,,25.4,or:generator:261840,,5.334,2030,36.2,-76.0,0.24741992543244976
AH1-239,Solar,80.0,Energix Renewables,Studies Undergoing,0.01,38.831627,-84.612372,1/1/2030,,104.0,or:generator:261846,,1.04,2030,38.9,-85.0,0.3936119072297041
AG2-440,Solar,75.0,,Studies Undergoing,0.01,37.069242,-78.743515,1/1/2030,,97.5,or:generator:261893,,0.975,2030,37.1,-78.7,0.053287989162660865
AG2-029,Solar,250.0,,Studies Undergoing,0.011,41.425655,-85.294785,1/1/2030,,325.0,or:generator:261898,,3.575,2030,41.6,-85.0,0.3424826641598134
CEP Solar,Solar,69.0,Urban Grid,Studies Undergoing,0.01,36.660616,-78.961405,1/1/2030,,89.7,or:generator:261899,,0.897,2030,37.1,-78.7,0.5112639958778651
AG2-057,Solar,10.0,,Studies Undergoing,0.09,40.476176,-82.870745,1/1/2030,,13.0,or:generator:261903,,1.17,2030,40.7,-83.2,0.3981281678065525
Osagrove Flats Solar,Solar,150.0,Aurora Solar LLC,IA Executed,0.6,41.232158,-88.853805,5/1/2029,,195.0,or:generator:261917,,117.0,2029,41.6,-88.6,0.44690571151978153
AH1-151,Solar,200.0,,Studies Undergoing,0.01,41.733978,-89.441967,1/1/2030,,260.0,or:generator:261921,,2.6,2030,41.6,-89.5,0.14600662167517994
AH1-345,Solar,14.0,,Studies Undergoing,0.244,38.676203,-77.836887,1/1/2030,,18.2,or:generator:261922,,4.4408,2030,38.9,-77.8,0.22681655137577472
Fenwick Creek Solar,Solar,38.0,AES,IA Executed,0.6,39.566695,-74.761591,9/1/2028,,49.4,or:generator:261928,,29.64,2028,39.8,-75.1,0.41103755826687716
Pigeon Run Solar and Storage,Solar,60.0,TotalEnergies,IA Executed,0.665,37.118859,-78.98179,3/1/2031,,78.0,or:generator:261931,,51.87,2031,37.1,-78.7,0.2824203710446547
AG2-453,Solar,280.0,REV Renewables,Studies Undergoing,0.01,41.731413,-88.368796,1/1/2030,,364.0,or:generator:261936,,3.64,2030,41.6,-88.6,0.2659410953293913
Barrelhead,Solar,54.0,Silver Creek Energy,IA Executed,0.6,36.805676,-84.818174,1/1/2029,,70.2,or:generator:261954,,42.12,2029,37.1,-85.0,0.3459585397876488
Black Moshannon Solar,Solar,95.0,CE-Black Moshannon OZ LLC,IA Executed,0.6,40.77204,-77.915281,6/1/2029,,123.5,or:generator:261977,,74.1,2029,40.7,-77.8,0.1359392164204216
Randolph Solar,Solar,500.0,Dominion Energy Virginia,IA Executed,0.6,36.687792,-79.079321,12/1/2032,,650.0,or:generator:261990,,390.0,2032,37.1,-78.7,0.5601784147082002
AH1-641,Solar,15.0,,Studies Undergoing,0.015,39.577757,-75.466361,1/1/2030,,19.5,or:generator:262005,,0.2925,2030,39.8,-75.1,0.4285000972812121
AG2-119,Solar,80.0,Enel Green Power,Studies Undergoing,0.09,40.523345,-83.013726,1/1/2030,,104.0,or:generator:262072,,9.36,2030,40.7,-83.2,0.25671967610800767
AH1-188,Solar,140.0,MN8 Energy,Studies Undergoing,0.01,37.692743,-82.178354,1/1/2030,,182.0,or:generator:262091,,1.82,2030,38.0,-82.3,0.33046121310223314
AG2-637,Solar,150.0,,Studies Undergoing,0.011,40.054648,-85.149447,1/1/2030,,195.0,or:generator:262106,,2.145,2030,39.8,-85.0,0.29526261143768284
AG2-176,Solar,150.0,,Studies Undergoing,0.01,41.724131,-80.156347,1/1/2030,,195.0,or:generator:262110,,1.95,2030,41.6,-80.5,0.3653845776302031
Horsepen Creek Solar I,Solar,20.0,,Studies Undergoing,0.21,37.811476,-77.78861,1/1/2030,,26.0,or:generator:262113,,5.46,2030,38.0,-77.8,0.18886775975798567
Kankakee Solar,Solar,144.0,Acciona,IA Executed,0.6,41.203149,-87.998613,3/1/2031,,187.2,or:generator:262150,,112.32,2031,41.6,-87.7,0.4966492121910598
Lacey Sand Solar,Solar,19.8,CEP Renewables,IA Executed,0.6,39.855534,-74.382793,6/1/2028,,25.7,or:generator:262190,,15.42,2028,39.8,-74.2,0.19104268110817943
PD Solar 5: PV,Solar,20.0,Pattern Energy,IA Executed,0.95,41.046301,-77.029326,3/1/2028,,26.0,or:generator:262203,,24.7,2028,40.7,-76.9,0.3696614625261818
Bear Island Solar,Solar,89.0,Clenera,IA Executed,0.612,37.155195,-77.046917,9/1/2028,,115.7,or:generator:262228,,70.8084,2028,37.1,-76.9,0.15694296070227598
CO-Frosty Valley 2: PV,Solar,20.0,MN8 Energy,IA Executed,0.95,41.00252,-76.514106,3/1/2028,,26.0,or:generator:262234,,24.7,2028,40.7,-76.9,0.4903391985513725
Heritage Solar Farm,Solar,19.3,,Studies Undergoing,0.27,39.836886,-74.392135,1/1/2030,,25.0,or:generator:262244,,6.75,2030,39.8,-74.2,0.19564364344643967
AG2-524,Solar,110.0,Nexamp,Studies Undergoing,0.01,41.156279,-88.276231,1/1/2030,,143.0,or:generator:262251,,1.43,2030,41.6,-88.6,0.5492856189652177
Plano Skies Energy Center,Solar,100.0,Savion Energy,IA Executed,0.6,41.658475,-88.551673,5/1/2030,,130.0,or:generator:262275,,78.0,2030,41.6,-88.6,0.07586055993729683
AH1-073,Solar,20.0,,Studies Undergoing,0.01,37.239227,-82.307932,1/1/2030,,26.0,or:generator:262344,,0.26,2030,37.1,-82.3,0.13945276674558826
Albemarle Beach Solar,Solar,60.0,SunEnergy1,IA Executed,0.665,35.7855,-76.664914,3/1/2028,,78.0,or:generator:262360,,51.87,2028,36.2,-76.9,0.4765245821529124
Hillandale Solar: PV,Solar,102.0,Strata Clean Energy,IA Executed,0.6,36.775724,-79.524226,5/1/2030,,132.6,or:generator:262375,,79.56,2030,37.1,-79.6,0.3330114461276104
Flatrock Creek Solar I,Solar,100.0,EDP Renewables,IA Executed,0.712,41.05048,-85.193314,12/1/2029,,130.0,or:generator:262376,,92.56,2029,40.7,-85.0,0.4002580829864633
Magnolia Grazing Farm Solar,Solar,63.3,Doral Renewables,Studies Undergoing,0.023,37.500001,-85.818726,1/1/2030,,82.2,or:generator:262378,,1.8906,2030,37.1,-85.9,0.40817430477309335
Novera PA Solar 1: PV,Solar,20.0,Novera Energy,IA Executed,0.95,40.267769,-77.119419,3/1/2028,,26.0,or:generator:262404,,24.7,2028,40.7,-76.9,0.48473532460714686
Honey Creek Solar: HNYSR,Solar,200.0,Leeward Renewable Energy,IA Executed,0.6,40.7971,-86.8572,3/1/2028,,260.0,or:generator:262435,,156.0,2028,40.7,-86.8,0.11269538588602697
South Dixon Solar,Solar,300.0,Deriva Energy,IA Executed,0.6,41.858194,-89.436221,12/1/2029,,390.0,or:generator:262437,,234.0,2029,41.6,-89.5,0.26595470004682664
AG2-581,Solar,150.0,,Studies Undergoing,0.01,36.737828,-77.782644,1/1/2030,,195.0,or:generator:262455,,1.95,2030,37.1,-77.8,0.3625876284706919
AH1-552,Solar,670.2,,Studies Undergoing,0.3,38.5444,-76.6861,1/1/2030,,871.3,or:generator:262458,,261.39,2030,38.9,-76.9,0.41497538481216073
Hecate Energy Pulaski 1: HEPU1,Solar,150.0,Hecate Energy,IA Executed,0.6,37.139595,-80.68741,3/1/2028,,195.0,or:generator:262477,,117.0,2028,37.1,-80.5,0.1915470493769085
EverPower Solar: PV,Solar,78.0,EverPower Solar,IA Executed,0.712,40.048302,-83.741383,9/1/2029,,101.4,or:generator:262478,,72.1968,2029,39.8,-84.1,0.43618807399216897
AH1-150,Solar,200.0,,Studies Undergoing,0.01,41.733978,-89.441967,1/1/2030,,260.0,or:generator:262488,,2.6,2030,41.6,-89.5,0.14600662167517994
Stonecrop,Solar,82.0,Competitive Power Ventures,IA Executed,0.6,37.566274,-86.107544,12/1/2029,,106.6,or:generator:262491,,63.96,2029,38.0,-85.9,0.4808250773535002
AH1-216,Solar,99.0,,Studies Undergoing,0.06,36.923042,-76.858965,1/1/2030,,128.7,or:generator:262497,,7.722,2030,37.1,-76.9,0.18165353007580207
AG2-561,Solar,20.0,Birch Creek Development,Studies Undergoing,0.09,40.724161,-79.131639,1/1/2030,,26.0,or:generator:262509,,2.34,2030,40.7,-78.7,0.4323146773381671
Plano Skies Energy Center,Solar,150.0,Savion Energy,IA Executed,0.6,41.483353,-88.460552,5/1/2030,,195.0,or:generator:262524,,117.0,2030,41.6,-88.6,0.1818028253713252
AG2-516,Solar,120.0,,Studies Undergoing,0.01,42.341553,-89.026394,1/1/2030,,156.0,or:generator:262526,,1.56,2030,42.5,-88.6,0.4548816275087426
LU-Club Ford 1: PV,Solar,20.0,MN8 Energy,IA Executed,0.95,39.884871,-77.290838,3/1/2028,,26.0,or:generator:262555,,24.7,2028,39.8,-76.9,0.39994678256611915
AG2-442,Solar,140.0,,Studies Undergoing,0.01,37.069242,-78.743515,1/1/2030,,182.0,or:generator:262556,,1.82,2030,37.1,-78.7,0.053287989162660865
AH1-144,Solar,70.0,Energix Renewables,Studies Undergoing,0.173,37.321138,-80.562649,1/1/2030,,91.0,or:generator:262603,,15.743,2030,37.1,-80.5,0.2298410586579289
Angelina Solar I,Solar,18.0,Open Road Renewables,IA Executed,0.6,39.703318,-84.518543,4/1/2028,,23.4,or:generator:262629,,14.04,2028,39.8,-84.1,0.4295644910522733
Gibson Solar I,Solar,34.0,Open Road Renewables,IA Executed,0.6,38.125251,-77.165048,12/1/2029,,44.2,or:generator:262659,,26.52,2029,38.0,-76.9,0.29315227323866344
Cassius Blue Solar,Solar,94.0,RWE Renewables,IA Executed,0.6,36.896975,-77.182024,8/1/2031,,122.2,or:generator:262706,,73.32,2031,37.1,-76.9,0.34750062906561396
Washington West Solar:PV,Solar,40.0,Dynamic Energy,IA Executed,0.95,40.624894,-77.045401,3/1/2028,,52.0,or:generator:262707,,49.4,2028,40.7,-76.9,0.16365317606755642
AH1-396,Solar,11.9,Ameresco,Studies Undergoing,0.104,36.806213,-78.109903,1/1/2030,,15.5,or:generator:262719,,1.612,2030,37.1,-77.8,0.4270253748643101
BL-Hileman Hollow,Solar,12.0,MN8 Energy,IA Executed,0.6,40.385548,-78.297114,3/1/2028,,26.0,or:generator:262742,,15.6,2028,40.7,-78.7,0.5110745437800726
AH1-272,Solar,185.0,,Studies Undergoing,0.051,42.318049,-85.947228,1/1/2030,,240.5,or:generator:262748,,12.2655,2030,42.5,-85.9,0.18798045213531725
AG2-436,Solar,350.0,Urban Grid,Studies Undergoing,0.01,36.926732,-77.131839,1/1/2030,,455.0,or:generator:262750,,4.55,2030,37.1,-76.9,0.2894324130863666
Starfire:PV,Solar,210.0,BrightNight,Studies Undergoing,0.074,37.491187,-83.035766,1/1/2030,,273.0,or:generator:262783,,20.202,2030,37.1,-83.2,0.4242641579546858
EverPower Solar: PV,Solar,38.5,EverPower Solar,IA Executed,0.712,40.257541,-83.905984,9/1/2029,,50.1,or:generator:262788,,35.6712,2029,40.7,-84.1,0.48312749346005546
Grand Marsh Solar,Solar,100.0,Deriva Energy,IA Executed,0.6,41.0162,-88.006808,6/1/2029,,130.0,or:generator:262792,,78.0,2029,40.7,-87.7,0.4405832371572926
Black Moshannon Solar,Solar,20.0,Prospect14,IA Executed,0.6,41.013635,-77.898375,6/1/2029,,26.0,or:generator:262834,,15.6,2029,40.7,-77.8,0.3287013140375309
AG2-037,Solar,4.7,,Studies Undergoing,0.21,40.501364,-80.029744,1/1/2030,,6.1,or:generator:262849,,1.281,2030,40.7,-79.6,0.47343021241995076
Springwater Solar,Solar,155.0,Apex Clean Energy,Studies Undergoing,0.375,39.82972,-83.2498,7/1/2029,,201.5,or:generator:262854,,75.5625,2029,39.8,-83.2,0.057994123840259294
AG2-126,Solar,150.0,Enbridge,Studies Undergoing,0.075,39.996402,-87.330559,1/1/2030,,195.0,or:generator:262878,,14.625,2030,39.8,-87.7,0.41840219655853755
Pleasant Grove Solar,Solar,300.0,Duke Energy,IA Executed,0.6,42.231023,-88.496927,9/1/2029,,390.0,or:generator:262919,,234.0,2029,42.5,-88.6,0.28804976975862817
CO-Frosty Valley: PV,Solar,20.0,MN8 Energy,IA Executed,0.95,41.189821,-76.261003,3/1/2028,,26.0,or:generator:262964,,24.7,2028,41.6,-76.0,0.4861783397581598
AG2-585,Solar,55.0,,Studies Undergoing,0.075,41.284299,-87.837302,1/1/2030,,71.5,or:generator:262972,,5.3625,2030,41.6,-87.7,0.3442658284015424
Henry Solar,Solar,20.0,First Energy Solutions Corp.,IA Executed,0.6,41.744807,-80.068593,3/1/2028,,26.0,or:generator:262979,,15.6,2028,41.6,-80.5,0.45506160780491467
AH1-133,Solar,70.0,Energix Renewables,Studies Undergoing,0.03,36.985288,-81.632898,1/1/2030,,91.0,or:generator:262994,,2.73,2030,37.1,-81.4,0.25961571860732374
Maple Hill-Fiddlers 1 SP (Bear Rock),Solar,50.0,Competitive Power Ventures,IA Executed,0.6,40.61043,-78.799014,1/1/2029,,65.0,or:generator:262996,,39.0,2029,40.7,-78.7,0.13351613047118957
Buchanan County Solar,Solar,75.0,"Buchanan County Solar Project, LLC",IA Executed,0.6,37.285761,-82.01603,9/1/2028,,97.5,or:generator:263005,,58.5,2028,37.1,-82.3,0.33933185824646317
AG2-570,Solar,400.0,,Studies Undergoing,0.039,36.652953,-77.927163,1/1/2030,,520.0,or:generator:263010,,20.28,2030,37.1,-77.8,0.464781076183189
McVille Solar,Solar,19.9,IMG Energy Solutions,Studies Undergoing,0.09,40.879502,-79.518363,1/1/2030,,25.9,or:generator:263013,,2.331,2030,40.7,-79.6,0.19719423869119473
AG2-016,Solar,19.8,,Studies Undergoing,0.268,39.972565,-74.235864,1/1/2030,,25.7,or:generator:263058,,6.8876,2030,39.8,-74.2,0.1762523921000855
Red Maple LRE: RMS1,Solar,95.0,Leeward Renewable Energy,IA Executed,0.6,41.886064,-88.72725,3/1/2028,,123.5,or:generator:263066,,74.1,2028,41.6,-88.6,0.3130897229166085
AH1-392,Solar,90.0,,Studies Undergoing,0.04,41.506203,-86.281965,1/1/2030,,117.0,or:generator:263080,,4.68,2030,41.6,-85.9,0.3933130285586733
Swift Creek Solar,Solar,100.0,Swift Creek Solar LLC,IA Executed,0.665,35.89145,-77.643088,9/1/2029,,130.0,or:generator:263082,,86.45,2029,36.2,-77.8,0.34615672497295163
AG2-550,Solar,100.0,,Studies Undergoing,0.082,40.099432,-84.920124,1/1/2030,,130.0,or:generator:263102,,10.66,2030,39.8,-85.0,0.309902723447216
AG2-200,Solar,17.0,Birch Creek Development,Studies Undergoing,0.027,41.892306,-79.130923,1/1/2030,,22.1,or:generator:263107,,0.5967,2030,41.6,-78.7,0.5207085841091845
Sculpin Solar: 1SPS,Solar,180.0,EDF Renewables,IA Executed,0.712,41.364556,-84.84381,11/1/2028,,234.0,or:generator:263135,,166.608,2028,41.6,-85.0,0.2825406045792339
Bridleton Solar: BRIDL,Solar,20.0,Dominion Energy,Studies Undergoing,0.21,37.46,-77.27,7/1/2029,,26.0,or:generator:263151,,5.46,2029,37.1,-76.9,0.516236379965605
Port Belford Solar Farm,Solar,19.3,,Studies Undergoing,0.284,40.282392,-74.083922,1/1/2030,,25.0,or:generator:263165,,7.1,2030,40.7,-74.2,0.4334403577748633
AG2-191,Solar,30.0,,Studies Undergoing,0.225,40.421294,-85.525018,1/1/2030,,39.0,or:generator:263182,,8.775,2030,40.7,-85.9,0.4672135858041822
AG2-618,Solar,110.0,DESRI,Studies Undergoing,0.21,38.359402,-76.963736,1/1/2030,,143.0,or:generator:263199,,30.03,2030,38.0,-76.9,0.36500969206310263
Goldfinch Solar,Solar,250.0,Acciona,IA Executed,0.6,38.567266,-83.900868,6/1/2030,,325.0,or:generator:263200,,195.0,2030,38.9,-84.1,0.3877698649714777
AH1-280,Solar,20.0,,Studies Undergoing,0.057,37.315806,-77.982159,1/1/2030,,26.0,or:generator:263207,,1.482,2030,37.1,-77.8,0.2824077387696728
Hoodlebug Solar Energy Center,Solar,110.0,Linea Energy,IA Executed,0.6,40.636827,-79.203552,3/1/2028,,143.0,or:generator:263231,,85.8,2028,40.7,-79.6,0.40144967883035443
AH1-098,Solar,40.0,,Studies Undergoing,0.01,36.75485,-80.848848,1/1/2030,,52.0,or:generator:263257,,0.52,2030,37.1,-80.5,0.4907376586364708
Black Diamond Solar,Solar,299.0,Swift Current Energy,IA Executed,0.6,39.691667,-89.322588,12/1/2030,,388.7,or:generator:263258,,233.22,2030,39.8,-89.5,0.2078726933317607
AG2-213,Solar,80.0,,Studies Undergoing,0.01,36.997744,-78.093184,1/1/2030,,104.0,or:generator:263276,,1.04,2030,37.1,-77.8,0.3105046656525451
AG2-522,Solar,80.0,,Studies Undergoing,0.03,36.538079,-78.068072,1/1/2030,,104.0,or:generator:263303,,3.12,2030,36.2,-77.8,0.43146263734534684
Mackinaw Solar: 1,Solar,300.0,Doral Renewables,Studies Undergoing,0.01,40.494277,-89.476187,1/1/2030,,390.0,or:generator:263352,,3.9,2030,40.7,-89.5,0.20709662406230261
Amelia Energy Facility,Solar,20.0,Torch Clean Energy,IA Executed,0.6,37.315806,-77.982159,3/1/2028,,26.0,or:generator:263354,,15.6,2028,37.1,-77.8,0.2824077387696728
AG2-411,Solar,63.0,Energix Renewables,Studies Undergoing,0.08,39.86026,-78.887304,1/1/2030,,81.9,or:generator:263356,,6.552,2030,39.8,-78.7,0.19675887785815155
AH1-580,Solar,200.0,Savion Energy,Studies Undergoing,0.09,40.41149,-81.018568,1/1/2030,,260.0,or:generator:263387,,23.4,2030,40.7,-81.4,0.4782555705101658
AH1-348,Solar,10.0,Terraform Power,Studies Undergoing,0.073,36.906941,-82.683997,1/1/2030,,13.0,or:generator:263388,,0.949,2030,37.1,-82.3,0.4297970142869833
Mayapple Solar,Solar,224.0,Lightsource BP,IA Executed,0.6,41.055223,-86.71323,3/1/2028,,291.2,or:generator:263400,,174.72,2028,40.7,-86.8,0.36566707895160155
360 Solar 1,Solar,26.0,RWE Renewables,Studies Undergoing,0.171,37.235448,-77.611279,1/1/2030,,33.8,or:generator:263420,,5.7798,2030,37.1,-77.8,0.23229674243303433
Amelia Energy Facility,Solar,25.0,Torch Clean Energy,IA Executed,0.6,37.370281,-77.843587,3/1/2028,,32.5,or:generator:263434,,19.5,2028,37.1,-77.8,0.2737729817385175
PD Solar 5: PV,Solar,20.0,Pattern Energy,IA Executed,0.95,41.046301,-77.029326,3/1/2028,,26.0,or:generator:263442,,24.7,2028,40.7,-76.9,0.3696614625261818
Blooming Grove Solar Energy Center,Solar,200.0,Invenergy,IA Executed,0.6,41.021202,-88.628801,12/1/2028,,260.0,or:generator:263443,,156.0,2028,40.7,-88.6,0.32249065475607164
Mackinaw Solar: 2,Solar,200.0,Doral Renewables,Studies Undergoing,0.01,40.494277,-89.476187,1/1/2030,,260.0,or:generator:263453,,2.6,2030,40.7,-89.5,0.20709662406230261
AG2-519,Solar,66.5,,Studies Undergoing,0.062,40.334243,-85.421203,1/1/2030,,86.5,or:generator:263454,,5.363,2030,40.7,-85.0,0.5578441989104183
AG2-262,Solar,11.0,,Studies Undergoing,0.21,36.756087,-78.858414,1/1/2030,,14.3,or:generator:263481,,3.003,2030,37.1,-78.7,0.37864382599614416
AG2-152,Solar,131.0,Terraform Power,Studies Undergoing,0.012,36.874294,-79.346222,1/1/2030,,170.3,or:generator:263741,,2.0436,2030,37.1,-79.6,0.33962695964837586
Limestone Solar,Solar,20.0,Pattern Energy,IA Executed,0.95,41.046301,-77.029326,3/1/2028,,26.0,or:generator:263755,,24.7,2028,40.7,-76.9,0.3696614625261818
AH1-637,Solar,16.0,,Studies Undergoing,0.21,38.018468,-76.943806,1/1/2030,,20.8,or:generator:263767,,4.368,2030,38.0,-76.9,0.04753980079889918
AG2-626,Solar,12.5,,Studies Undergoing,0.177,40.942005,-75.135506,1/1/2030,,16.3,or:generator:263771,,2.8851,2030,40.7,-75.1,0.24459578095502862
AG2-382,Solar,70.0,Tyr Energy,Studies Undergoing,0.14,36.155144,-77.097479,1/1/2030,,91.0,or:generator:263789,,12.74,2030,36.2,-76.9,0.2025092989889619
AG2-297,Solar,19.0,Calpine,Studies Undergoing,0.161,39.350355,-75.145503,1/1/2030,,24.7,or:generator:264290,,3.9767,2030,39.8,-75.1,0.4519415327605973
Currituck Solar,Solar,80.0,SunEnergy1,IA Executed,0.603,36.493525,-75.997561,3/1/2031,,104.0,or:generator:264305,,62.712,2031,36.2,-76.0,0.2935351330692755
ACE Development Company,Solar,85.0,AES,Studies Undergoing,0.01,37.367053,-78.24621,1/1/2030,,110.5,or:generator:264308,,1.105,2030,37.1,-77.8,0.5200198735711986
Flatrock Creek Solar II,Solar,100.0,EDP Renewables,IA Executed,0.712,41.01264,-84.986762,12/1/2029,,130.0,or:generator:264310,,92.56,2029,40.7,-85.0,0.31292014036171706
Otter Creek Solar,Solar,150.0,Aurora Solar LLC,IA Executed,0.6,41.278085,-88.778196,5/1/2029,,195.0,or:generator:264542,,117.0,2029,41.6,-88.6,0.36794440020334945
360 Solar 2,Solar,26.0,RWE Renewables,Studies Undergoing,0.171,37.235448,-77.611279,1/1/2030,,33.8,or:generator:264544,,5.7798,2030,37.1,-77.8,0.23229674243303433
AG2-298,Solar,35.0,Savion Energy,Studies Undergoing,0.01,37.57444,-85.374657,1/1/2030,,45.5,or:generator:264756,,0.455,2030,38.0,-85.0,0.5669825228779076
Oak Run Solar Project,Solar,400.0,Savion Energy,IA Executed,0.712,39.906217,-83.276223,12/1/2030,,520.0,or:generator:264757,,370.24,2030,39.8,-83.2,0.13073636379370512
Glidepath Ventures: PV,Solar,20.0,Prospect14,IA Executed,0.95,39.892507,-77.137924,3/1/2028,,26.0,or:generator:264762,,24.7,2028,39.8,-76.9,0.2552750963666399
Sycamore Cross Solar: SYCAM,Solar,208.2,AES,IA Executed,0.665,37.017425,-76.74399,3/1/2028,,270.7,or:generator:264789,,180.0155,2028,37.1,-76.9,0.17651558210255147
Frasier Solar 2,Solar,21.0,Open Road Renewables,Studies Undergoing,0.01,40.383994,-82.302917,1/1/2030,,27.3,or:generator:264928,,0.273,2030,40.7,-82.3,0.316019462889552
BAI-Boyles Run-Phase 2: BRPV2,Solar,15.9,BAI Group,IA Executed,0.6,40.771847,-76.78119,4/1/2028,,20.7,or:generator:264937,,12.42,2028,40.7,-76.9,0.13884454439769048
Canal Road,Solar,120.0,Lightsource BP,IA Executed,0.6,40.754891,-81.919049,11/1/2028,,156.0,or:generator:264938,,93.6,2028,40.7,-82.3,0.38488528977085723
Franklintown Farm Solar and BESS,Solar,80.0,Enel Green Power,IA Executed,0.6,39.317665,-77.85083,7/1/2028,,104.0,or:generator:264942,,62.4,2028,38.9,-77.8,0.4207466471940092
Beacon Solar,Solar,260.0,"Fowl Solar, LLC",IA Executed,0.6,41.430006,-90.667822,1/1/2030,,338.0,or:generator:264946,,202.8,2030,41.6,-90.4,0.3172169347938385
Southern Ocean Waretown Solar,Solar,12.0,CEP Renewables,IA Executed,0.6,39.911711,-74.145479,12/1/2028,,15.6,or:generator:264953,,9.36,2028,39.8,-74.2,0.12430561918916147
Dumont Solar,Solar,50.0,Hexagon Energy,Studies Undergoing,0.075,41.73488,-86.191924,1/1/2030,,65.0,or:generator:265647,,4.875,2030,41.6,-85.9,0.32157772960202885
Club Ford Energy Center,Solar,20.0,MN8 Energy,IA Executed,0.95,41.229778,-76.099981,3/1/2028,,26.0,or:generator:265656,,24.7,2028,41.6,-76.0,0.38348471891980085
AH1-004,Solar,40.0,Silicon Ranch,Studies Undergoing,0.01,38.026828,-84.523304,1/1/2030,,52.0,or:generator:265688,,0.52,2030,38.0,-84.1,0.4241532954015582
Timber Road Solar Park III,Solar,49.9,ENI Plenitude,IA Executed,0.712,41.018754,-84.535957,3/1/2029,,64.9,or:generator:265824,,46.2088,2029,40.7,-84.1,0.5400579768552638
LADWP:220401000000:PV,Solar,500.0,,Pre-Study,0.072,39.162804,-117.498162,9/1/2029,,650.0,or:generator:266239,,46.8,2029,38.9,-117.4,0.28053826951059463
Sonak Solar,Solar,400.0,,IA Executed,0.7,32.998729,-112.199863,9/1/2028,,520.0,or:generator:266242,,364.0,2028,32.6,-112.0,0.44601573314177395
Lava Run: PV,Solar,250.0,Repsol Renewables NA,IA Executed,0.7,34.159875,-109.522765,9/1/2028,,325.0,or:generator:266247,,227.5,2028,34.4,-109.3,0.32754276186477366
Frontier Solar: FRON,Solar,120.0,BrightNight,IA Executed,0.7,37.652136,-85.259158,9/1/2028,,156.0,or:generator:266288,,109.2,2028,38.0,-85.0,0.4337882334273263
Wahatis Solar:PV,Solar,200.0,,Studies Undergoing,0.018,46.813086,-119.355807,9/1/2028,,260.0,or:generator:266295,,4.68,2028,47.0,-119.2,0.24333652550531595
TEP:84:PV,Solar,500.0,,IA Executed,0.7,32.996049,-112.190323,9/1/2028,,650.0,or:generator:266305,,455.0,2028,32.6,-112.0,0.43940602491317843
TEP:72:PV,Solar,80.0,,IA Executed,0.7,32.553121,-111.290829,9/1/2028,,104.0,or:generator:266314,,72.8,2028,32.6,-111.1,0.19650279357302636
TEP:98:PV,Solar,241.0,,Pre-Study,0.095,33.329025,-111.278224,9/1/2029,,313.3,or:generator:266321,,29.7635,2029,33.5,-111.1,0.2469741784094029
TEP:93:PV,Solar,450.0,,IA Executed,0.7,34.518877,-109.093698,9/1/2028,,455.0,or:generator:266344,,318.5,2028,34.4,-109.3,0.23810135726828305
LADWP:200312000000:PV,Solar,400.0,Avantus,Studies Undergoing,0.19,34.855835,-118.234523,5/1/2029,,520.0,or:generator:266347,,98.8,2029,35.3,-118.3,0.448965237801323
Hariington Solar:PV,Solar,40.0,,Studies Undergoing,0.018,47.473918,-118.26912,9/1/2028,,52.0,or:generator:266361,,0.936,2028,47.9,-118.3,0.4271995378321477
LADWP:090326000000:PV,Solar,150.0,,Studies Undergoing,0.191,39.247061,-117.698135,8/1/2029,,195.0,or:generator:266377,,37.245,2029,38.9,-117.4,0.45753231136827405
Lava Run: PV,Solar,200.0,Repsol Renewables NA,IA Executed,0.7,34.159875,-109.522765,9/1/2028,,260.0,or:generator:266380,,182.0,2028,34.4,-109.3,0.32754276186477366
TEP:95:PV,Solar,250.0,,Pre-Study,0.01,34.35631,-109.815437,9/1/2029,,325.0,or:generator:266386,,3.25,2029,34.4,-110.2,0.3870368420047371
LADWP:190328000000:PV,Solar,1200.0,,Studies Undergoing,0.169,34.2786,-118.477426,5/1/2029,,1560.0,or:generator:266402,,263.64,2029,34.4,-118.3,0.21498359350424684
Louisville Gas & Electric Co:LGE-GIS-2019-025:PV,Solar,99.0,,IA Executed,0.7,37.826746,-85.423043,9/1/2028,,128.7,or:generator:266422,,90.09,2028,38.0,-85.0,0.45714585021085546
PGE:21-098:PV,Solar,250.0,,IA Executed,0.7,44.70261,-121.147714,2/1/2034,,325.0,or:generator:266497,,227.5,2034,44.3,-121.0,0.4288522331712875
Aurora Solar:PV,Solar,60.0,,Studies Undergoing,0.034,46.959612,-118.840875,2/1/2029,,78.0,or:generator:266501,,2.652,2029,47.0,-119.2,0.3613889264615122
TEP:86:PV,Solar,250.0,,IA Executed,0.7,34.876702,-109.255533,9/1/2028,,325.0,or:generator:266511,,227.5,2028,35.3,-109.3,0.4256271970786124
Juniper Spring:PV,Solar,250.0,EDF Renewables,IA Executed,0.7,35.238188,-109.2989,9/1/2028,,325.0,or:generator:266666,,227.5,2028,35.3,-109.3,0.061821786968669204
Pinyon Solar Project: PV,Solar,300.0,Avantus,IA Executed,0.7,32.994979,-112.201733,9/1/2028,,390.0,or:generator:266730,,273.0,2028,32.6,-112.0,0.44351393859720034
LADWP:210413000000:PV,Solar,350.0,,Pre-Study,0.063,35.234284,-118.044785,9/1/2029,,455.0,or:generator:266762,,28.665,2029,35.3,-118.3,0.2635399189515614
LADWP:190305000000:PV,Solar,250.0,,Studies Undergoing,0.398,35.797066,-115.005901,5/1/2029,,325.0,or:generator:266771,,129.35,2029,36.2,-114.7,0.5058964618941275
VS RXI Panorama City: VSRPC,Solar,1.0,,Pre-Study,0.084,34.21,-118.44,9/1/2029,,1.3,or:generator:266835,,0.1092,2029,34.4,-118.3,0.23600847442411743
Putnam Meadow Solar Station: PTNM,Solar,4.0,Glenvale Solar,Pre-Study,0.196,41.902261,-71.91154,11/1/2030,,5.2,or:generator:266885,,1.0192,2030,41.6,-71.5,0.510614222012081
Warren Meadow Solar Station: WMSS,Solar,74.5,Glenvale Solar,IA Executed,0.65,44.16061,-69.22341,12/1/2028,,96.9,or:generator:266948,,62.985,2028,44.3,-68.8,0.4457640633788272
VS RXI 8520 Balboa: VSPRC,Solar,1.0,,Pre-Study,0.084,34.22,-118.5,9/1/2029,,1.0,or:generator:266961,,0.084,2029,34.4,-118.3,0.2690724809414762
Findley PV and BESS: GR16P,Solar,50.3,Gransolar Group,Studies Undergoing,0.054,31.6521,-96.77497,4/1/2029,,65.4,or:generator:267618,,3.5316,2029,31.7,-96.7,0.08896578499624928
Aster Solar,Solar,160.5,Origis Energy,Studies Undergoing,0.054,29.771968,-97.959485,6/1/2029,,208.7,or:generator:267629,,11.2698,2029,29.9,-97.6,0.3816040595289888
Moonstone Solar Project,Solar,145.8,Ignis TX Solar One LLC,IA Executed,0.8,29.22484,-98.25381,3/1/2029,,189.6,or:generator:267682,,151.68,2029,29.0,-98.5,0.3334104702915004
Naduah Solar: NDUAH,Solar,102.3,Gransolar Group,Studies Undergoing,0.054,31.521467,-96.67385,4/1/2029,,133.0,or:generator:267711,,7.182,2029,31.7,-96.7,0.18043795218578426
Dovetail Solar 1,Solar,666.1,Hecate Energy,Studies Undergoing,0.054,33.057097,-97.907206,4/1/2029,,865.9,or:generator:267778,,46.7586,2029,33.5,-97.6,0.5390163205738819
Utley Solar,Solar,221.8,Azora America,IA Executed,0.8,31.81972,-96.065736,5/1/2028,,288.3,or:generator:267796,,230.64,2028,31.7,-95.8,0.2914592597534042
Morning Glory Solar,Solar,122.4,Bridgelink Renewable Energy Investments,Studies Undergoing,0.054,31.439461,-99.896227,4/1/2029,,159.1,or:generator:267863,,8.5914,2029,31.7,-100.3,0.4805342922726741
Quarter Ranch Solar: GRS3,Solar,154.1,Gransolar Group,Studies Undergoing,0.054,27.32817,-99.41217,4/1/2029,,200.3,or:generator:267921,,10.8162,2029,27.2,-99.4,0.12874648655400325
Rock N' Roll Solar SLF,Solar,152.0,Lydian Energy,Studies Undergoing,0.054,29.354898,-95.420434,4/1/2029,,197.6,or:generator:267990,,10.6704,2029,29.0,-95.8,0.5196373146339635
Boxcar Solar 2,Solar,251.3,EDF Renewables,Studies Undergoing,0.054,32.449322,-97.079119,4/1/2029,,326.7,or:generator:267993,,17.6418,2029,32.6,-96.7,0.4079645521917339
Payne Battlecreek Solar: GRS10,Solar,85.0,Gransolar Group,IA Executed,0.8,31.852503,-96.75536,3/1/2028,,110.5,or:generator:268019,,88.4,2028,31.7,-96.7,0.16224023733032156
Lampe Solar: GRS7,Solar,60.2,Gransolar Group,Studies Undergoing,0.225,30.27111,-96.47182,4/1/2029,,78.3,or:generator:268058,,17.6175,2029,29.9,-96.7,0.43564750027976207
Earthwise Solar,Solar,370.5,Quanah Solar 2,Studies Undergoing,0.09,34.372425,-100.091796,4/1/2029,,481.7,or:generator:268101,,43.353,2029,34.4,-100.3,0.21002210893379256
Forts Trail Solar,Solar,201.0,Solvent Energy,IA Executed,0.8,32.11736,-100.155,4/1/2029,,261.3,or:generator:268136,,209.04,2029,31.7,-100.3,0.44183070241892164
Blarney Solar,Solar,81.5,IGS Energy,IA Executed,0.8,33.186709,-95.799867,3/1/2028,,105.9,or:generator:268189,,84.72,2028,33.5,-95.8,0.3132910282309401
St. Gall Solar,Solar,207.0,Jupiter Power,Studies Undergoing,0.054,30.930733,-102.956297,4/1/2029,,269.1,or:generator:268234,,14.5314,2029,30.8,-103.0,0.13784436694330046
Despain Solar: GRS13,Solar,236.2,Gransolar Group,Studies Undergoing,0.054,29.282259,-100.2098,4/1/2029,,307.1,or:generator:268260,,16.5834,2029,29.0,-100.3,0.296321081060729
Braswell Solar: GRS9,Solar,44.2,Gransolar Group,Studies Undergoing,0.054,31.34904,-97.21786,4/1/2029,,57.5,or:generator:268266,,3.105,2029,31.7,-97.6,0.5188486303345078
Eytcheson Solar: EYTCH,Solar,76.4,Gransolar Group,Studies Undergoing,0.054,31.872617,-96.7,4/1/2029,,99.3,or:generator:268280,,5.3622,2029,31.7,-96.7,0.17261700000000246
Owens Solar,Solar,203.5,Belltown Power,Studies Undergoing,0.054,31.689535,-97.379726,4/1/2029,,264.6,or:generator:268288,,14.2884,2029,31.7,-97.6,0.2205224507867515
GRIMES SOLAR,Solar,153.5,Repsol Renewables NA,Studies Undergoing,0.054,30.577205,-95.933765,4/1/2029,,199.5,or:generator:268507,,10.773,2029,30.8,-95.8,0.2598666720647336
Grandslam Solar,Solar,121.9,Caprock Renewables,IA Executed,0.8,28.825173,-98.475045,3/1/2028,,158.5,or:generator:268669,,126.8,2028,29.0,-98.5,0.1765990712149995
Hiru Solar,Solar,604.0,Hecate Energy,Studies Undergoing,0.09,34.08521,-99.14527,4/1/2029,,785.2,or:generator:268674,,70.668,2029,34.4,-99.4,0.40494458509777115
Tabor Solar,Solar,506.4,Chermac Energy Corporation,Studies Undergoing,0.09,34.384637,-99.939467,4/1/2029,,658.3,or:generator:268685,,59.247,2029,34.4,-100.3,0.36086017494038153
Yellow Viking Solar: 1,Solar,170.0,Osaka Gas,IA Executed,0.8,32.314353,-97.615907,3/1/2028,,221.0,or:generator:268719,,176.8,2028,32.6,-97.6,0.286089568593479
SP TX-12B Phase III,Solar,40.0,RWE Renewables,Studies Undergoing,0.054,31.247864,-102.266269,4/1/2029,,52.0,or:generator:268721,,2.808,2029,30.8,-102.1,0.4777316640719968
Lan Solar SLF,Solar,182.2,Eurowind Energy,Studies Undergoing,0.054,33.627997,-96.366911,4/1/2029,,236.9,or:generator:268724,,12.7926,2029,33.5,-96.7,0.3568354157451315
Two Rivers Solar: TRS,Solar,214.0,Apex Clean Energy,Studies Undergoing,0.225,30.864236,-96.742102,6/1/2029,,278.2,or:generator:268730,,62.595,2029,30.8,-96.7,0.07680391982184027
Boxcar Solar,Solar,355.8,EDF Renewables,Studies Undergoing,0.054,32.160144,-96.87115,4/1/2029,,462.6,or:generator:268748,,24.9804,2029,32.6,-96.7,0.47198053268752316
Wang Solar SLF,Solar,145.0,Belltown Power,Studies Undergoing,0.054,31.463835,-96.986384,4/1/2029,,188.5,or:generator:268761,,10.179,2029,31.7,-96.7,0.3712003538266078
Skull Creek Solar,Solar,137.0,hep Peak Clean Energy,IA Executed,0.8,31.822913,-95.859441,3/1/2028,,178.1,or:generator:268763,,142.48,2028,31.7,-95.8,0.13653145443450357
LUBIO SOLAR,Solar,54.5,ABEI Energy,IA Executed,0.8,32.645137,-96.452406,4/1/2028,,70.8,or:generator:268782,,56.64,2028,32.6,-96.7,0.25167466619626805
Percy Farm Solar,Solar,198.6,Horus Capital,Studies Undergoing,0.054,28.823624,-96.11323,5/1/2029,,258.2,or:generator:268851,,13.9428,2029,29.0,-95.8,0.35947395771599805
Horseshoe Bend Solar,Solar,301.1,Enlight Renewable Energy,Studies Undergoing,0.054,31.526707,-99.246954,4/1/2029,,391.4,or:generator:268863,,21.1356,2029,31.7,-99.4,0.23120022051244107
Ion Solar (TX): ION,Solar,384.0,Alpin Sun,Studies Undergoing,0.225,32.446606,-97.071366,6/1/2028,,499.2,or:generator:268947,,112.32,2028,32.6,-96.7,0.40179898605147785
Razorbill Solar,Solar,240.0,RWE Renewables,Studies Undergoing,0.054,28.797966,-96.044412,4/1/2029,,312.0,or:generator:268960,,16.848,2029,29.0,-95.8,0.3171040253607623
Scarlet Solar,Solar,180.0,GGS Energy,Studies Undergoing,0.09,34.512802,-102.043631,4/1/2029,,234.0,or:generator:268980,,21.06,2029,34.4,-102.1,0.12610216241206681
Dori BQ Solar,Solar,50.4,BQ Energy,IA Executed,0.8,29.671696,-95.368248,3/1/2028,,65.5,or:generator:269011,,52.4,2028,29.9,-95.8,0.4883978971289717
Big River Solar,Solar,104.4,JERA Americas,Studies Undergoing,0.054,26.951329,-99.230436,4/1/2029,,135.7,or:generator:269022,,7.3278,2029,27.2,-99.4,0.3009804251724717
Triple B Solar Alt#2,Solar,150.0,Triple B Energy,Studies Undergoing,0.054,31.22977,-98.15935,4/1/2029,,195.0,or:generator:269062,,10.53,2029,30.8,-98.5,0.5484019286982821
Tri-X Solar 1 SLF,Solar,201.5,Arrington Solar,IA Executed,0.8,31.337093,-102.612669,3/1/2028,,262.0,or:generator:269065,,209.6,2028,31.7,-103.0,0.5307794214266435
Leitrim Solar Park: LEGSP,Solar,91.2,Greenalia,Studies Undergoing,0.054,31.79623,-97.20278,4/1/2029,,118.6,or:generator:269082,,6.4044,2029,31.7,-97.6,0.40871009444347295
Maleza Solar II,Solar,255.0,SunChase Power,Studies Undergoing,0.054,29.029735,-96.236986,4/1/2029,,331.5,or:generator:269083,,17.901,2029,29.0,-95.8,0.43799650046661776
Erin: 1,Solar,202.0,Horus Capital,IA Executed,0.8,29.165756,-96.00612,12/1/2029,,262.6,or:generator:269084,,210.08,2029,29.0,-95.8,0.2645004838105194
Lueders Solar,Solar,40.0,GGS Energy,Studies Undergoing,0.054,33.109918,-99.818428,12/1/2029,,52.0,or:generator:269086,,2.808,2029,33.5,-99.4,0.5720541564467412
TAIN SOLAR,Solar,37.5,ABEI Energy,Studies Undergoing,0.054,29.869202,-97.656248,4/1/2029,,48.8,or:generator:269099,,2.6352,2029,29.9,-97.6,0.0641276407487523
Opuntia Solar SLF,Solar,102.0,RES Renewables,Studies Undergoing,0.054,28.490145,-97.102085,4/1/2029,,132.7,or:generator:269101,,7.1658,2029,28.1,-96.7,0.5602548243879719
Castro Solar,Solar,224.7,Gryffin Partners,IA Executed,0.8,34.557212,-102.05519,9/1/2028,,334.0,or:generator:269105,,267.2,2028,34.4,-102.1,0.16347338940635028
Nockenut Springs Solar 3,Solar,201.4,MAP Energy,Studies Undergoing,0.054,29.466591,-98.000507,6/1/2029,,261.8,or:generator:269123,,14.1372,2029,29.9,-97.6,0.5901264426629276
Stem Solar,Solar,200.0,GGS Energy,Studies Undergoing,0.09,34.43222,-101.3595,4/1/2029,,260.0,or:generator:269131,,23.4,2029,34.4,-101.2,0.16272178219279157
Iguala Solar,Solar,250.0,Recurrent Energy,IA Executed,0.8,28.690522,-96.761719,2/1/2029,,325.0,or:generator:269136,,260.0,2029,29.0,-96.7,0.3155722856098087
Galactic Solar,Solar,205.2,UKA North America,IA Executed,0.8,33.751742,-96.853559,3/1/2028,,266.8,or:generator:269151,,213.44,2028,33.5,-96.7,0.2948803164760247
Charolais Solar,Solar,262.0,RWE Renewables,Studies Undergoing,0.054,28.731387,-96.13978,4/1/2029,,340.6,or:generator:269193,,18.3924,2029,29.0,-95.8,0.4331320724317264
MAKALU SOLAR,Solar,50.2,ABEI Energy,Studies Undergoing,0.054,33.171995,-96.125898,4/1/2029,,65.2,or:generator:269206,,3.5208,2029,33.5,-95.8,0.4623816458608672
Atria Solar,Solar,112.4,BP,Studies Undergoing,0.225,29.702358,-94.74442,10/1/2028,,146.1,or:generator:269241,,32.8725,2028,29.9,-94.9,0.25153030943407095
Pisgah Ridge Solar 2,Solar,102.0,Deriva Energy,Studies Undergoing,0.054,31.964127,-96.518075,4/1/2029,,132.6,or:generator:269251,,7.1604,2029,31.7,-96.7,0.3207175981358109
Oystercatcher Solar: OCPV1,Solar,197.0,Cardinal Investment,IA Executed,0.8,32.194697,-96.913876,3/1/2028,,256.1,or:generator:269258,,204.88,2028,32.6,-96.7,0.4582722609813979
BRP Springbok Solar,Solar,202.4,ENGIE,Studies Undergoing,0.09,33.894788,-101.812168,4/1/2029,,263.1,or:generator:269308,,23.679,2029,33.5,-102.1,0.4885742780458214
Velociraptor Solar I,Solar,242.0,Origis Energy,Studies Undergoing,0.054,31.586643,-102.95807,12/1/2029,,314.6,or:generator:269313,,16.9884,2029,31.7,-103.0,0.12086328784622566
Shaula III Solar,Solar,205.2,Lightsource BP,Studies Undergoing,0.054,29.047613,-97.125165,4/1/2029,,266.8,or:generator:269318,,14.4072,2029,29.0,-96.7,0.427822714443721
Kalina Solar,Solar,120.0,Avangrid,Studies Undergoing,0.054,28.082431,-97.571569,5/1/2029,,156.0,or:generator:269319,,8.424,2029,28.1,-97.6,0.03342142309956186
Pearl Crescent Solar,Solar,208.4,RWE Renewables,Studies Undergoing,0.054,29.706419,-96.456575,4/1/2029,,270.9,or:generator:269361,,14.6286,2029,29.9,-96.7,0.3110133987242355
Eighteenmile Solar SLF,Solar,153.1,RES Renewables,Studies Undergoing,0.054,28.861577,-97.392794,4/1/2029,,199.0,or:generator:269377,,10.746,2029,29.0,-97.6,0.24918919191048314
Clutch City Solar Phase I,Solar,200.8,Clearway Energy,IA Executed,0.8,29.362482,-95.203539,7/1/2028,,261.0,or:generator:269408,,208.8,2028,29.0,-94.9,0.4727886682705079
Soda Lake Solar 2 SLF,Solar,202.0,Crane Solar Generating 2,IA Executed,0.8,31.443083,-102.5912,3/1/2028,,262.6,or:generator:269410,,210.08,2028,31.7,-103.0,0.482828939572804
Sunbelt Solar,Solar,82.0,ENGIE,Studies Undergoing,0.054,32.660853,-96.403089,4/1/2029,,106.6,or:generator:269411,,5.7564,2029,32.6,-96.7,0.30308287567925263
Pink Solar SLF,Solar,152.4,Eurowind Energy,IA Executed,0.8,33.177226,-95.984205,7/1/2029,,198.1,or:generator:269421,,158.48,2029,33.5,-95.8,0.3716376422013838
Goodalta Solar,Solar,221.4,Greenfields Solar,Studies Undergoing,0.225,32.086739,-96.164654,10/1/2028,,287.8,or:generator:269431,,64.755,2028,31.7,-95.8,0.5315445360804707
Kinenos Solar,Solar,203.2,"Encino del Sol Energy, LLC",Studies Undergoing,0.054,26.344886,-98.186663,12/1/2029,,264.1,or:generator:269484,,14.2614,2029,26.3,-98.5,0.3165356671293181
Lumen Farm Solar SLF,Solar,201.0,Zelestra,Studies Undergoing,0.054,32.030915,-95.39153,4/1/2029,,261.4,or:generator:269486,,14.1156,2029,31.7,-95.8,0.5256923797478862
Old Aqueduct Solar,Solar,512.0,Jupiter Power,Studies Undergoing,0.09,33.870089,-101.815617,4/1/2029,,665.6,or:generator:269590,,59.904,2029,33.5,-102.1,0.466732855721552
CH Solterra,Solar,143.0,Belltown Power,Studies Undergoing,0.054,33.203799,-95.365257,4/1/2029,,185.9,or:generator:269592,,10.0386,2029,33.5,-95.8,0.5260575143936258
Roscommon Solar Park: ROGSP,Solar,82.8,Greenalia,Studies Undergoing,0.054,33.630216,-96.366341,4/1/2029,,107.6,or:generator:269611,,5.8104,2029,33.5,-96.7,0.3581683053216706
McClure Solar,Solar,105.7,Belltown Power,Studies Undergoing,0.054,32.931588,-98.143729,4/1/2029,,137.4,or:generator:269651,,7.4196,2029,32.6,-98.5,0.4867028119756474
Loma Pinta Solar,Solar,203.1,Bordas Renewable Energy,Studies Undergoing,0.054,28.373935,-99.194885,4/1/2029,,264.0,or:generator:269675,,14.256,2029,28.1,-99.4,0.3422171057238395
Gigawatt Solar: GWT1,Solar,429.0,Alpin Sun,IA Executed,0.8,32.547389,-97.59792,12/1/2028,,557.7,or:generator:269685,,446.16,2028,32.6,-97.6,0.052652100822282936
Bottom Grass Solar,Solar,509.0,Enel Green Power,IA Executed,0.8,29.477609,-96.525444,3/1/2028,,661.7,or:generator:269704,,529.36,2028,29.9,-96.7,0.45703824130700627
Accalia Point Solar: 66666,Solar,190.5,Westbridge Renewable Energy,Studies Undergoing,0.054,26.101243,-97.838092,5/1/2029,,247.7,or:generator:269712,,13.3758,2029,26.3,-97.6,0.31014858618572555
Mountaineer Solar,Solar,332.1,NorthRenew Energy,Studies Undergoing,0.054,31.534525,-99.190619,4/1/2029,,431.7,or:generator:269717,,23.3118,2029,31.7,-99.4,0.2668752120111634
Poco Trail Solar,Solar,438.8,Orsted,Studies Undergoing,0.09,34.089196,-99.144011,4/1/2029,,570.4,or:generator:269770,,51.336,2029,34.4,-99.4,0.4026530696977215
Grasshopper Solar,Solar,407.7,Orsted,Studies Undergoing,0.09,33.356217,-99.609326,4/1/2029,,530.0,or:generator:269965,,47.7,2029,33.5,-99.4,0.2539506356853545
Sierra Madre Solar,Solar,255.2,ENGIE,Studies Undergoing,0.054,26.809434,-99.134104,4/1/2029,,331.7,or:generator:269989,,17.9118,2029,27.2,-99.4,0.47248543170346136
Dragan Solar,Solar,411.0,Hecate Energy,Studies Undergoing,0.054,31.96197,-98.463758,4/1/2029,,534.3,or:generator:270126,,28.8522,2029,31.7,-98.5,0.2644650514983047
Skylab Solar,Solar,609.7,EDF Renewables,Studies Undergoing,0.054,28.806276,-96.047453,4/1/2029,,792.7,or:generator:270134,,42.8058,2029,29.0,-95.8,0.3142641808813143
Moxley Solar:PV,Solar,120.0,,Studies Undergoing,0.052,33.092121,-82.970741,2/1/2029,,156.0,or:generator:272714,,8.112,2029,33.5,-83.2,0.4678941843216268
Cherry Tree Solar:PV,Solar,150.0,Georgia Power,Studies Undergoing,0.052,32.844789,-82.915865,2/1/2029,,195.0,or:generator:272716,,10.14,2029,32.6,-83.2,0.37503913495261026
Cherry Blossom Solar:PV,Solar,150.0,,Studies Undergoing,0.04,32.589918,-83.251605,5/1/2029,,195.0,or:generator:272730,,7.8,2029,32.6,-83.2,0.052580630930025636
All Star Solar:PV,Solar,95.0,,Studies Undergoing,0.052,31.812564,-82.138744,2/1/2029,,123.5,or:generator:272804,,6.422,2029,31.7,-82.3,0.19665744743588534
Selma Energy Center,Solar,157.0,NextEra Energy Resources,Studies Undergoing,0.095,32.891021,-111.541782,5/1/2029,,204.1,or:generator:272809,,19.3895,2029,32.6,-111.1,0.5290222660389668
GI-161: PV,Solar,125.0,,Studies Undergoing,0.052,33.187415,-84.565727,2/1/2029,,162.5,or:generator:272835,,8.45,2029,33.5,-85.0,0.5350723509526567
Dellwood Solar:PV,Solar,150.0,,Studies Undergoing,0.052,32.494726,-82.171565,2/1/2029,,195.0,or:generator:272838,,10.14,2029,32.6,-82.3,0.16606674652379774
Thundering Springs:PV,Solar,240.0,,Studies Undergoing,0.052,32.320582,-82.920041,2/1/2029,,312.0,or:generator:272863,,16.224,2029,32.6,-83.2,0.395539454928333
IID:GI-2021-147:PV,Solar,75.0,,Pre-Study,0.04,33.181007,-115.217967,9/1/2029,,97.5,or:generator:273009,,3.9,2029,33.5,-115.6,0.4977004592503344
Long Cane Solar:PV,Solar,80.0,,Studies Undergoing,0.036,33.009568,-85.115894,5/1/2029,,104.0,or:generator:273188,,3.744,2029,32.6,-85.0,0.4256493461289463
Talbot Solar:PV,Solar,150.0,,Studies Undergoing,0.052,32.827541,-84.482799,2/1/2029,,195.0,or:generator:273211,,10.14,2029,32.6,-84.1,0.44532008834320747
JEA:JEA-Q009:PV,Solar,75.0,,Studies Undergoing,0.127,30.381825,-81.74312,5/1/2029,,97.5,or:generator:273283,,12.3825,2029,30.8,-81.4,0.5409266725028454
Bear Bin Solar:PV,Solar,150.0,Invenergy,Studies Undergoing,0.052,31.866113,-84.567127,2/1/2029,,195.0,or:generator:273299,,10.14,2029,31.7,-85.0,0.463651337642846
RV Solar:PV,Solar,100.0,,Studies Undergoing,0.052,32.004649,-82.063448,2/1/2029,,130.0,or:generator:273351,,6.76,2029,31.7,-82.3,0.3857043711250915
Puget Sound Energy Inc:49:PV,Solar,100.0,,IA Executed,0.7,46.965378,-120.301858,9/1/2028,,130.0,or:generator:273525,,91.0,2028,47.0,-120.1,0.20480560306788606
Dawson Solar:PV,Solar,150.0,,Studies Undergoing,0.052,31.682223,-84.386345,2/1/2029,,195.0,or:generator:273527,,10.14,2029,31.7,-84.1,0.28689628919525345
Limestone Solar:PV,Solar,150.0,,Studies Undergoing,0.052,32.078171,-84.232397,2/1/2029,,195.0,or:generator:273565,,10.14,2029,31.7,-84.1,0.40067726520230934
Northwestern Energy:419:PV,Solar,300.0,,Studies Undergoing,0.04,45.762909,-107.687477,5/1/2029,,390.0,or:generator:273605,,15.6,2029,46.1,-107.5,0.38571747148658053
Broadview Solar II:PV,Solar,300.0,ENGIE,IA Executed,0.7,46.051498,-108.851868,9/1/2028,,390.0,or:generator:273636,,273.0,2028,46.1,-109.3,0.4507490803407156
Huisache Solar,Solar,126.0,ENI Plenitude,IA Executed,0.8,29.468179,-97.999197,6/1/2029,,163.8,or:generator:275549,,131.04,2029,29.9,-97.6,0.5880711018660926
Dovetail Solar 2,Solar,666.1,Hecate Energy,Studies Undergoing,0.054,33.059228,-97.91998,4/1/2029,,865.9,or:generator:275587,,46.7586,2029,33.5,-97.6,0.5446716041653016
Kennedy Solar,Solar,102.0,ENGIE,Studies Undergoing,0.054,31.954965,-97.861293,4/1/2029,,132.6,or:generator:275592,,7.1604,2029,31.7,-97.6,0.3650769550026485
IP Meitner Solar: MEITS,Solar,702.6,Intersect Power,IA Executed,0.8,35.562222,-100.6941,3/1/2028,,650.0,or:generator:275595,,520.0,2028,35.3,-100.3,0.4733658070499047
PacifiCorp:C2-168:PV,Solar,70.0,PacifiCorp,Studies Undergoing,0.01,38.90542,-111.24521,5/1/2029,,91.0,or:generator:277390,,0.91,2029,38.9,-111.1,0.14531111622997636
Seminole Solar Projects: PV1,Solar,80.0,Urban Grid,Studies Undergoing,0.032,30.5292,-87.5922,5/1/2029,,104.0,or:generator:277424,,3.328,2029,30.8,-87.7,0.29146780268153144
PacifiCorp:C2-175:PV,Solar,80.0,"Blue Mountain Solar, LLC",IA Executed,0.7,45.632468,-118.746096,12/1/2028,,104.0,or:generator:277431,,72.8,2028,45.2,-118.3,0.6213132963650444
PacifiCorp:C2-187:PV,Solar,320.0,,Studies Undergoing,0.01,43.015352,-120.966156,5/1/2029,,416.0,or:generator:277440,,4.16,2029,43.4,-121.0,0.38613404439391125
Bonneville:G0753:PV,Solar,215.0,,Studies Undergoing,0.02,47.794718,-119.660412,5/1/2029,,279.5,or:generator:277442,,5.59,2029,47.9,-120.1,0.45201981070302605
PacifiCorp:C2-72:PV,Solar,300.0,,Studies Undergoing,0.064,40.48009,-112.49673,5/1/2029,,390.0,or:generator:277444,,24.96,2029,40.7,-112.9,0.45933332232705215
PacifiCorp:C2-56:PV,Solar,199.0,,Studies Undergoing,0.064,40.475887,-112.492478,5/1/2029,,258.7,or:generator:277480,,16.5568,2029,40.7,-112.9,0.4650815167828123
Florida Power & Light Co:437:PV,Solar,75.0,,Studies Undergoing,0.127,27.613869,-82.354302,5/1/2029,,97.5,or:generator:277486,,12.3825,2029,27.2,-82.3,0.41741616687066907
Bonneville:G0712:PV,Solar,448.0,,Studies Undergoing,0.04,45.51438,-120.56145,5/1/2029,,582.4,or:generator:277487,,23.296,2029,45.2,-121.0,0.5395932606139606
Florida Power & Light Co:433:PV,Solar,75.0,,Studies Undergoing,0.127,27.440529,-82.052281,5/1/2029,,97.5,or:generator:277489,,12.3825,2029,27.2,-82.3,0.34528090419541424
Florida Power & Light Co:465:PV,Solar,75.0,,Studies Undergoing,0.127,26.170044,-81.747845,5/1/2029,,97.5,or:generator:277502,,12.3825,2029,26.3,-81.4,0.37132829943460366
Florida Power & Light Co:452:PV,Solar,75.0,,Studies Undergoing,0.127,27.342235,-80.25245,5/1/2029,,97.5,or:generator:277503,,12.3825,2029,27.2,-80.5,0.28550271053879994
Bonneville:G0715:PV,Solar,200.0,,Studies Undergoing,0.028,45.23472,-120.90045,5/1/2029,,260.0,or:generator:277505,,7.28,2029,45.2,-121.0,0.1054309295225966
PacifiCorp:C2-173:PV,Solar,199.0,,Studies Undergoing,0.01,43.021054,-120.956252,5/1/2029,,258.7,or:generator:277518,,2.587,2029,43.4,-121.0,0.38146291880076466
Bonneville:G0747:PV,Solar,200.0,Copenhagen Infrastructure Partners,Studies Undergoing,0.023,43.654768,-121.45348,5/1/2029,,260.0,or:generator:277524,,5.98,2029,43.4,-121.9,0.5140883622724844
Bonneville:G0711:PV,Solar,300.0,,Studies Undergoing,0.04,45.469848,-120.552658,5/1/2029,,390.0,or:generator:277527,,15.6,2029,45.2,-121.0,0.5224297159121056
PacifiCorp:C2-205:PV,Solar,150.0,,Studies Undergoing,0.064,41.810204,-112.061643,5/1/2029,,195.0,or:generator:277532,,12.48,2029,41.6,-112.0,0.2190561139639781
PacifiCorp:C2-58:PV,Solar,199.0,,Studies Undergoing,0.064,40.263942,-112.020497,5/1/2029,,258.7,or:generator:277533,,16.5568,2029,40.7,-112.0,0.43653946714243674
Cholla Solar & Storage: BESS,Solar,750.0,Hecate Energy,Studies Undergoing,0.016,34.937079,-110.313232,5/1/2029,,975.0,or:generator:277544,,15.6,2029,35.3,-110.2,0.38017514130331986
Panther Path Solar,Solar,80.0,Hecate Energy,Studies Undergoing,0.036,31.300072,-85.580095,5/1/2029,,104.0,or:generator:277545,,3.744,2029,31.7,-85.9,0.5121343712435272
Seminole Solar Projects: PV,Solar,80.0,Urban Grid,Studies Undergoing,0.032,30.5286,-87.4986,5/1/2029,,104.0,or:generator:277550,,3.328,2029,30.8,-87.7,0.3379643768209937
Lava Solar,Solar,300.0,Hecate Energy,Studies Undergoing,0.159,37.799753,-113.149298,5/1/2029,,390.0,or:generator:277555,,62.01,2029,38.0,-112.9,0.31976296504285323
Florida Power & Light Co:438:PV,Solar,75.0,,Studies Undergoing,0.127,26.693828,-81.596465,5/1/2029,,97.5,or:generator:277584,,12.3825,2029,26.3,-81.4,0.4401124740438461
PacifiCorp:C2-152:PV,Solar,320.0,,Studies Undergoing,0.016,43.670142,-119.037547,5/1/2029,,416.0,or:generator:277638,,6.656,2029,43.4,-119.2,0.3152263906670882
PacifiCorp:C2-182:PV,Solar,320.0,,Studies Undergoing,0.016,43.664903,-119.055276,5/1/2029,,416.0,or:generator:277670,,6.656,2029,43.4,-119.2,0.3018586351009377
Florida Power & Light Co:454:PV,Solar,75.0,,Studies Undergoing,0.127,27.352845,-80.23945,7/1/2029,,97.5,or:generator:277678,,12.3825,2029,27.2,-80.5,0.30207266762320145
Harmon Solar: PV,Solar,300.0,Balanced Rock Power,IA Executed,0.7,42.421661,-112.165378,9/1/2028,,390.0,or:generator:277681,,273.0,2028,42.5,-112.0,0.1829942124904536
Arizona Public Service:Q463:PV,Solar,150.0,,Studies Undergoing,0.24,32.973934,-112.688144,5/1/2029,,195.0,or:generator:277703,,46.8,2029,32.6,-112.9,0.4297785488969915
PacifiCorp:C2-203:PV,Solar,400.0,Copenhagen Infrastructure Partners,Studies Undergoing,0.01,42.573707,-121.729575,5/1/2029,,520.0,or:generator:277727,,5.2,2029,42.5,-121.9,0.1856809157506576
Bonneville:G0716:PV,Solar,100.0,,Studies Undergoing,0.016,46.23156,-119.581525,5/1/2029,,130.0,or:generator:277767,,2.08,2029,46.1,-119.2,0.4035707611125926
Florida Power & Light Co:444:PV,Solar,75.0,,Studies Undergoing,0.127,27.350225,-80.25121,5/1/2029,,97.5,or:generator:277771,,12.3825,2029,27.2,-80.5,0.2906269339290484
PacifiCorp:C2-06:PV,Solar,80.0,,IA Executed,0.7,44.278732,-121.206163,12/1/2036,,104.0,or:generator:277782,,72.8,2036,44.3,-121.0,0.20725711180319356
Bonneville:G0738:PV,Solar,60.0,,Studies Undergoing,0.016,45.847417,-119.626478,5/1/2029,,78.0,or:generator:277793,,1.248,2029,46.1,-119.2,0.49566284546353007
Bonneville:G0689:PV,Solar,13.0,,Studies Undergoing,0.02,46.57262,-119.504936,5/1/2029,,16.9,or:generator:277808,,0.338,2029,47.0,-119.2,0.5250139317161004
Florida Power & Light Co:358A:PV,Solar,50.0,,Studies Undergoing,0.032,30.901757,-85.699142,5/1/2029,,65.0,or:generator:277814,,2.08,2029,30.8,-85.9,0.22516310357828212
Bonneville:G0691:PV,Solar,100.0,,Studies Undergoing,0.016,46.222549,-119.652537,5/1/2029,,130.0,or:generator:277817,,2.08,2029,46.1,-120.1,0.4639411533481364
Seminole Solar Projects: PV3,Solar,80.0,Urban Grid,Studies Undergoing,0.032,30.5286,-87.4986,5/1/2029,,104.0,or:generator:277842,,3.328,2029,30.8,-87.7,0.3379643768209937
Bonneville:G0706:PV,Solar,100.0,,Studies Undergoing,0.016,45.701219,-120.163874,5/1/2029,,130.0,or:generator:277855,,2.08,2029,46.1,-120.1,0.40386405365791256
Bonneville:G0714:PV,Solar,200.0,,Studies Undergoing,0.04,45.239865,-120.896851,5/1/2029,,260.0,or:generator:277856,,10.4,2029,45.2,-121.0,0.1105845125955724
BlackHills:BHCT G35:PV,Solar,150.0,,Pre-Study,0.019,38.222206,-104.584862,9/1/2029,,195.0,or:generator:277858,,3.705,2029,38.0,-104.8,0.30928929092355956
Arizona Public Service:Q443:PV,Solar,300.0,,Studies Undergoing,0.24,32.646452,-113.890823,5/1/2029,,390.0,or:generator:277881,,93.6,2029,32.6,-113.8,0.10201277191116609
Arizona Public Service:Q401:PV,Solar,700.0,,Studies Undergoing,0.016,35.832095,-111.440308,5/1/2029,,910.0,or:generator:277900,,14.56,2029,36.2,-111.1,0.5011622730104545
PacifiCorp:C2-08:PV,Solar,80.0,,IA Executed,0.7,44.265332,-121.210393,12/1/2036,,104.0,or:generator:277909,,72.8,2036,44.3,-121.0,0.21323012140173392
Braga:PV,Solar,365.0,,Studies Undergoing,0.045,44.4829,-121.019581,5/1/2029,,474.5,or:generator:277913,,21.3525,2029,44.3,-121.0,0.18394516998551882
Florida Power & Light Co:455:PV,Solar,75.0,,Studies Undergoing,0.127,27.342075,-80.24279,4/1/2030,,97.5,or:generator:277964,,12.3825,2030,27.2,-80.5,0.2938405855646916
PacifiCorp:C2-114:PV,Solar,199.0,,IA Executed,0.7,44.230388,-120.936595,12/1/2032,,258.7,or:generator:278023,,181.09,2032,44.3,-121.0,0.09415956971545852
Arizona Public Service:Q424:PV,Solar,200.0,,Studies Undergoing,0.016,34.943318,-110.305382,5/1/2029,,260.0,or:generator:278024,,4.16,2029,35.3,-110.2,0.371923937180706
Bonneville:G0732:PV,Solar,200.0,,Studies Undergoing,0.02,46.516569,-119.843303,5/1/2029,,260.0,or:generator:278029,,5.2,2029,46.1,-120.1,0.4893087793714622
PacifiCorp:C2-99:PV,Solar,166.0,DESRI,Studies Undergoing,0.064,38.918536,-111.249066,5/1/2029,,215.8,or:generator:278115,,13.8112,2029,38.9,-111.1,0.15021403280653112
Bonneville:G0713:PV,Solar,100.0,,Studies Undergoing,0.016,45.693901,-119.808296,5/1/2029,,130.0,or:generator:278132,,2.08,2029,46.1,-120.1,0.5000076213589162
PacifiCorp:C2-158:PV,Solar,199.0,,IA Executed,0.7,44.229989,-120.940381,12/1/2032,,258.7,or:generator:278138,,181.09,2032,44.3,-121.0,0.09195632268636497
Bonneville:G0694:PV,Solar,100.0,,Studies Undergoing,0.04,44.220333,-120.941409,5/1/2029,,130.0,or:generator:278142,,5.2,2029,44.3,-121.0,0.09889254860706599
PacifiCorp:C2-181:PV,Solar,80.0,,Studies Undergoing,0.01,43.011839,-120.955051,5/1/2029,,104.0,or:generator:278172,,1.04,2029,43.4,-121.0,0.39075487779680707
Arizona Public Service:Q442:PV,Solar,200.0,,Studies Undergoing,0.16,32.895677,-113.77096,5/1/2029,,260.0,or:generator:278174,,41.6,2029,32.6,-113.8,0.29709966329331033
PacifiCorp:C2-112:PV,Solar,199.0,,Studies Undergoing,0.064,40.260545,-112.023828,5/1/2029,,258.7,or:generator:278192,,16.5568,2029,40.7,-112.0,0.4401005233000772
Arizona Public Service:Q444:PV,Solar,60.0,,Studies Undergoing,0.191,35.040366,-110.713262,5/1/2029,,78.0,or:generator:278194,,14.898,2029,35.3,-111.1,0.46580692845855626
Arizona Public Service:Q310:PV,Solar,450.0,,Studies Undergoing,0.406,32.955851,-113.482228,5/1/2029,,585.0,or:generator:278202,,237.51,2029,32.6,-113.8,0.4770838272096373
PacifiCorp:C2-59:PV,Solar,199.0,,Studies Undergoing,0.01,40.25619,-112.015069,5/1/2029,,258.7,or:generator:278208,,2.587,2029,40.7,-112.0,0.4440657506057019
Bonneville:G0744:PV,Solar,100.0,,Studies Undergoing,0.02,47.099111,-119.524868,5/1/2029,,130.0,or:generator:278255,,2.6,2029,47.0,-119.2,0.33965012548944673
Florida Power & Light Co:451:PV,Solar,75.0,,Studies Undergoing,0.127,27.343605,-80.24574,5/1/2029,,97.5,or:generator:278264,,12.3825,2029,27.2,-80.5,0.29201120462235924
Arizona Public Service:Q465:PV,Solar,300.0,,Studies Undergoing,0.191,33.67936,-112.493557,5/1/2029,,390.0,or:generator:278265,,74.49,2029,33.5,-112.9,0.444258845549539
Firestone 1: PV,Solar,600.0,Hecate Energy,IA Executed,0.7,42.752936,-112.93146,10/1/2030,,780.0,or:generator:278268,,546.0,2030,42.5,-112.9,0.25488497738391497
PacifiCorp:C2-208:PV,Solar,320.0,,Studies Undergoing,0.016,43.660979,-119.055723,5/1/2029,,416.0,or:generator:278286,,6.656,2029,43.4,-119.2,0.2982044452552647
PacifiCorp:C2-09:PV,Solar,80.0,,IA Executed,0.7,44.230723,-120.93581,12/1/2036,,104.0,or:generator:278287,,72.8,2036,44.3,-121.0,0.09444394543325413
Bonneville:G0702:PV,Solar,600.0,,Studies Undergoing,0.04,44.221322,-120.932888,5/1/2029,,780.0,or:generator:278302,,31.2,2029,44.3,-121.0,0.10341299835126486
Florida Power & Light Co:425B:PV,Solar,75.0,,Studies Undergoing,0.437,30.449356,-84.691989,7/1/2033,,97.5,or:generator:278340,,42.6075,2033,30.8,-85.0,0.4667140354189011
Arizona Public Service:Q475:PV,Solar,250.0,,Studies Undergoing,0.191,33.477557,-113.032087,5/1/2029,,325.0,or:generator:278354,,62.075,2029,33.5,-112.9,0.1339800873936113
Florida Power & Light Co:447:PV,Solar,75.0,,Studies Undergoing,0.127,27.354955,-80.24293,5/1/2029,,97.5,or:generator:278356,,12.3825,2029,27.2,-80.5,0.3001600188649376
PacifiCorp:C2-115:PV,Solar,199.0,,Studies Undergoing,0.01,40.254491,-112.024453,5/1/2029,,258.7,or:generator:278395,,2.587,2029,40.7,-112.0,0.44617958076317304
PacifiCorp:C2-07:PV,Solar,80.0,,IA Executed,0.7,44.277402,-120.870203,12/1/2036,,104.0,or:generator:278404,,72.8,2036,44.3,-121.0,0.13174950023813692
Florida Power & Light Co:424B:PV,Solar,75.0,,Studies Undergoing,0.318,30.138199,-82.533086,7/1/2033,,97.5,or:generator:278415,,31.005,2033,29.9,-82.3,0.33326843084366814
Arizona Public Service:Q466:PV,Solar,1000.0,Balanced Rock Power,Studies Undergoing,0.1,32.686355,-114.467449,5/1/2029,,1300.0,or:generator:278417,,130.0,2029,32.6,-114.7,0.24806683298256532
PacifiCorp:C2-131:PV,Solar,199.0,,Studies Undergoing,0.064,40.467524,-111.942127,5/1/2029,,258.7,or:generator:278452,,16.5568,2029,40.7,-112.0,0.23957123096274022
Bonneville:G0722:PV,Solar,15.0,,Studies Undergoing,0.032,43.508759,-119.124868,5/1/2029,,19.5,or:generator:278591,,0.624,2029,43.4,-119.2,0.13218675238086183
PacifiCorp:C2-210:PV,Solar,80.0,,Studies Undergoing,0.016,43.672246,-119.041805,5/1/2029,,104.0,or:generator:278640,,1.664,2029,43.4,-119.2,0.31487067589885764
PacifiCorp:C2-54:PV,Solar,200.0,,IA Executed,0.7,42.84243,-114.423658,12/1/2036,,260.0,or:generator:278713,,182.0,2036,42.5,-114.7,0.4400263695098283
Arizona Public Service:Q437:PV,Solar,300.0,,Studies Undergoing,0.191,33.477517,-113.031446,5/1/2029,,390.0,or:generator:278753,,74.49,2029,33.5,-112.9,0.13335492568705223
PacifiCorp:C2-57:PV,Solar,199.0,,Studies Undergoing,0.064,40.478927,-112.496648,5/1/2029,,258.7,or:generator:278754,,16.5568,2029,40.7,-112.9,0.45996315856056535
Florida Power & Light Co:432:PV,Solar,75.0,,Studies Undergoing,0.127,27.45338,-80.469795,5/1/2029,,97.5,or:generator:278772,,12.3825,2029,27.2,-80.5,0.2551739924541678
PacifiCorp:C2-167:PV,Solar,125.0,PacifiCorp,Studies Undergoing,0.01,39.378628,-111.07534,5/1/2029,,162.5,or:generator:278809,,1.625,2029,39.8,-111.1,0.4220929731516485
Bonneville:G0745:PV,Solar,100.0,,Studies Undergoing,0.02,46.8234,-118.866004,5/1/2029,,130.0,or:generator:278810,,2.6,2029,47.0,-119.2,0.37781065100920536
PacifiCorp:C2-180:PV,Solar,80.0,,Studies Undergoing,0.01,43.666249,-119.040029,5/1/2029,,104.0,or:generator:278818,,1.04,2029,43.4,-119.2,0.3106110925932953
Florida Power & Light Co:450:PV,Solar,75.0,,Studies Undergoing,0.127,27.341025,-80.2394,4/1/2030,,97.5,or:generator:278827,,12.3825,2030,27.2,-80.5,0.29631134069589365
Caverns Solar: CVSO,Solar,75.0,BrightNight,IA Executed,0.7,30.871983,-85.29425,3/1/2029,,97.5,or:generator:278853,,68.25,2029,30.8,-85.0,0.30292674822306964
Bonneville:G0699:PV,Solar,600.0,,Studies Undergoing,0.04,44.216764,-120.935257,5/1/2029,,780.0,or:generator:278864,,31.2,2029,44.3,-121.0,0.10545087835101623
ELP Granby Solar II,Solar,20.0,East Light Partners,IA Executed,0.747,43.085155,-76.118532,4/1/2029,,26.0,or:generator:279172,,19.422,2029,43.4,-76.0,0.33641820558495245
Hollow Branch Creek 2 Solar and BESS SLF: HB2PV,Solar,460.0,Solar Proponent,Pre-Study,0.054,31.061726,-96.05606,4/1/2029,,598.0,or:generator:279614,,32.292,2029,30.8,-95.8,0.3661519120201372
Highbanks Solar: 7,Solar,20.0,Oriden,Studies Undergoing,0.434,42.737227,-77.91431,5/1/2030,,26.0,or:generator:279652,,11.284,2030,42.5,-77.8,0.2633313988665222
Hatchery Solar: 6,Solar,20.0,Oriden,Studies Undergoing,0.434,42.976583,-77.76974,5/1/2030,,26.0,or:generator:279669,,11.284,2030,43.4,-77.8,0.4244969063361951
Brouilletts Creek Solar,Solar,185.0,Apex Clean Energy,IA Executed,0.514,39.83182,-87.42895,3/1/2028,,240.5,or:generator:279747,,123.617,2028,39.8,-87.7,0.2729113682132013
GEN-2022-065,Solar,145.0,,Studies Undergoing,0.01,38.112528,-99.377772,7/1/2030,,188.5,or:generator:280643,,1.885,2030,38.0,-99.4,0.11470237472694278
GEN-2018-115,Solar,250.0,EDF Renewables,IA Executed,0.75,34.60419,-98.31423,3/1/2029,,325.0,or:generator:280873,,243.75,2029,34.4,-98.5,0.2760508087291243
Lambs Draw Solar,Solar,270.0,Doral Renewables,Studies Undergoing,0.015,37.707677,-96.803386,12/31/2028,,351.0,or:generator:280875,,5.265,2028,38.0,-96.7,0.3100667691401353
Woodward Creek Solar,Solar,288.0,Doral Renewables,IA Executed,0.75,36.312116,-99.37,6/1/2030,,374.4,or:generator:281032,,280.8,2030,36.2,-99.4,0.11606031817981606
GEN-2020-011,Solar,320.0,,IA Executed,0.75,40.545708,-99.121433,12/1/2030,,416.0,or:generator:281068,,312.0,2030,40.7,-99.4,0.3184424512419896
GEN-2022-038,Solar,180.0,,Studies Undergoing,0.103,32.573333,-94.067778,6/1/2030,,234.0,or:generator:281095,,24.102,2030,32.6,-94.0,0.07283533601900066
GEN-2019-044,Solar,100.0,,IA Executed,0.75,37.735931,-99.95,6/1/2030,,130.0,or:generator:281106,,97.5,2030,38.0,-100.3,0.4384431967324794
GEN-2022-055,Solar,200.0,,Studies Undergoing,0.187,35.225556,-97.901111,6/1/2030,,260.0,or:generator:281154,,48.62,2030,35.3,-97.6,0.31017695507081683
GEN-2022-054,Solar,200.0,,Studies Undergoing,0.293,37.734167,-95.02,7/1/2030,,260.0,or:generator:281230,,76.18,2030,38.0,-94.9,0.29166279140301393
GEN-2022-006,Solar,200.0,,IA Executed,0.75,37.305278,-95.112778,5/1/2030,,260.0,or:generator:281238,,195.0,2030,37.1,-94.9,0.2956577997753484
GEN-2022-004,Solar,33.0,,IA Executed,0.75,37.596939,-97.412474,5/1/2030,,42.9,or:generator:281240,,32.175,2030,38.0,-97.6,0.44454940152585687
GEN-2022-007,Solar,135.0,,IA Executed,0.75,38.4475,-96.061667,5/1/2030,,175.5,or:generator:281242,,131.625,2030,38.0,-95.8,0.5183877592005811
GEN-2022-075,Solar,175.0,,Studies Undergoing,0.01,38.819167,-99.466944,8/1/2030,,227.5,or:generator:281247,,2.275,2030,38.9,-99.4,0.10495462364754929
GEN-2022-071,Solar,90.8,,Studies Undergoing,0.16,35.1125,-95.8675,8/1/2030,,118.1,or:generator:281262,,18.896,2030,35.3,-95.8,0.1992799538337996
Rainbow Springs Solar and Bess Project: PV,Solar,225.0,,IA Executed,0.75,37.109758,-94.785669,8/1/2028,,292.5,or:generator:281338,,219.375,2028,37.1,-94.9,0.11474666062679809
GEN-2020-010,Solar,140.0,,IA Executed,0.75,36.436389,-99.225939,12/1/2029,,182.0,or:generator:281350,,136.5,2029,36.2,-99.4,0.2935591780919155
Tennyson Creek Solar,Solar,300.0,Doral Renewables,IA Executed,0.75,37.869444,-95.004444,6/1/2030,,390.0,or:generator:281379,,292.5,2030,38.0,-94.9,0.16719275783358503
GEN-2019-021,Solar,50.0,,IA Executed,0.75,34.302022,-103.170798,3/1/2028,,65.0,or:generator:281434,,48.75,2028,34.4,-103.0,0.1969051682612755
GEN-2020-013,Solar,215.0,,IA Executed,0.75,40.162275,-99.481811,6/1/2029,,279.5,or:generator:281930,,209.625,2029,39.8,-99.4,0.37139765123920854
WAPA:2021-G3:PV,Solar,119.0,,Studies Undergoing,0.095,32.850388,-111.772275,5/1/2029,,154.7,or:generator:282592,,14.6965,2029,32.6,-112.0,0.3384565351252705
Eloy Valley III Pinal:PV,Solar,150.0,NextEra Energy Resources,Studies Undergoing,0.095,32.848543,-111.772802,5/1/2029,,195.0,or:generator:282601,,18.525,2029,32.6,-112.0,0.336738109000154
WAPA:2018-G41:PV,Solar,225.0,,Studies Undergoing,0.159,34.909264,-114.461739,5/1/2029,,292.5,or:generator:282618,,46.5075,2029,35.3,-114.7,0.45764934810070645
SMUD:Queue 10:PV,Solar,170.0,,Studies Undergoing,0.437,38.55584,-121.21425,2/1/2029,,221.0,or:generator:282636,,96.577,2029,38.9,-121.0,0.4054000099901326
WAPA:2021-G4:PV,Solar,463.0,,Studies Undergoing,0.095,32.849982,-111.757987,5/1/2029,,601.9,or:generator:282649,,57.1805,2029,32.6,-112.0,0.34793863322861673
Parker Solar and Storage Project: PV,Solar,250.0,ENGIE,Studies Undergoing,0.095,33.991996,-114.222298,5/1/2029,,325.0,or:generator:282653,,30.875,2029,34.4,-113.8,0.5871991696349688
WAPA:2022-G5:PV,Solar,225.0,,Studies Undergoing,0.159,35.821012,-114.425382,5/1/2029,,292.5,or:generator:282658,,46.5075,2029,36.2,-114.7,0.46802451866115075
WAPA:2022-G2:PV,Solar,225.0,,Studies Undergoing,0.159,35.816873,-114.422567,5/1/2029,,292.5,or:generator:282663,,46.5075,2029,36.2,-114.7,0.4730278719251144
WAPA:2022-G7:PV,Solar,250.0,,Studies Undergoing,0.095,33.936128,-113.529253,5/1/2029,,325.0,or:generator:282685,,30.875,2029,33.5,-113.8,0.5133337806856246
SMUD:Queue 3:PV,Solar,250.0,,Studies Undergoing,0.398,38.54487,-121.2049,5/1/2029,,325.0,or:generator:282687,,129.35,2029,38.9,-121.0,0.41000161816753206
SMUD:Queue 20:PV,Solar,550.0,,Studies Undergoing,0.398,38.527776,-121.355764,12/1/2029,,715.0,or:generator:282695,,284.57,2029,38.9,-121.0,0.514896814781362
WAPA:2018-G40:PV,Solar,225.0,,Studies Undergoing,0.159,34.903579,-114.451053,5/1/2029,,292.5,or:generator:282709,,46.5075,2029,35.3,-114.7,0.4681070583210617
Cottonwood:PV,Solar,300.0,Copia Power,Pre-Study,0.159,38.762891,-121.25984,9/1/2029,,390.0,or:generator:282717,,62.01,2029,38.9,-121.0,0.2937953428511029
SMUD:Queue 5:PV,Solar,250.0,,Studies Undergoing,0.437,38.16832,-121.469667,2/1/2029,,325.0,or:generator:282733,,142.025,2029,38.0,-121.9,0.4620802022257655
Thalia Solar:PV,Solar,252.0,Orsted,IA Executed,0.75,33.923322,-99.46,3/1/2028,,327.6,or:generator:283939,,245.7,2028,33.5,-99.4,0.42755293904263786
BHBE:BHBE G19:PV,Solar,300.0,,Pre-Study,0.016,42.861434,-105.78188,9/1/2029,,390.0,or:generator:283984,,6.24,2029,42.5,-105.7,0.37059259403825334
Tyre Bridge Solar,Solar,117.0,Hexagon Energy,Studies Undergoing,0.032,32.087091,-84.234587,5/1/2029,,152.1,or:generator:284037,,4.8672,2029,31.7,-84.1,0.40982081798025355
J2334,Solar,195.0,,Studies Undergoing,0.138,39.035102,-89.448272,3/1/2030,,253.5,or:generator:284065,,34.983,2030,38.9,-89.5,0.14466629319921284
Evangeline Solar,Solar,200.0,AES,Studies Undergoing,0.021,30.7931,-92.35251,5/1/2032,,260.0,or:generator:284068,,5.46,2032,30.8,-92.2,0.15266600833190636
1245,Solar,150.0,,IA Executed,0.65,41.846949,-72.5353,12/1/2028,,195.0,or:generator:285380,,126.75,2028,41.6,-72.4,0.28158462067556284
1247,Solar,25.0,,Studies Undergoing,0.284,41.851989,-72.53447,1/1/2029,,32.5,or:generator:285463,,9.23,2029,41.6,-72.4,0.2856232431385777
J2818,Solar,130.0,,Studies Undergoing,0.021,33.466808,-92.976078,4/1/2032,,169.0,or:generator:285603,,3.549,2032,33.5,-93.1,0.12829018258619126
J2806,Solar,200.0,,Studies Undergoing,0.019,38.895363,-91.136544,3/1/2030,,260.0,or:generator:285606,,4.94,2030,38.9,-91.3,0.1635217591178581
J2456,Solar,100.0,,Studies Undergoing,0.01,34.548008,-90.783635,9/1/2030,,130.0,or:generator:285608,,1.3,2030,34.4,-90.4,0.4111960375404898
J2486,Solar,85.0,,Studies Undergoing,0.028,41.846285,-83.425503,9/1/2030,,110.5,or:generator:285617,,3.094,2030,41.6,-83.2,0.33392799258822503
St. Tammany Solar,Solar,450.0,RedWind Renewables,Studies Undergoing,0.01,30.666463,-90.045355,9/1/2030,,585.0,or:generator:285642,,5.85,2030,30.8,-90.4,0.37895277594181
J2396,Solar,400.0,,Studies Undergoing,0.023,33.556989,-92.486325,9/1/2030,,520.0,or:generator:285649,,11.96,2030,33.5,-92.2,0.2919413498393041
J2868,Solar,46.2,,Studies Undergoing,0.019,44.431781,-90.92291,9/1/2030,,60.1,or:generator:285654,,1.1419,2030,44.3,-91.3,0.39945350175082656
Meadow Springs Renewable Energy (Hybrid): MSPRE,Solar,150.0,Vesper Energy,Studies Undergoing,0.037,38.029,-88.284,4/1/2032,,195.0,or:generator:285655,,7.215,2032,38.0,-88.6,0.31732790611604395
J2891,Solar,50.0,,Studies Undergoing,0.019,42.531083,-88.050381,9/1/2030,,65.0,or:generator:285656,,1.235,2030,42.5,-87.7,0.35175701563721407
J2907,Solar,400.0,,Studies Undergoing,0.01,34.3465,-92.4262,9/1/2030,,520.0,or:generator:285663,,5.2,2030,34.4,-92.2,0.2324407236264681
J2886,Solar,115.0,,Studies Undergoing,0.037,39.711088,-89.94605,3/1/2030,,149.5,or:generator:285667,,5.5315,2030,39.8,-89.5,0.4548251820688909
J2861,Solar,147.0,,Studies Undergoing,0.01,43.818594,-92.4945,9/1/2030,,191.1,or:generator:285670,,1.911,2030,43.4,-92.2,0.5118116712580895
J2669,Solar,120.0,,Studies Undergoing,0.019,43.965642,-86.230142,9/1/2030,,156.0,or:generator:285687,,2.964,2030,44.3,-85.9,0.46988191317393047
J2750,Solar,197.5,,Studies Undergoing,0.021,34.467767,-90.687528,2/1/2032,,256.8,or:generator:285690,,5.3928,2032,34.4,-90.4,0.29540602071216726
J2397,Solar,160.0,,Studies Undergoing,0.01,33.556989,-92.486325,9/1/2030,,208.0,or:generator:285697,,2.08,2030,33.5,-92.2,0.2919413498393041
J2880,Solar,150.0,,Studies Undergoing,0.01,34.33782,-91.865989,9/1/2030,,195.0,or:generator:285706,,1.95,2030,34.4,-92.2,0.3397494672858256
Plummer Solar,Solar,130.0,Enbridge,Studies Undergoing,0.01,47.904878,-96.017927,9/1/2030,,169.0,or:generator:285708,,1.69,2030,47.9,-95.8,0.2179815868668758
J2351,Solar,200.0,,Studies Undergoing,0.01,36.25771,-90.301992,9/1/2030,,260.0,or:generator:285714,,2.6,2030,36.2,-90.4,0.11373659113935773
J2893,Solar,200.0,,Studies Undergoing,0.01,33.167749,-89.935888,9/1/2030,,260.0,or:generator:285735,,2.6,2030,33.5,-89.5,0.5480776181755688
J2742,Solar,100.0,,Studies Undergoing,0.01,35.027952,-91.603167,9/1/2030,,130.0,or:generator:285736,,1.3,2030,35.3,-91.3,0.4073332102750771
J2667,Solar,135.0,,Studies Undergoing,0.016,43.458807,-82.797646,9/1/2030,,175.5,or:generator:285745,,2.808,2030,43.4,-83.2,0.4066288289890453
J2578,Solar,180.0,,Studies Undergoing,0.279,43.283611,-83.632747,9/1/2030,,234.0,or:generator:285749,,65.286,2030,43.4,-83.2,0.4481253901867117
J2330,Solar,200.0,,Studies Undergoing,0.01,33.493915,-90.191011,9/1/2030,,260.0,or:generator:285750,,2.6,2030,33.5,-90.4,0.20907756777330525
Gustin Solar,Solar,215.0,Alliant Energy,Studies Undergoing,0.016,44.637183,-83.457719,9/1/2030,,279.5,or:generator:285760,,4.472,2030,44.3,-83.2,0.4243954034270391
Red Barn Solar: PV,Solar,201.6,TotalEnergies,IA Executed,0.75,36.817298,-97.125979,4/1/2028,,262.1,or:generator:285767,,196.575,2028,37.1,-96.7,0.511251923463373
J2811,Solar,210.0,,Studies Undergoing,0.038,43.09578,-93.293216,9/1/2030,,273.0,or:generator:285768,,10.374,2030,43.4,-93.1,0.3603917744011413
Akron Solar,Solar,200.0,NextEra Energy Resources,Studies Undergoing,0.141,44.248931,-89.857516,9/1/2030,,260.0,or:generator:285787,,36.66,2030,44.3,-89.5,0.36114503044760654
J2553,Solar,210.0,,Studies Undergoing,0.033,43.09578,-93.293216,9/1/2030,,273.0,or:generator:285789,,9.009,2030,43.4,-93.1,0.3603917744011413
J2747,Solar,160.0,,Studies Undergoing,0.033,39.049967,-87.068275,3/1/2030,,208.0,or:generator:285792,,6.864,2030,38.9,-86.8,0.30734602114555276
J2875,Solar,150.0,DTE Energy,Studies Undergoing,0.016,45.282111,-83.740299,9/1/2030,,195.0,or:generator:285796,,3.12,2030,45.2,-84.1,0.368953961520947
J2561,Solar,153.0,,Studies Undergoing,0.027,44.773672,-96.601975,9/1/2030,,198.9,or:generator:285801,,5.3703,2030,45.2,-96.7,0.4374522422036556
J2382,Solar,115.0,,Studies Undergoing,0.019,39.562744,-92.668317,3/1/2030,,149.5,or:generator:285802,,2.8405,2030,39.8,-93.1,0.4925856494306256
J2794,Solar,90.0,,Studies Undergoing,0.1,38.939461,-89.006673,3/1/2030,,117.0,or:generator:285804,,11.7,2030,38.9,-88.6,0.408583038622518
J2847,Solar,180.0,,Studies Undergoing,0.076,41.198852,-86.542794,3/1/2030,,234.0,or:generator:285805,,17.784,2030,41.6,-86.8,0.47652349820339135
J2877,Solar,129.0,DTE Energy,Studies Undergoing,0.016,43.498927,-84.213103,9/1/2030,,167.7,or:generator:285810,,2.6832,2030,43.4,-84.1,0.1502625699833555
J2540,Solar,150.0,,Studies Undergoing,0.324,36.958683,-88.615186,4/1/2032,,195.0,or:generator:285815,,63.18,2032,37.1,-88.6,0.14213060572937913
J2446,Solar,300.0,,Studies Undergoing,0.056,44.83205,-91.755309,9/1/2030,,390.0,or:generator:285818,,21.84,2030,45.2,-92.2,0.5771804639634
J2390,Solar,350.0,,Studies Undergoing,0.165,40.3428,-90.3171,3/1/2030,,455.0,or:generator:285823,,75.075,2030,40.7,-90.4,0.36669367324785657
J2444,Solar,220.0,,Studies Undergoing,0.152,42.33231,-85.766153,9/1/2030,,286.0,or:generator:285828,,43.472,2030,42.5,-85.9,0.21455758087049942
J2881,Solar,125.0,,Studies Undergoing,0.01,34.070292,-91.999053,9/1/2030,,162.5,or:generator:285829,,1.625,2030,34.4,-92.2,0.38611793803577354
J2395,Solar,500.0,,Studies Undergoing,0.026,33.556989,-92.486325,9/1/2030,,650.0,or:generator:285836,,16.9,2030,33.5,-92.2,0.2919413498393041
J2485,Solar,180.0,,Studies Undergoing,0.328,42.734236,-84.028133,9/1/2030,,234.0,or:generator:285839,,76.752,2030,42.5,-84.1,0.2450129984000868
J2429,Solar,50.0,,Studies Undergoing,0.389,43.256818,-89.416196,9/1/2030,,65.0,or:generator:285841,,25.285,2030,43.4,-89.5,0.1659041757762563
J2389,Solar,150.0,,Studies Undergoing,0.173,39.95556,-90.9393,3/1/2030,,195.0,or:generator:285843,,33.735,2030,39.8,-91.3,0.3928147191743154
J2756,Solar,42.0,,Studies Undergoing,0.019,37.064349,-88.378302,3/1/2030,,54.6,or:generator:285848,,1.0374,2030,37.1,-88.6,0.22454620238381978
J2819,Solar,80.0,,Studies Undergoing,0.021,32.176014,-93.32229,4/1/2032,,104.0,or:generator:285851,,2.184,2032,32.6,-93.1,0.47872431763594364
J2566,Solar,200.0,,Studies Undergoing,0.173,38.638691,-87.050563,3/1/2030,,260.0,or:generator:285864,,44.98,2030,38.9,-86.8,0.36202791390996125
Segno Solar,Solar,170.0,Entergy,Studies Undergoing,0.01,30.581289,-94.744622,9/1/2030,,221.0,or:generator:285866,,2.21,2030,30.8,-94.9,0.26828496865273543
J2815,Solar,140.0,,Studies Undergoing,0.135,42.11112,-85.03772,9/1/2030,,182.0,or:generator:285872,,24.57,2030,42.5,-85.0,0.3907050713773751
J2651,Solar,160.0,,Studies Undergoing,0.01,30.694,-90.882,9/1/2030,,208.0,or:generator:285875,,2.08,2030,30.8,-91.3,0.4312307966738853
J2826,Solar,125.0,,Studies Undergoing,0.033,38.996908,-87.071021,3/1/2030,,162.5,or:generator:285878,,5.3625,2030,38.9,-86.8,0.287825542481904
J2846,Solar,700.0,,Studies Undergoing,0.299,41.13183,-86.673697,3/1/2030,,910.0,or:generator:285881,,272.09,2030,40.7,-86.8,0.4499217673207159
J2849,Solar,245.0,,Studies Undergoing,0.452,41.028431,-86.730056,3/1/2030,,318.5,or:generator:285886,,143.962,2030,40.7,-86.8,0.33579619547725004
J2838,Solar,150.0,,Studies Undergoing,0.021,32.540066,-91.719452,4/1/2032,,195.0,or:generator:285889,,4.095,2032,32.6,-91.3,0.4237122427544495
J2678,Solar,150.0,,Studies Undergoing,0.389,45.854989,-87.131278,9/1/2030,,195.0,or:generator:285892,,75.855,2030,46.1,-86.8,0.41203823051386557
J2556,Solar,300.0,,Studies Undergoing,0.41,41.596,-90.279,9/1/2030,,390.0,or:generator:285894,,159.9,2030,41.6,-90.4,0.12106609764918623
J2809,Solar,133.0,,Studies Undergoing,0.037,40.545263,-88.049061,3/1/2030,,172.9,or:generator:285898,,6.3973,2030,40.7,-87.7,0.3818207968275113
J2864,Solar,375.0,,Studies Undergoing,0.01,33.592908,-93.177414,9/1/2030,,487.5,or:generator:285906,,4.875,2030,33.5,-93.1,0.12093313797301775
J2848,Solar,200.0,,Studies Undergoing,0.52,40.092958,-85.93596,5/1/2032,,260.0,or:generator:285919,,135.2,2032,39.8,-85.9,0.2951567572731524
Hoosier Line Solar: HLW00,Solar,180.0,Leeward Renewable Energy,Studies Undergoing,0.48,40.851153,-86.94475,3/1/2030,,234.0,or:generator:285924,,112.32,2030,40.7,-86.8,0.2092839982153405
J2739,Solar,100.0,,Studies Undergoing,0.659,37.448601,-87.089519,3/1/2030,,130.0,or:generator:285934,,85.67,2030,37.1,-86.8,0.4531488812322013
J2384,Solar,125.0,,Studies Undergoing,0.069,39.382852,-88.996462,3/1/2030,,162.5,or:generator:285942,,11.2125,2030,39.8,-88.6,0.5754950663107352
J2759,Solar,170.0,Pine Gate Renewables,Studies Undergoing,0.01,34.35175,-91.55167,9/1/2030,,221.0,or:generator:285948,,2.21,2030,34.4,-91.3,0.25625349051281576
J2371,Solar,250.0,,Studies Undergoing,0.01,32.566491,-91.773541,9/1/2030,,325.0,or:generator:285952,,3.25,2030,32.6,-92.2,0.42777345845903914
J2816,Solar,100.0,,Studies Undergoing,0.01,32.355,-92.11,9/1/2030,,130.0,or:generator:285953,,1.3,2030,32.6,-92.2,0.2610076627227692
J2901,Solar,140.0,,Studies Undergoing,0.01,33.094,-93.384,9/1/2030,,182.0,or:generator:285954,,1.82,2030,33.5,-93.1,0.49547149262092005
J2593,Solar,140.0,,Studies Undergoing,0.019,38.387496,-91.475274,3/1/2030,,182.0,or:generator:285956,,3.458,2030,38.0,-91.3,0.42529298735342397
J2757,Solar,160.3,,Studies Undergoing,0.021,42.612528,-95.502085,4/1/2032,,208.4,or:generator:285959,,4.3764,2032,42.5,-95.8,0.31845862841035
J2634,Solar,105.8,,Studies Undergoing,0.01,33.4295,-92.7615,9/1/2030,,137.5,or:generator:285962,,1.375,2030,33.5,-93.1,0.34576364759760075
J2477,Solar,600.0,,Studies Undergoing,0.01,35.094069,-90.321908,9/1/2030,,780.0,or:generator:285964,,7.8,2030,35.3,-90.4,0.22024063481792314
J2603,Solar,320.0,,Studies Undergoing,0.037,40.27969,-90.0781,3/1/2030,,416.0,or:generator:285967,,15.392,2030,40.7,-90.4,0.5294148714382702
J2897,Solar,150.0,,Studies Undergoing,0.01,30.833329,-95.325014,9/1/2030,,195.0,or:generator:285968,,1.95,2030,30.8,-94.9,0.4263188037572253
J2478,Solar,550.0,,Studies Undergoing,0.01,35.707334,-90.957217,9/1/2030,,715.0,or:generator:285970,,7.15,2030,35.3,-91.3,0.5323731516943757
Ocelot Solar,Solar,120.0,Hexagon Energy,Studies Undergoing,0.021,32.888019,-90.884156,2/1/2032,,156.0,or:generator:285972,,3.276,2032,32.6,-91.3,0.5058469894118113
Dawn Break Solar: DBSOL,Solar,180.0,,Studies Undergoing,0.389,44.140833,-89.46472,3/1/2030,,234.0,or:generator:285975,,91.026,2030,44.3,-89.5,0.16303009626752632
J2691,Solar,250.0,,Studies Undergoing,0.019,37.340868,-90.042252,3/1/2030,,325.0,or:generator:285992,,6.175,2030,37.1,-90.4,0.4312783613027671
J2524,Solar,200.0,,Studies Undergoing,0.019,36.962763,-89.742169,3/1/2030,,260.0,or:generator:285994,,4.94,2030,37.1,-89.5,0.27835196915057325
J2541,Solar,50.0,,Studies Undergoing,0.094,36.958683,-88.615186,4/1/2032,,65.0,or:generator:285995,,6.11,2032,37.1,-88.6,0.14213060572937913
J2179,Solar,100.0,,Studies Undergoing,,38.922132,-91.460789,10/1/2030,,130.0,or:generator:285998,,0.0,2030,38.9,-91.3,0.1623050459628493
J2602,Solar,250.0,,Studies Undergoing,0.01,34.939021,-90.168958,9/1/2030,,325.0,or:generator:285999,,3.25,2030,35.3,-90.4,0.42858633226574233
J2495,Solar,100.0,,Studies Undergoing,0.01,45.56913,-94.03867,9/1/2030,,130.0,or:generator:286001,,1.3,2030,45.2,-94.0,0.3711500044456399
J2737,Solar,180.0,,Studies Undergoing,0.021,31.420692,-93.485491,3/1/2032,,234.0,or:generator:286007,,4.914,2032,31.7,-93.1,0.4760422984830251
J2401,Solar,150.0,,Studies Undergoing,0.37,37.432903,-88.796703,3/1/2030,,195.0,or:generator:286008,,72.15,2030,37.1,-88.6,0.3866736060529616
J2786,Solar,170.0,,Studies Undergoing,0.244,42.613522,-85.7937,9/1/2030,,221.0,or:generator:286010,,53.924,2030,42.5,-85.9,0.15552149203245735
J2526,Solar,200.0,,Studies Undergoing,0.01,31.924757,-93.174384,9/1/2030,,260.0,or:generator:286014,,2.6,2030,31.7,-93.1,0.23674604221612977
J2677,Solar,195.0,,Studies Undergoing,0.259,43.103431,-82.702289,9/1/2030,,253.5,or:generator:286017,,65.6565,2030,43.4,-82.3,0.4997895669999482
J2701,Solar,100.0,,Studies Undergoing,0.01,30.304612,-92.825459,9/1/2030,,130.0,or:generator:286019,,1.3,2030,29.9,-93.1,0.4889617891256941
J2666,Solar,100.0,,Studies Undergoing,0.389,42.540278,-88.634722,9/1/2030,,130.0,or:generator:286020,,50.57,2030,42.5,-88.6,0.0531783279917694
J2673,Solar,145.0,,Studies Undergoing,0.016,43.963813,-84.587942,9/1/2030,,188.5,or:generator:286022,,3.016,2030,44.3,-85.0,0.5318021195266134
J2845,Solar,200.0,,Studies Undergoing,0.021,43.637353,-93.1713,4/1/2032,,260.0,or:generator:286026,,5.46,2032,43.4,-93.1,0.2478308629065407
J2761,Solar,100.0,,Studies Undergoing,0.01,31.288561,-89.773861,9/1/2030,,130.0,or:generator:286032,,1.3,2030,31.7,-89.5,0.4942488219935343
J2662,Solar,250.0,,Studies Undergoing,0.037,39.232,-88.082,3/1/2030,,325.0,or:generator:286041,,12.025,2030,38.9,-87.7,0.5061106598363578
J2519,Solar,600.0,,Studies Undergoing,0.01,32.536923,-91.631389,9/1/2030,,780.0,or:generator:286045,,7.8,2030,32.6,-91.3,0.33733866847724553
J2808,Solar,100.0,,Studies Undergoing,0.037,39.185608,-89.031372,3/1/2030,,130.0,or:generator:286048,,4.81,2030,38.9,-88.6,0.5173526186731936
J2482,Solar,300.0,,Studies Undergoing,0.01,35.094069,-90.321908,9/1/2030,,390.0,or:generator:286049,,3.9,2030,35.3,-90.4,0.22024063481792314
J2871,Solar,70.0,,Studies Undergoing,0.021,35.891676,-89.882146,4/1/2032,,91.0,or:generator:286060,,1.911,2032,36.2,-89.5,0.4910185885401979
J2656,Solar,180.0,,Studies Undergoing,0.214,39.878,-89.086,3/1/2030,,234.0,or:generator:286062,,50.076,2030,39.8,-89.5,0.421283752357009
J2752,Solar,110.0,,Studies Undergoing,0.01,33.669329,-89.760862,9/1/2030,,143.0,or:generator:286076,,1.43,2030,33.5,-89.5,0.31100047151893645
J2639,Solar,105.8,,Studies Undergoing,0.01,33.3712,-92.2389,9/1/2030,,137.5,or:generator:286083,,1.375,2030,33.5,-92.2,0.1345460887577168
J2918,Solar,97.0,,Studies Undergoing,0.037,38.9457,-88.35158,3/1/2030,,126.1,or:generator:286090,,4.6657,2030,38.9,-88.6,0.2525885713962496
J2715,Solar,120.0,,Studies Undergoing,0.01,30.440456,-92.291446,9/1/2030,,156.0,or:generator:286092,,1.56,2030,30.8,-92.2,0.3709909147836346
J2763,Solar,100.0,,Studies Undergoing,0.01,33.645884,-90.624721,9/1/2030,,130.0,or:generator:286096,,1.3,2030,33.5,-90.4,0.2679210131680518
J2350,Solar,115.5,,Studies Undergoing,0.01,34.507737,-92.228237,9/1/2030,,150.2,or:generator:286106,,1.502,2030,34.4,-92.2,0.11137589208621174
J2374,Solar,200.0,,Studies Undergoing,0.016,43.220917,-82.723056,9/1/2030,,260.0,or:generator:286112,,4.16,2030,43.4,-82.3,0.4593986286712245
J2917,Solar,80.0,,Studies Undergoing,0.01,32.451333,-92.050776,9/1/2030,,104.0,or:generator:286118,,1.04,2030,32.6,-92.2,0.2106411143746683
J2720,Solar,150.0,,Studies Undergoing,0.01,32.881242,-90.190296,9/1/2030,,195.0,or:generator:286129,,1.95,2030,32.6,-90.4,0.3508173743987037
J2559,Solar,200.0,,Studies Undergoing,0.389,44.55794,-89.944508,9/1/2030,,260.0,or:generator:286149,,101.14,2030,44.3,-89.5,0.5139264593927828
J2865,Solar,375.0,,Studies Undergoing,0.01,33.315989,-92.965139,9/1/2030,,487.5,or:generator:286150,,4.875,2030,33.5,-93.1,0.2281392939456058
J2565,Solar,265.0,,Studies Undergoing,0.037,40.545263,-88.049061,3/1/2030,,344.5,or:generator:286161,,12.7465,2030,40.7,-87.7,0.3818207968275113
J2734,Solar,150.0,,Studies Undergoing,0.021,35.436494,-90.238747,1/1/2032,,195.0,or:generator:286162,,4.095,2032,35.3,-90.4,0.21126557231362222
J2870,Solar,243.6,,Studies Undergoing,0.103,45.887511,-91.522367,9/1/2030,,316.7,or:generator:286188,,32.6201,2030,46.1,-91.3,0.30756894805880775
J2474,Solar,100.0,,Studies Undergoing,0.037,39.5533,-89.6411,3/1/2030,,130.0,or:generator:286191,,4.81,2030,39.8,-89.5,0.28420080928807534
J2866,Solar,375.0,,Studies Undergoing,0.01,33.592908,-93.177414,9/1/2030,,487.5,or:generator:286192,,4.875,2030,33.5,-93.1,0.12093313797301775
J2708,Solar,500.0,,Studies Undergoing,0.01,32.689814,-91.990868,9/1/2030,,650.0,or:generator:286196,,6.5,2030,32.6,-92.2,0.22760217050809972
The Shoals Renewables Solar,Solar,500.0,Pattern Energy,Studies Undergoing,0.172,39.153337,-89.315545,3/1/2030,,650.0,or:generator:286238,,111.8,2030,38.9,-89.5,0.31337402986527285
J2873,Solar,165.0,,Studies Undergoing,0.01,31.906903,-89.757572,9/1/2030,,214.5,or:generator:286239,,2.145,2030,31.7,-89.5,0.33038187994046864
J2869,Solar,150.0,,Studies Undergoing,0.01,33.439152,-90.633737,9/1/2030,,195.0,or:generator:286253,,1.95,2030,33.5,-90.4,0.24152735719374666
J2740,Solar,150.0,,Studies Undergoing,0.01,33.951438,-90.668643,9/1/2030,,195.0,or:generator:286258,,1.95,2030,34.4,-90.4,0.522854596702558
J2501,Solar,150.0,,Studies Undergoing,0.01,44.223409,-92.658777,9/1/2030,,195.0,or:generator:286266,,1.95,2030,44.3,-93.1,0.44782130030849865
J2648,Solar,135.0,,Studies Undergoing,0.589,40.023922,-88.055069,3/1/2030,,175.5,or:generator:286289,,103.3695,2030,39.8,-87.7,0.4197797718387595
J2619,Solar,140.0,DTE Energy,Studies Undergoing,0.111,43.232402,-85.236582,9/1/2030,,182.0,or:generator:286290,,20.202,2030,43.4,-85.0,0.2899312544862983
J2599,Solar,216.0,,Studies Undergoing,0.06,44.47294,-95.6741,9/1/2030,,280.8,or:generator:286293,,16.848,2030,44.3,-95.8,0.21391365921792319
J2670,Solar,223.0,,Studies Undergoing,0.019,44.065075,-86.309386,9/1/2030,,289.9,or:generator:286302,,5.5081,2030,44.3,-85.9,0.4720028099715051
J2672,Solar,120.0,,Studies Undergoing,0.016,42.976283,-84.282361,9/1/2030,,156.0,or:generator:286315,,2.496,2030,43.4,-84.1,0.46129343200396533
J2629,Solar,175.0,,Studies Undergoing,0.01,31.022954,-93.623521,9/1/2030,,227.5,or:generator:286316,,2.275,2030,30.8,-94.0,0.4375441961185196
J2689,Solar,180.0,,Studies Undergoing,0.021,30.3705,-95.0641,1/1/2032,,234.0,or:generator:286318,,4.914,2032,30.8,-94.9,0.4597815350794306
J2753,Solar,200.0,,Studies Undergoing,0.021,32.611219,-91.381714,2/1/2032,,260.0,or:generator:286322,,5.46,2032,32.6,-91.3,0.08248056593526003
J2608,Solar,160.0,,Studies Undergoing,0.01,45.470927,-95.761869,9/1/2030,,208.0,or:generator:286411,,2.08,2030,45.2,-95.8,0.2735971719334826
J2403,Solar,200.0,,Studies Undergoing,0.302,37.329897,-88.865378,3/1/2030,,260.0,or:generator:286414,,78.52,2030,37.1,-88.6,0.3511098310970617
J2704,Solar,500.0,,Studies Undergoing,0.01,32.689814,-91.990868,9/1/2030,,650.0,or:generator:286492,,6.5,2030,32.6,-92.2,0.22760217050809972
J2659,Solar,150.0,,Studies Undergoing,0.048,39.645239,-90.078297,4/1/2032,,195.0,or:generator:286500,,9.36,2032,39.8,-90.4,0.3569926992670856
J2679,Solar,100.0,,Studies Undergoing,0.125,42.600258,-84.089317,9/1/2030,,130.0,or:generator:286511,,16.25,2030,42.5,-84.1,0.10082555753874772
J2793,Solar,250.0,,Studies Undergoing,0.256,37.766028,-88.523514,3/1/2030,,325.0,or:generator:286513,,83.2,2030,38.0,-88.6,0.24615646442862088
J2538,Solar,200.0,,Studies Undergoing,0.037,38.497089,-85.560425,4/1/2032,,260.0,or:generator:286525,,9.62,2032,38.9,-85.9,0.5269235756217442
Hope Solar + Storage,Solar,200.0,Origis Energy,Studies Undergoing,0.156,33.7164,-88.84974,3/1/2030,,260.0,or:generator:286527,,40.56,2030,33.5,-88.6,0.330452761525761
J2523,Solar,250.0,,Studies Undergoing,0.01,35.679068,-91.412959,9/1/2030,,325.0,or:generator:286529,,3.25,2030,35.3,-91.3,0.3955404964159847
J2749,Solar,150.0,,Studies Undergoing,0.01,47.557791,-96.01414,9/1/2030,,195.0,or:generator:286531,,1.95,2030,47.9,-95.8,0.4036866845475561
J2751,Solar,125.0,,Studies Undergoing,0.01,33.570863,-90.997431,9/1/2030,,162.5,or:generator:286532,,1.625,2030,33.5,-91.3,0.31075643924140184
J2693,Solar,105.0,,Studies Undergoing,0.01,31.969111,-91.677456,9/1/2030,,136.5,or:generator:286533,,1.365,2030,31.7,-91.3,0.463566351515086
J2729,Solar,200.0,,Studies Undergoing,0.01,30.549078,-91.306785,9/1/2030,,260.0,or:generator:286534,,2.6,2030,30.8,-91.3,0.2510137173721781
J2899,Solar,250.0,,Studies Undergoing,0.01,30.173914,-93.113427,9/1/2030,,325.0,or:generator:286556,,3.25,2030,29.9,-93.1,0.27424289184042844
J2668,Solar,215.0,,Studies Undergoing,0.019,43.968111,-86.15725,9/1/2030,,279.5,or:generator:286647,,5.3105,2030,44.3,-85.9,0.4199141231501953
J2490,Solar,125.0,,Studies Undergoing,0.016,43.606489,-83.264339,9/1/2030,,162.5,or:generator:286652,,2.6,2030,43.4,-83.2,0.21628040605196414
J2353,Solar,190.0,,Studies Undergoing,0.181,40.87,-86.832,3/1/2030,,247.0,or:generator:286693,,44.707,2030,40.7,-86.8,0.17298554852934375
J2643,Solar,150.0,,Studies Undergoing,0.01,30.980322,-90.009504,9/1/2030,,195.0,or:generator:286699,,1.95,2030,30.8,-90.4,0.43011992478842365
J2738,Solar,128.0,,Studies Undergoing,0.41,41.714218,-90.271104,9/1/2030,,166.4,or:generator:286700,,68.224,2030,41.6,-90.4,0.1722205862839958
Skyyield Solar Farm,Solar,220.0,Scout Clean Energy,Studies Undergoing,0.7,41.171163,-89.173269,3/1/2030,,286.0,or:generator:286703,,200.2,2030,41.6,-89.5,0.5391236582918599
J2696,Solar,500.0,,Studies Undergoing,0.045,35.705697,-90.011194,9/1/2030,,650.0,or:generator:286722,,29.25,2030,35.3,-90.4,0.5619254055877921
J2867,Solar,50.0,Atlantica Sustainable Infrastructure,Studies Undergoing,0.045,44.381903,-92.369933,9/1/2030,,65.0,or:generator:286729,,2.925,2030,44.3,-92.2,0.18864073234060766
Downstream Solar Project: PV,Solar,50.0,Invenergy,IA Executed,0.4,34.608476,-92.008289,3/1/2028,,65.0,or:generator:286752,,26.0,2028,34.4,-92.2,0.28322314541188387
J2675,Solar,90.0,,Studies Undergoing,0.016,44.034056,-84.444064,9/1/2030,,117.0,or:generator:286754,,1.872,2030,44.3,-84.1,0.43486348114322126
J2764,Solar,150.0,,Studies Undergoing,0.021,35.804294,-90.853319,1/1/2032,,195.0,or:generator:286756,,4.095,2032,36.2,-91.3,0.5967471442721797
J2714,Solar,162.0,,Studies Undergoing,0.01,30.487917,-92.384339,9/1/2030,,210.6,or:generator:286761,,2.106,2030,30.8,-92.2,0.36245919192372356
Viridis Solar Project (FPS Panton),Solar,50.0,SunEast Development,IA Executed,0.78,44.166673,-73.257876,12/1/2028,,65.0,or:generator:286994,,50.7,2028,44.3,-73.3,0.13982317513559242
GDC Saco Solar,Solar,20.0,Greenskies,IA Executed,0.71,43.529297,-70.503123,12/1/2028,,26.0,or:generator:287059,,18.46,2028,43.4,-70.6,0.16156381815864204
Fair Haven Solar,Solar,20.0,Freepoint Comodities,IA Executed,0.65,43.636,-73.279,12/1/2028,,26.0,or:generator:287079,,16.9,2028,43.4,-73.3,0.23693247983339477
LARREA SOLAR,Solar,307.0,Candela Renewables,Studies Undergoing,0.106,36.05501,-115.770325,11/1/2030,,399.1,or:generator:289107,,42.3046,2030,36.2,-115.6,0.2236799180190341
Cedar Island Solar: PV1,Solar,800.0,Cedar Island Solar LLC,Studies Undergoing,0.04,45.233717,-120.8985,4/1/2030,,1040.0,or:generator:289986,,41.6,2030,45.2,-121.0,0.10695366327994575
J2951,Solar,50.0,,Studies Undergoing,0.082,41.055643,-94.337896,9/1/2030,,65.0,or:generator:290154,,5.33,2030,40.7,-94.0,0.4905666624068546
J3224,Solar,150.0,,Studies Undergoing,0.037,38.762252,-88.876668,3/1/2030,,195.0,or:generator:290157,,7.215,2030,38.9,-88.6,0.3090626048683357
J3186,Solar,100.0,,Studies Undergoing,0.01,33.832883,-90.912471,9/1/2030,,130.0,or:generator:290160,,1.3,2030,33.5,-91.3,0.5108716252934803
J3090,Solar,200.0,,Studies Undergoing,0.01,35.117564,-90.1877,9/1/2030,,260.0,or:generator:290169,,2.6,2030,35.3,-90.4,0.2799181739294503
J3030,Solar,450.0,,Studies Undergoing,0.01,34.999,-92.186,9/1/2030,,585.0,or:generator:290171,,5.85,2030,35.3,-92.2,0.301325405500427
J3066,Solar,50.0,,Studies Undergoing,0.256,43.83778,-85.42605,9/1/2030,,65.0,or:generator:290173,,16.64,2030,43.4,-85.0,0.6108763630228348
J2999,Solar,250.0,,Studies Undergoing,0.01,31.258413,-88.888681,9/1/2030,,325.0,or:generator:290182,,3.25,2030,31.7,-88.6,0.5275753958724809
J2956,Solar,100.0,,Studies Undergoing,0.01,32.84318,-91.770604,9/1/2030,,130.0,or:generator:290186,,1.3,2030,32.6,-92.2,0.49347485976085464
J3141,Solar,100.0,,Studies Undergoing,0.01,34.464166,-90.599722,9/1/2030,,130.0,or:generator:290201,,1.3,2030,34.4,-90.4,0.20977643537823235
J3130,Solar,100.0,,Studies Undergoing,0.019,38.699722,-89.007813,3/1/2030,,130.0,or:generator:290204,,2.47,2030,38.9,-88.6,0.4543376720601127
GEN-2021-107,Solar,201.6,,IA Executed,0.75,39.28255,-96.1171,10/1/2031,,262.1,or:generator:290205,,196.575,2031,38.9,-95.8,0.49688722312009515
J3128,Solar,100.0,,Studies Undergoing,0.01,30.70865,-91.275493,9/1/2030,,130.0,or:generator:290206,,1.3,2030,30.8,-91.3,0.0945802069621354
J3075,Solar,560.0,,Studies Undergoing,0.033,39.091558,-87.295206,3/1/2030,,728.0,or:generator:290212,,24.024,2030,38.9,-87.7,0.4478310505090151
Prairie Oak Solar: 11102,Solar,250.0,Strata Clean Energy,Studies Undergoing,0.037,39.542799,-89.03153,3/1/2030,,325.0,or:generator:290218,,12.025,2030,39.8,-88.6,0.502364902536996
J3028,Solar,100.0,,Studies Undergoing,0.01,31.306122,-88.874438,9/1/2030,,130.0,or:generator:290226,,1.3,2030,31.7,-88.6,0.48005842845220686
J2985,Solar,135.0,,Studies Undergoing,0.01,33.213153,-91.293535,9/1/2030,,175.5,or:generator:290231,,1.755,2030,33.5,-91.3,0.2869198453122419
J3053,Solar,169.0,,Studies Undergoing,0.01,32.697617,-90.009666,9/1/2030,,219.7,or:generator:290236,,2.197,2030,32.6,-90.4,0.40235520407347497
J3170,Solar,200.0,,Studies Undergoing,0.01,30.95075,-92.12669,9/1/2030,,260.0,or:generator:290237,,2.6,2030,30.8,-92.2,0.1676303033463834
J3058,Solar,200.0,,Studies Undergoing,0.021,34.370486,-91.187617,1/1/2032,,260.0,or:generator:290242,,5.46,2032,34.4,-91.3,0.11619386767380892
Patoka Solar: 11101,Solar,250.0,ENGIE,Studies Undergoing,0.033,38.14033,-87.77567,3/1/2030,,325.0,or:generator:290244,,10.725,2030,38.0,-87.7,0.15943167125762686
J3139,Solar,225.0,,Studies Undergoing,0.01,32.932247,-89.936267,9/1/2030,,292.5,or:generator:290248,,2.925,2030,32.6,-89.5,0.5483766627948327
J2924,Solar,222.0,,Studies Undergoing,0.01,33.088315,-93.121858,9/1/2030,,288.6,or:generator:290253,,2.886,2030,33.5,-93.1,0.41226485587422945
J2986,Solar,80.0,,Studies Undergoing,0.01,34.20918,-91.342982,9/1/2030,,104.0,or:generator:290258,,1.04,2030,34.4,-91.3,0.1956009323188387
J3004,Solar,142.0,,Studies Undergoing,0.037,40.250931,-89.966379,3/1/2030,,184.6,or:generator:290263,,6.8302,2030,40.7,-90.4,0.6242516627146485
J3168,Solar,120.0,,Studies Undergoing,0.659,40.461557,-86.520395,3/1/2030,,156.0,or:generator:290274,,102.804,2030,40.7,-86.8,0.36746975423020034
J2954,Solar,100.0,,Studies Undergoing,0.01,36.41163,-90.663794,9/1/2030,,130.0,or:generator:290275,,1.3,2030,36.2,-90.4,0.3381930385682038
J3223,Solar,88.0,,Studies Undergoing,0.033,38.555259,-88.085391,3/1/2030,,114.4,or:generator:290280,,3.7752,2030,38.9,-87.7,0.5170808253667875
J3124,Solar,120.0,,Studies Undergoing,0.203,43.278122,-84.214815,9/1/2030,,156.0,or:generator:290287,,31.668,2030,43.4,-84.1,0.16744172451632391
J3065,Solar,20.0,,Studies Undergoing,0.341,43.6884,-86.32079,9/1/2030,,26.0,or:generator:290289,,8.866,2030,43.4,-85.9,0.5101360446978814
J2983,Solar,140.0,,Studies Undergoing,0.01,34.147286,-92.30015,9/1/2030,,182.0,or:generator:290292,,1.82,2030,34.4,-92.2,0.2718352226919804
J2957,Solar,100.0,,Studies Undergoing,0.01,34.501705,-89.941119,9/1/2030,,130.0,or:generator:290298,,1.3,2030,34.4,-89.5,0.4526918147989877
J3209,Solar,350.0,,Studies Undergoing,0.01,31.17172,-92.751555,9/1/2030,,455.0,or:generator:290299,,4.55,2030,30.8,-93.1,0.5094994371194129
J3077,Solar,250.0,,Studies Undergoing,0.033,38.321885,-87.423691,3/1/2030,,325.0,or:generator:290304,,10.725,2030,38.0,-87.7,0.42421293792858306
J3059,Solar,175.0,,Studies Undergoing,0.226,43.534064,-84.210829,9/1/2030,,227.5,or:generator:290317,,51.415,2030,43.4,-84.1,0.17394316122516204
J3199,Solar,300.0,,Studies Undergoing,0.329,40.150169,-92.594433,3/1/2030,,390.0,or:generator:290324,,128.31,2030,39.8,-92.2,0.52744262251926
J3045,Solar,300.0,,Studies Undergoing,0.01,30.180188,-93.83787,9/1/2030,,390.0,or:generator:290331,,3.9,2030,29.9,-94.0,0.3237150788023366
J2952,Solar,100.0,,Studies Undergoing,0.01,29.845547,-94.540698,9/1/2030,,130.0,or:generator:290334,,1.3,2030,29.9,-94.9,0.3634048106629844
J3118,Solar,160.0,,Studies Undergoing,0.01,32.843,-91.768,9/1/2030,,208.0,or:generator:290335,,2.08,2030,32.6,-92.2,0.49565411326852005
4Leaf Solar,Solar,150.0,EnergRe,Studies Undergoing,0.033,39.508416,-86.745032,3/1/2030,,195.0,or:generator:290337,,6.435,2030,39.8,-86.8,0.2967199185764252
J3109,Solar,120.0,,Studies Undergoing,0.01,34.773,-91.724,9/1/2030,,156.0,or:generator:290351,,1.56,2030,34.4,-91.3,0.5647167431553709
J3198,Solar,80.0,,Studies Undergoing,0.067,45.33753,-91.814588,9/1/2030,,104.0,or:generator:290360,,6.968,2030,45.2,-92.2,0.40921499318084775
J3035,Solar,100.0,,Studies Undergoing,0.01,33.708065,-91.259616,9/1/2030,,130.0,or:generator:290365,,1.3,2030,33.5,-91.3,0.21194789850573964
J3051,Solar,150.0,,Studies Undergoing,0.01,45.671667,-92.921667,9/1/2030,,195.0,or:generator:290366,,1.95,2030,46.1,-93.1,0.46397394083935356
J3039,Solar,200.0,,Studies Undergoing,0.065,44.034953,-92.669411,9/1/2030,,260.0,or:generator:290367,,16.9,2030,44.3,-93.1,0.5056251567416278
J3181,Solar,100.0,,Studies Undergoing,0.037,40.102602,-89.343814,3/1/2030,,130.0,or:generator:290371,,4.81,2030,39.8,-89.5,0.3405319911550188
J3012,Solar,287.0,,Studies Undergoing,0.037,39.489827,-88.328023,3/1/2030,,373.1,or:generator:290374,,13.8047,2030,39.8,-88.6,0.4125273063180125
J3042,Solar,150.0,,Studies Undergoing,0.01,29.996347,-90.640903,9/1/2030,,195.0,or:generator:290378,,1.95,2030,29.9,-90.4,0.25945519809399636
J3107,Solar,150.0,,Studies Undergoing,0.285,41.600522,-91.56218,4/1/2032,,195.0,or:generator:290380,,55.575,2032,41.6,-91.3,0.26218051965010747
J3080,Solar,200.0,,Studies Undergoing,0.071,37.247698,-88.984514,3/1/2030,,260.0,or:generator:290383,,18.46,2030,37.1,-88.6,0.41190498346100063
J3134,Solar,150.0,,Studies Undergoing,0.016,45.0044,-84.7226,9/1/2030,,195.0,or:generator:290388,,3.12,2030,45.2,-85.0,0.33942616281012045
4Leaf Solar,Solar,150.0,EnergRe,Studies Undergoing,0.033,39.508416,-86.745032,3/1/2030,,195.0,or:generator:290392,,6.435,2030,39.8,-86.8,0.2967199185764252
J3192,Solar,500.0,,Studies Undergoing,0.01,35.65775,-91.223733,9/1/2030,,650.0,or:generator:290397,,6.5,2030,35.3,-91.3,0.36578917122982507
J3111,Solar,100.0,,Studies Undergoing,0.01,35.729,-90.615,9/1/2030,,130.0,or:generator:290399,,1.3,2030,35.3,-90.4,0.4798603963654399
J3131,Solar,300.0,,Studies Undergoing,0.01,33.563902,-92.792292,9/1/2030,,390.0,or:generator:290403,,3.9,2030,33.5,-93.1,0.3142732550949799
J2966,Solar,450.0,,Studies Undergoing,0.01,34.432822,-90.249618,9/1/2030,,585.0,or:generator:290406,,5.85,2030,34.4,-90.4,0.1539221543768228
J3014,Solar,280.0,,Studies Undergoing,0.01,31.002258,-93.251438,9/1/2030,,364.0,or:generator:290412,,3.64,2030,30.8,-93.1,0.25266928267599104
J3137,Solar,156.3,,Studies Undergoing,0.021,42.567313,-94.876227,4/1/2032,,203.2,or:generator:290413,,4.2672,2032,42.5,-94.9,0.07138764247403104
Iron Pine Solar: PV,Solar,288.0,Swift Current Energy,Studies Undergoing,0.013,46.26525,-92.806014,12/1/2029,,374.4,or:generator:290419,,4.8672,2029,46.1,-93.1,0.33724669115647976
J3167,Solar,180.0,,Studies Undergoing,0.037,40.342714,-90.317806,3/1/2030,,234.0,or:generator:290423,,8.658,2030,40.7,-90.4,0.36661852030687375
J2921,Solar,250.0,,Studies Undergoing,0.328,42.40923,-84.7504,9/1/2030,,325.0,or:generator:290430,,106.6,2030,42.5,-85.0,0.2655924564064279
J2967,Solar,200.0,,Studies Undergoing,0.01,30.260003,-92.928441,9/1/2030,,260.0,or:generator:290436,,2.6,2030,29.9,-93.1,0.3987914874843715
J2931,Solar,400.0,,Studies Undergoing,0.033,37.664756,-87.531647,3/1/2030,,520.0,or:generator:290445,,17.16,2030,38.0,-87.7,0.37514166943302996
J3112,Solar,100.0,,Studies Undergoing,0.01,34.562,-90.788,9/1/2030,,130.0,or:generator:290447,,1.3,2030,34.4,-90.4,0.42046165104560096
J3003,Solar,180.0,,Studies Undergoing,0.037,40.293125,-89.954713,3/1/2030,,234.0,or:generator:290471,,8.658,2030,40.7,-90.4,0.6031813806758347
J3050,Solar,255.0,,Studies Undergoing,0.399,42.40904,-84.702017,1/1/2032,,331.5,or:generator:290473,,132.2685,2032,42.5,-85.0,0.3115567201794911
J3041,Solar,200.0,,Studies Undergoing,0.065,44.034953,-92.669411,9/1/2030,,260.0,or:generator:290478,,16.9,2030,44.3,-93.1,0.5056251567416278
J3208,Solar,10.0,,Studies Undergoing,0.033,38.320278,-86.978889,3/1/2030,,13.0,or:generator:290486,,0.429,2030,38.0,-86.8,0.36685047581405766
J3229,Solar,140.0,,Studies Undergoing,0.181,38.047972,-92.119625,3/1/2030,,182.0,or:generator:290496,,32.942,2030,38.0,-92.2,0.09360263569473204
J3207,Solar,100.0,,Studies Undergoing,0.033,41.384569,-86.402861,3/1/2030,,130.0,or:generator:290514,,4.29,2030,41.6,-86.8,0.45180737165521945
J3114,Solar,300.0,,Studies Undergoing,0.037,38.94,-87.101,5/1/2032,,390.0,or:generator:290515,,14.43,2032,38.9,-86.8,0.3036461756716213
J3064,Solar,157.0,Pine Gate Renewables,Studies Undergoing,0.029,38.017625,-89.169622,3/1/2030,,204.1,or:generator:290516,,5.9189,2030,38.0,-89.5,0.3308477950795463
J2922,Solar,250.0,,Studies Undergoing,0.037,39.026867,-88.270914,3/1/2030,,325.0,or:generator:290517,,12.025,2030,38.9,-88.6,0.352693678827668
J3175,Solar,160.0,,Studies Undergoing,0.01,34.861467,-90.262997,9/1/2030,,208.0,or:generator:290535,,2.08,2030,35.3,-90.4,0.45943553856662156
Dyers Spring Solar: DYSP,Solar,200.0,EDP Renewables,Studies Undergoing,0.312,37.688411,-86.26927,3/1/2030,,260.0,or:generator:290539,,81.12,2030,38.0,-85.9,0.48316460737620137
J2920,Solar,92.0,,Studies Undergoing,0.01,31.658158,-93.451374,9/1/2030,,119.6,or:generator:290580,,1.196,2030,31.7,-93.1,0.3538565257841161
Gibson City Energy Center Solar,Solar,200.0,Earthrise Energy,Studies Undergoing,0.184,40.45208,-88.191087,3/1/2030,,260.0,or:generator:290581,,47.84,2030,40.7,-88.6,0.47819887909634307
J3120,Solar,200.0,,Studies Undergoing,0.01,35.735,-91.043,9/1/2030,,260.0,or:generator:290623,,2.6,2030,35.3,-91.3,0.5052464745052628
J3040,Solar,290.0,,Studies Undergoing,0.01,33.315989,-92.965139,9/1/2030,,377.0,or:generator:290652,,3.77,2030,33.5,-93.1,0.2281392939456058
J3082,Solar,135.0,,Studies Undergoing,0.01,32.060023,-91.704008,9/1/2030,,175.5,or:generator:290653,,1.755,2030,31.7,-91.3,0.5411460288988592
J2955,Solar,150.0,,Studies Undergoing,0.01,34.573809,-92.258982,9/1/2030,,195.0,or:generator:290655,,1.95,2030,34.4,-92.2,0.18354412222950517
J3081,Solar,105.0,,Studies Undergoing,0.021,34.277066,-92.952691,1/1/2032,,136.5,or:generator:290656,,2.8665,2032,34.4,-93.1,0.19186638537533893
J3049,Solar,188.0,,Studies Undergoing,0.01,32.697617,-90.009666,9/1/2030,,244.4,or:generator:290657,,2.444,2030,32.6,-90.4,0.40235520407347497
J3021,Solar,235.0,Apex Clean Energy,Studies Undergoing,0.01,44.254478,-95.798987,9/1/2030,,305.5,or:generator:290670,,3.055,2030,44.3,-95.8,0.0455332697376308
J2987,Solar,200.0,,Studies Undergoing,0.033,39.071947,-87.01276,3/1/2030,,260.0,or:generator:290673,,8.58,2030,38.9,-86.8,0.2735554576479919
J2937,Solar,186.0,,Studies Undergoing,0.037,39.260111,-89.26268,3/1/2030,,241.8,or:generator:290674,,8.9466,2030,38.9,-89.5,0.4312780016659799
J3076,Solar,500.0,,Studies Undergoing,0.033,38.367297,-87.827542,3/1/2030,,650.0,or:generator:290744,,21.45,2030,38.0,-87.7,0.3888110697665361
Austin Creek Solar: 11103,Solar,140.0,Strata Clean Energy,Studies Undergoing,0.019,39.790103,-91.31508,3/1/2030,,182.0,or:generator:290750,,3.458,2030,39.8,-91.3,0.018037655307711974
Ratcliff Solar Park: RAGSP,Solar,78.8,Greenalia,Studies Undergoing,0.054,30.217058,-95.81602,4/1/2029,,102.4,or:generator:290987,,5.5296,2029,29.9,-95.8,0.31746246355120755
Uvalde Solar 2: UVPV2,Solar,300.0,RWE Renewables,Studies Undergoing,0.054,29.225768,-99.69913,4/1/2029,,390.0,or:generator:291015,,21.06,2029,29.0,-99.4,0.37476652294994817
Trigo Solar Project,Solar,145.6,Ignis,Studies Undergoing,0.054,28.371609,-98.801039,4/1/2029,,189.3,or:generator:291028,,10.2222,2029,28.1,-98.5,0.40545767769521973
White Tail Solar,Solar,226.8,Chermac Energy Corporation,Studies Undergoing,0.09,34.77342,-102.3045,4/1/2029,,294.8,or:generator:291071,,26.532,2029,34.4,-102.1,0.4257496287725996
Timberlakes Solar,Solar,203.5,Donegalsol,Studies Undergoing,0.09,33.782395,-100.876041,4/1/2029,,264.6,or:generator:291075,,23.814,2029,33.5,-101.2,0.4297631553611849
Wensowitch Solar Park: WEGSP,Solar,145.6,Greenalia,Studies Undergoing,0.225,32.300261,-96.37123,4/1/2029,,189.3,or:generator:291095,,42.5925,2029,32.6,-96.7,0.44489682064609687
Slate Solar Project,Solar,104.9,Ignis,Studies Undergoing,0.054,27.316861,-99.422565,4/1/2029,,136.4,or:generator:291131,,7.3656,2029,27.2,-99.4,0.11901963092700309
Dovetail Solar 3,Solar,666.1,Hecate Energy,Studies Undergoing,0.054,33.059158,-97.908315,4/1/2029,,865.9,or:generator:291136,,46.7586,2029,33.5,-97.6,0.5379589279759261
Frio Farm,Solar,106.5,Premier Engineering Corporation,Studies Undergoing,0.054,29.056416,-98.952858,4/1/2029,,138.5,or:generator:291138,,7.479,2029,29.0,-99.4,0.4506869570111824
AH1-138,Solar,20.0,,Studies Undergoing,0.171,37.607452,-78.431946,1/1/2030,,26.0,or:generator:291148,,4.446,2030,38.0,-78.7,0.47533869947649093
Whistle Solar: GRS19,Solar,56.3,Gransolar Group,Studies Undergoing,0.054,31.985,-96.43658,4/1/2029,,73.2,or:generator:291158,,3.9528,2029,31.7,-96.7,0.3880916082576357
Reis Solar Park: REGSP,Solar,105.5,Greenalia,Studies Undergoing,0.054,28.4551,-98.21892,4/1/2029,,137.2,or:generator:291173,,7.4088,2029,28.1,-98.5,0.4528818570002576
Rockridge Solar,Solar,211.2,Pine Gate Renewables,IA Executed,0.8,29.472505,-97.85611,3/1/2028,,274.6,or:generator:291185,,219.68,2028,29.9,-97.6,0.49834155669079083
Ophelia Solar,Solar,110.5,Hanwha Renewables,Studies Undergoing,0.054,31.812132,-102.494219,4/1/2029,,143.7,or:generator:291202,,7.7598,2029,31.7,-102.1,0.40985632285595536
Nockenut Springs Solar 4,Solar,201.2,MAP Energy,Studies Undergoing,0.054,29.466394,-98.007701,6/1/2029,,261.5,or:generator:291272,,14.121,2029,29.9,-97.6,0.5951758300174833
GEN-2021-018,Solar,235.4,,IA Executed,0.75,36.44768,-97.05621,4/1/2029,,306.0,or:generator:291870,,229.5,2029,36.2,-96.7,0.43385590522659795
GEN-2022-100,Solar,80.0,,IA Executed,0.75,35.028643,-95.629852,3/1/2031,,104.0,or:generator:291873,,78.0,2031,35.3,-95.8,0.3202888748504954
Star Dairy Solar,Solar,116.0,X-Elio,IA Executed,0.8,33.633429,-95.583292,3/1/2028,,150.8,or:generator:291890,,120.64,2028,33.5,-95.8,0.25449097293420564
Leuven Solar: SEPAS,Solar,217.0,BREG - Belgian Renewable Energy Group,Studies Undergoing,0.054,32.49301,-100.2463,9/1/2029,,282.1,or:generator:291895,,15.2334,2029,32.6,-100.3,0.11971027566587526
Perry Creek Solar SLF,Solar,102.0,RES Renewables,Studies Undergoing,0.054,31.96389,-96.51788,4/1/2029,,132.7,or:generator:291908,,7.1658,2029,31.7,-96.7,0.3206331650032465
Smith Lake Solar DC,Solar,402.0,Birch Creek Development,IA Executed,0.8,30.663224,-95.976952,12/1/2028,,522.6,or:generator:291912,,418.08,2028,30.8,-95.8,0.22365080925406977
Blanket Ranch South Solar,Solar,101.3,Diode Ventures,Studies Undergoing,0.054,31.818071,-98.653857,4/1/2029,,131.7,or:generator:291914,,7.1118,2029,31.7,-98.5,0.19394003581004302
Bottom Grass Solar II,Solar,402.0,Enel Green Power,Studies Undergoing,0.225,29.797385,-96.876343,10/1/2028,,522.6,or:generator:291941,,117.585,2028,29.9,-96.7,0.2040262038905812
GEN-2022-104,Solar,113.1,,Studies Undergoing,0.215,33.972345,-96.159416,1/1/2031,,147.0,or:generator:292089,,31.605,2031,34.4,-95.8,0.5586310590013756
LADWP:200110000000:PV,Solar,150.0,,Studies Undergoing,0.19,34.861684,-118.235134,5/1/2029,,195.0,or:generator:293179,,37.05,2029,35.3,-118.3,0.44308973562022363
Principal:PV,Solar,1000.0,Copia Power,Pre-Study,0.01,34.319798,-109.165829,9/1/2029,,1300.0,or:generator:293182,,13.0,2029,34.4,-109.3,0.15631448443761897
Bonneville:G0825:PV,Solar,400.0,,Studies Undergoing,0.04,45.224781,-120.903291,5/1/2029,,520.0,or:generator:293185,,20.8,2029,45.2,-121.0,0.09983350460642293
Rock Mount Solar,Solar,100.0,Avantus,IA Executed,0.7,36.801227,-108.441716,9/1/2028,,130.0,or:generator:293207,,91.0,2028,37.1,-108.4,0.30167122863309653
Florida Power & Light Co:473:PV,Solar,75.0,,Studies Undergoing,0.16,27.231104,-81.801756,5/1/2029,,97.5,or:generator:293214,,15.6,2029,27.2,-81.4,0.40295823896775373
Florida Power & Light Co:439:PV,Solar,75.0,,Studies Undergoing,0.127,27.224254,-81.812486,5/1/2029,,97.5,or:generator:293215,,12.3825,2029,27.2,-81.4,0.4131984471316428
SouthernCompany:IC-1092:PV,Solar,80.0,,Studies Undergoing,0.048,32.144961,-86.463746,2/1/2029,,104.0,or:generator:293216,,4.992,2029,31.7,-86.8,0.5577248820314549
Tennessee Valley Authority:510:PV,Solar,140.0,,Studies Undergoing,0.21,36.026494,-88.383587,11/1/2029,,182.0,or:generator:293223,,38.22,2029,36.2,-88.6,0.2773786556406174
Tennessee Valley Authority:515:PV,Solar,67.0,,Studies Undergoing,0.167,35.69854,-89.125665,5/1/2029,,87.1,or:generator:293228,,14.5457,2029,35.3,-89.5,0.5467731008608643
Pepper Hammock 500 Solar:PV,Solar,500.0,BrightNight,Studies Undergoing,0.207,31.294349,-81.680375,2/1/2029,,650.0,or:generator:293233,,134.55,2029,31.7,-81.4,0.49311547777979425
Florida Power & Light Co:412:PV,Solar,75.0,,Studies Undergoing,0.127,27.340505,-80.23916,5/1/2029,,97.5,or:generator:293248,,12.3825,2029,27.2,-80.5,0.29627548097168144
Tennessee Valley Authority:314:PV,Solar,60.0,,IA Executed,0.7,33.643004,-88.646479,9/1/2028,,78.0,or:generator:293252,,54.6,2028,33.5,-88.6,0.150367687542902
Tennessee Valley Authority:512:PV,Solar,200.0,,Studies Undergoing,0.155,34.143743,-88.769752,2/1/2029,,260.0,or:generator:293265,,40.3,2029,34.4,-88.6,0.3073815081507016
Cereza Solar,Solar,2000.0,Savion Energy,Studies Undergoing,0.02,46.480649,-119.331159,5/1/2029,,2600.0,or:generator:293275,,52.0,2029,46.1,-119.2,0.4026119030555329
Florida Power & Light Co:475:PV,Solar,75.0,,Studies Undergoing,0.318,27.220614,-81.806986,7/1/2032,,97.5,or:generator:293276,,31.005,2032,27.2,-81.4,0.40750771918086565
Pine Belt Solar,Solar,125.0,NextEra Energy Resources,Studies Undergoing,0.01,31.264406,-89.146761,5/1/2029,,162.5,or:generator:293303,,1.625,2029,31.7,-89.5,0.5608207592065401
BHBE:BHBE G23:PV,Solar,110.0,Balanced Rock Power,Pre-Study,0.016,43.444066,-103.498534,9/1/2029,,143.0,or:generator:293328,,2.288,2029,43.4,-103.9,0.4038771614142095
Deschutes:G0797:PV,Solar,500.0,BrightNight,Studies Undergoing,0.02,45.675729,-120.732111,5/1/2029,,845.0,or:generator:293332,,16.9,2029,46.1,-121.0,0.5017672745028336
IID:GI-2022-160:PV,Solar,50.0,,Pre-Study,0.03,32.969626,-115.415089,9/1/2029,,65.0,or:generator:293349,,1.95,2029,33.5,-115.6,0.5616837702809312
Florida Power & Light Co:453:PV,Solar,75.0,,Studies Undergoing,0.127,27.353045,-80.24572,4/1/2030,,97.5,or:generator:293366,,12.3825,2030,27.2,-80.5,0.296784585895221
Florida Power & Light Co:477:PV,Solar,75.0,,Studies Undergoing,0.132,27.228204,-81.810916,5/1/2029,,97.5,or:generator:293384,,12.87,2029,27.2,-81.4,0.41188278025671377
Florida Power & Light Co:461:PV,Solar,75.0,,Studies Undergoing,0.127,26.178059,-81.75048,5/1/2029,,97.5,or:generator:293405,,12.3825,2029,26.3,-81.4,0.3710873723006391
Arizona Public Service:Q488:PV,Solar,600.0,,Studies Undergoing,0.204,32.967814,-112.684659,5/1/2029,,780.0,or:generator:293407,,159.12,2029,32.6,-112.9,0.42621459955872093
Ocilla Solar:PV,Solar,150.0,,Studies Undergoing,0.052,31.558374,-83.108618,2/1/2029,,195.0,or:generator:293415,,10.14,2029,31.7,-83.2,0.16854849094548097
Tatum Pines: PV,Solar,124.0,Recurrent Energy,IA Executed,0.7,32.665507,-82.405407,9/1/2028,,161.2,or:generator:293421,,112.84,2028,32.6,-82.3,0.12410399952459016
IID:GI-2022-162:PV,Solar,270.0,,Pre-Study,0.03,33.177002,-115.349115,9/1/2029,,351.0,or:generator:293431,,10.53,2029,33.5,-115.6,0.40898776415560073
Bonneville:G0777:PV,Solar,650.0,,Studies Undergoing,0.04,45.604868,-118.593158,5/1/2029,,845.0,or:generator:293437,,33.8,2029,45.2,-118.3,0.4998596907013042
Northwestern Energy:390:PV,Solar,250.0,ENGIE,Studies Undergoing,0.064,46.051498,-108.851868,5/1/2029,,325.0,or:generator:293438,,20.8,2029,46.1,-109.3,0.4507490803407156
Bonneville:G0768:PV,Solar,200.0,,Studies Undergoing,0.02,45.669729,-120.730161,5/1/2029,,260.0,or:generator:293446,,5.2,2029,46.1,-121.0,0.5078840609450217
TEP:124:PV,Solar,300.0,,Pre-Study,0.12,33.096711,-111.501416,9/1/2029,,390.0,or:generator:293462,,46.8,2029,33.5,-111.1,0.5690139036763602
Cowboy Solar 1: PV,Solar,400.0,Enbridge,Pre-Study,0.04,41.032968,-104.3816,9/1/2029,,520.0,or:generator:293472,,20.8,2029,40.7,-104.8,0.534720720585979
Florida Power & Light Co:471:PV,Solar,75.0,,Studies Undergoing,0.127,27.230814,-81.816766,5/1/2029,,97.5,or:generator:293475,,12.3825,2029,27.2,-81.4,0.4179035790131454
Pepper Hammock Solar:PV,Solar,200.0,BrightNight,Studies Undergoing,0.207,31.236196,-81.45005,2/1/2029,,260.0,or:generator:293477,,53.82,2029,30.8,-81.4,0.43905802909865904
Florida Power & Light Co:458:PV,Solar,75.0,,Studies Undergoing,0.127,27.350715,-80.24135,7/1/2029,,97.5,or:generator:293491,,12.3825,2029,27.2,-80.5,0.29935736791500894
Deschutes:G0773:PV,Solar,500.0,BrightNight,Studies Undergoing,0.02,45.675449,-120.731681,5/1/2029,,845.0,or:generator:293492,,16.9,2029,46.1,-121.0,0.5022336481778215
Florida Power & Light Co:333:PV,Solar,75.0,,Studies Undergoing,0.127,30.272057,-81.945557,5/1/2029,,97.5,or:generator:293529,,12.3825,2029,29.9,-82.3,0.513864039895772
Belmont Energy Center: PV,Solar,1000.0,,Studies Undergoing,0.191,33.474873,-113.026982,5/1/2029,,1300.0,or:generator:293543,,248.3,2029,33.5,-112.9,0.12944417504468642
Bonneville:G0795:PV,Solar,650.0,,Studies Undergoing,0.02,45.677799,-120.737801,5/1/2029,,845.0,or:generator:293548,,16.9,2029,46.1,-121.0,0.49699295769859614
Florida Power & Light Co:466:PV,Solar,75.0,,Studies Undergoing,0.105,26.100241,-81.66416,5/1/2029,,97.5,or:generator:293549,,10.2375,2029,26.3,-81.4,0.33118599559914164
Florida Power & Light Co:463:PV,Solar,75.0,,Studies Undergoing,0.127,26.177621,-81.755028,5/1/2029,,97.5,or:generator:293586,,12.3825,2029,26.3,-81.4,0.3755282951056998
Quicksilver:PIS024:PV,Solar,200.0,,Studies Undergoing,0.08,40.25542,-112.020605,5/1/2029,,260.0,or:generator:293587,,20.8,2029,40.7,-112.0,0.44505723499905253
Florida Power & Light Co:474:PV,Solar,75.0,,Studies Undergoing,0.4,27.216794,-81.812636,7/1/2032,,97.5,or:generator:293608,,39.0,2032,27.2,-81.4,0.41297761069093497
SouthernCompany:IC-1095:PV,Solar,50.0,,Studies Undergoing,0.036,34.365714,-85.051502,2/1/2029,,65.0,or:generator:293620,,2.34,2029,34.4,-85.0,0.0618707184377233
Grey Bobcat Solar,Solar,200.0,rPlus Energies,Studies Undergoing,0.02,47.286146,-120.079187,5/1/2029,,260.0,or:generator:293637,,5.2,2029,47.0,-120.1,0.28690192450557184
Crawford Solar:PV,Solar,160.0,,Studies Undergoing,0.036,32.655343,-83.846525,5/1/2029,,208.0,or:generator:293650,,7.488,2029,32.6,-84.1,0.25944637841757845
Bonneville:G0817:PV,Solar,215.0,,Studies Undergoing,0.02,46.518106,-120.851445,5/1/2029,,279.5,or:generator:293654,,5.59,2029,46.1,-121.0,0.44371298748290194
SouthernCompany:IC-1073:PV,Solar,80.0,,Studies Undergoing,0.065,32.17111,-87.727993,2/1/2029,,104.0,or:generator:293659,,6.76,2029,32.6,-87.7,0.42980255949563867
Florida Power & Light Co:456:PV,Solar,75.0,,Studies Undergoing,0.127,27.346745,-80.24667,4/1/2030,,97.5,or:generator:293664,,12.3825,2030,27.2,-80.5,0.2927630166619454
Two Rivers Solar:PV,Solar,102.0,Solariant Capital,Studies Undergoing,0.207,30.904081,-81.855416,2/1/2029,,132.6,or:generator:293678,,27.4482,2029,30.8,-82.3,0.45660462943009344
Arizona Public Service:Q486:PV,Solar,400.0,,Studies Undergoing,0.016,35.832737,-111.44663,5/1/2029,,520.0,or:generator:293703,,8.32,2029,36.2,-111.1,0.5050093742387404
TEP:119:PV,Solar,270.0,,Pre-Study,0.02,33.495062,-109.209294,9/1/2029,,351.0,or:generator:293707,,7.02,2029,33.5,-109.3,0.09084031197656432
Arizona Public Service:Q446:PV,Solar,250.0,,Studies Undergoing,0.191,33.68384,-112.495277,5/1/2029,,325.0,or:generator:293714,,62.075,2029,33.5,-112.9,0.44451979970413247
BHBE:BHBE G20:PV,Solar,250.0,,Pre-Study,0.016,43.047903,-106.787611,9/1/2029,,325.0,or:generator:293724,,5.2,2029,43.4,-106.6,0.3989613825046252
New River Solar PV,Solar,75.0,Origis Energy,IA Executed,0.7,30.03945,-82.288727,5/1/2029,,97.5,or:generator:293728,,68.25,2029,29.9,-82.3,0.139904907094069
Florida Power & Light Co:478:PV,Solar,75.0,,Studies Undergoing,0.127,27.216044,-81.810606,7/1/2029,,97.5,or:generator:293738,,12.3825,2029,27.2,-81.4,0.4109193317087931
Florida Power & Light Co:476:PV,Solar,75.0,,Studies Undergoing,0.318,27.223224,-81.806016,7/1/2032,,97.5,or:generator:293742,,31.005,2032,27.2,-81.4,0.4066796607060587
Florida Power & Light Co:462:PV,Solar,75.0,,Studies Undergoing,0.127,26.171238,-81.746321,5/1/2029,,97.5,or:generator:293756,,12.3825,2029,26.3,-81.4,0.36948327118422136
LADWP:190516000000:PV,Solar,250.0,Arevon Energy,Studies Undergoing,0.169,34.866457,-118.242539,5/1/2029,,325.0,or:generator:293767,,54.925,2029,35.3,-118.3,0.4373343107623739
Florida Power & Light Co:472:PV,Solar,75.0,,Studies Undergoing,0.127,27.217584,-81.815596,5/1/2029,,97.5,or:generator:293801,,12.3825,2029,27.2,-81.4,0.41596782600580384
Bonneville:G0791:PV,Solar,650.0,,Studies Undergoing,0.02,45.677799,-120.737801,5/1/2029,,845.0,or:generator:293802,,16.9,2029,46.1,-121.0,0.49699295769859614
Bonneville:G0826:PV,Solar,280.0,,Studies Undergoing,0.04,44.491429,-121.014608,5/1/2029,,364.0,or:generator:293807,,14.56,2029,44.3,-121.0,0.19198556118885513
BHBE:BHBE G22:PV,Solar,20.0,,Pre-Study,0.016,44.114345,-103.254191,9/1/2029,,26.0,or:generator:293821,,0.416,2029,44.3,-103.0,0.31477109699907624
Florida Power & Light Co:446:PV,Solar,75.0,,Studies Undergoing,0.127,27.340295,-80.25106,5/1/2029,,97.5,or:generator:293826,,12.3825,2029,27.2,-80.5,0.2857513090521246
Tennessee Valley Authority:501:PV,Solar,150.0,,Studies Undergoing,0.167,35.668333,-84.876533,5/1/2029,,195.0,or:generator:293848,,32.565,2029,35.3,-85.0,0.38847560924464886
SR Copeland: COPE,Solar,110.0,Silicon Ranch,Studies Undergoing,0.095,36.035453,-85.10991,5/1/2029,,143.0,or:generator:293850,,13.585,2029,36.2,-85.0,0.19787855697119336
Florida Power & Light Co:398:PV,Solar,75.0,,Studies Undergoing,0.4,30.101378,-82.021604,7/1/2032,,97.5,or:generator:293866,,39.0,2032,29.9,-82.3,0.343594865648486
Tennessee Valley Authority:519:PV,Solar,50.0,,Studies Undergoing,0.167,34.882596,-89.43861,12/1/2029,,65.0,or:generator:293868,,10.855,2029,35.3,-89.5,0.42189433667210846
GridLiance High Plains:GIS-2022-002:PV,Solar,30.0,,Pre-Study,0.032,36.708879,-102.469519,9/1/2029,,39.0,or:generator:293869,,1.248,2029,37.1,-102.1,0.5380705604305134
Florida Power & Light Co:457:PV,Solar,75.0,,Studies Undergoing,0.127,27.339945,-80.24821,7/1/2029,,97.5,or:generator:293877,,12.3825,2029,27.2,-80.5,0.28806736560221485
Florida Power & Light Co:411:PV,Solar,75.0,,Studies Undergoing,0.127,27.454863,-80.465246,5/1/2029,,97.5,or:generator:293895,,12.3825,2029,27.2,-80.5,0.2572216734355809
IID:GI-2022-157:PV,Solar,65.0,,Pre-Study,0.04,33.007686,-115.343781,9/1/2029,,84.5,or:generator:293903,,3.38,2029,33.5,-115.6,0.5549966221131385
Florida Power & Light Co:445:PV,Solar,75.0,,Studies Undergoing,0.14,27.346375,-80.25631,5/1/2029,,97.5,or:generator:293905,,13.65,2029,27.2,-80.5,0.2842718007910741
Arizona Public Service:Q480:PV,Solar,400.0,,Studies Undergoing,0.016,35.828312,-111.441001,5/1/2029,,520.0,or:generator:293913,,8.32,2029,36.2,-111.1,0.5044141664793014
Florida Power & Light Co:464:PV,Solar,75.0,,Studies Undergoing,0.127,26.171801,-81.750352,5/1/2029,,97.5,or:generator:294057,,12.3825,2029,26.3,-81.4,0.37307037875580684
Arizona Public Service:Q348:PV,Solar,300.0,,Studies Undergoing,0.016,35.824372,-111.445016,5/1/2029,,390.0,or:generator:294114,,6.24,2029,36.2,-111.1,0.5100317976754051
IID:GI-2022-159:PV,Solar,50.0,,Pre-Study,0.04,32.968981,-115.249362,9/1/2029,,65.0,or:generator:294172,,2.6,2029,33.5,-115.6,0.6363396776918702
MATL:MATL-GI-2022-001:PV,Solar,54.0,,Pre-Study,0.032,48.503469,-112.233835,9/1/2029,,70.2,or:generator:294211,,2.2464,2029,48.8,-112.0,0.37763665233395494
Mirage:PV,Solar,1650.0,Copia Power,Pre-Study,0.063,34.553201,-117.447237,9/1/2029,,2145.0,or:generator:294223,,135.135,2029,34.4,-117.4,0.1603180606482016
Bonneville:G0648:PV,Solar,300.0,,Studies Undergoing,0.014,42.079244,-121.386102,5/1/2029,,390.0,or:generator:294235,,5.46,2029,42.5,-121.0,0.57106073752272
Quicksilver:PIS027:PV,Solar,150.0,,Studies Undergoing,0.01,40.254995,-112.026506,5/1/2029,,195.0,or:generator:294238,,1.95,2029,40.7,-112.0,0.4457936945056553
Brenneman Solar:PV,Solar,150.0,Doral Renewables,Studies Undergoing,0.052,32.341112,-83.927035,2/1/2029,,195.0,or:generator:294242,,10.14,2029,32.6,-84.1,0.31135171072116535
Mystic Springs Renewable Energy (Hybrid): MYSPS,Solar,250.0,Vesper Energy,IA Executed,0.8,32.821255,-96.19042,3/1/2028,,325.0,or:generator:294329,,260.0,2028,32.6,-95.8,0.4487555586563852
SERENGETI SOLAR,Solar,76.2,ABEI Energy,IA Executed,0.8,33.507621,-95.691729,4/1/2028,,99.0,or:generator:294339,,79.2,2028,33.5,-95.8,0.108538882811647
Bar Candela Solar SLF,Solar,200.3,Naturgy,IA Executed,0.8,31.63292,-95.81386,3/1/2028,,260.4,or:generator:294341,,208.32,2028,31.7,-95.8,0.06849690503957329
Blanket Ranch North Solar,Solar,189.0,Diode Ventures,Studies Undergoing,0.054,31.82483,-98.666275,4/1/2029,,245.7,or:generator:294352,,13.2678,2029,31.7,-98.5,0.20791802356938527
Wolf Spring Solar,Solar,196.0,Red River Clean Energy,IA Executed,0.8,33.776586,-100.878091,8/1/2028,,254.8,or:generator:294360,,203.84,2028,33.5,-101.2,0.4244116158601273
Concho Pearl Solar and Storage: CONPV,Solar,171.9,Komipo,IA Executed,0.8,31.465492,-99.93435,3/1/2028,,223.5,or:generator:294363,,178.8,2028,31.7,-100.3,0.43438913955576836
Savannah Oaks Solar,Solar,201.2,Savion Energy,Studies Undergoing,0.054,31.432747,-96.251502,4/1/2029,,261.5,or:generator:294370,,14.121,2029,31.7,-96.7,0.522086795478492
VS RXI Wilmington: VSPRC,Solar,1.0,,Pre-Study,0.084,33.773285,-118.2792,9/1/2029,,1.3,or:generator:294375,,0.1092,2029,33.5,-118.3,0.274075411565869
Nymphaea Solar,Solar,121.0,NorthStar Clean Energy,Studies Undergoing,0.054,33.3242,-97.31273,4/1/2029,,157.3,or:generator:294558,,8.4942,2029,33.5,-97.6,0.336793249486976
Nockenut Springs Solar 5,Solar,201.2,MAP Energy,Studies Undergoing,0.054,29.469881,-98.003821,6/1/2029,,261.5,or:generator:294568,,14.121,2029,29.9,-97.6,0.5899777573790425
Hector Solar,Solar,82.0,"Hector Solar, LLC",Studies Undergoing,0.054,31.856486,-96.800223,4/1/2029,,106.6,or:generator:294569,,5.7564,2029,31.7,-96.7,0.18582927090477502
Sombrero Solar,Solar,351.9,Avangrid,Studies Undergoing,0.054,31.053552,-100.548637,4/1/2029,,457.4,or:generator:294576,,24.6996,2029,30.8,-100.3,0.3551182542097782
Puerto Del Sol 1,Solar,213.8,Terra-Gen,Studies Undergoing,0.054,25.98215,-97.376317,4/1/2029,,277.9,or:generator:294583,,15.0066,2029,26.3,-97.6,0.38866786204804393
El Molino Solar SLF,Solar,201.3,Birch Creek Development,Studies Undergoing,0.054,27.43573,-98.82995,4/1/2029,,261.7,or:generator:294585,,14.1318,2029,27.2,-98.5,0.40550664038952294
PNM:IA-PNM-2022-03:PV,Solar,100.0,,Studies Undergoing,0.016,35.605964,-106.034612,5/1/2029,,130.0,or:generator:294762,,2.08,2029,35.3,-105.7,0.4534083808665175
PNM:IA-PNM-2019-11:PV,Solar,500.0,Avantus,IA Executed,0.7,36.801118,-108.441934,9/1/2028,,650.0,or:generator:294777,,455.0,2028,37.1,-108.4,0.3018093939558529
PNM:SGI-PNM-2017-08:PV,Solar,11.0,,IA Executed,0.7,32.303767,-107.779407,9/1/2028,,14.3,or:generator:294786,,10.01,2028,32.6,-108.4,0.6876697331844698
Moasi Solar Project:PV,Solar,125.0,RWE Renewables,IA Executed,0.7,35.522203,-108.203102,9/1/2028,,162.5,or:generator:294798,,113.75,2028,35.3,-108.4,0.29688886070885506
PNM:IA-PNM-2023-04:PV,Solar,200.0,,Studies Undergoing,0.016,35.08174,-106.820158,5/1/2029,,260.0,or:generator:294800,,4.16,2029,35.3,-106.6,0.31001124586698875
Diamond Tail:PV,Solar,220.0,PCR Energy,Studies Undergoing,0.018,35.358788,-106.323676,5/1/2029,,286.0,or:generator:294803,,5.148,2029,35.3,-106.6,0.2825083749554931
PNM:IA-PNM-2023-07:PV,Solar,300.0,,Studies Undergoing,0.016,35.353708,-106.328085,5/1/2029,,390.0,or:generator:294804,,6.24,2029,35.3,-106.6,0.2771683901331393
Iris Del Sol:PV,Solar,76.0,,IA Executed,0.7,32.833009,-106.067433,9/1/2028,,98.8,or:generator:294809,,69.16,2028,32.6,-105.7,0.43508643229821764
Globemallow 2 Project: PV,Solar,199.0,Linea Energy,IA Executed,0.7,35.534781,-106.00256,9/1/2028,,258.7,or:generator:294818,,181.09,2028,35.3,-105.7,0.3829682383187962
PNM:SGI-PNM-2017-09:PV,Solar,8.0,,IA Executed,0.7,32.303684,-107.778192,9/1/2028,,10.4,or:generator:294832,,7.28,2028,32.6,-108.4,0.6888021201477276
PNM:IA-PNM-2021-09:PV,Solar,150.0,NextEra Energy Resources,IA Executed,0.7,35.083566,-106.737211,9/1/2028,,195.0,or:generator:294837,,136.5,2028,35.3,-106.6,0.2562626287171072
Globemallow 1 Project: PV,Solar,150.0,Linea Energy,IA Executed,0.7,35.557247,-105.96455,9/1/2028,,195.0,or:generator:294838,,136.5,2028,35.3,-105.7,0.3690023326606482
Four Mile Mesa Solar: PV,Solar,100.0,DESRI,Studies Undergoing,0.034,36.801679,-108.443076,1/1/2028,,130.0,or:generator:294847,,4.42,2028,37.1,-108.4,0.3014149313106449
PNM:IA-PNM-2023-06:PV,Solar,199.0,,Studies Undergoing,0.016,35.407029,-107.842552,5/1/2029,,258.7,or:generator:294848,,4.1392,2029,35.3,-107.5,0.35888310011060615
Bernalillo Solar & BESS:PV,Solar,400.0,Clenera,IA Executed,0.7,35.052071,-106.529439,9/1/2028,,520.0,or:generator:294849,,364.0,2028,35.3,-106.6,0.2577744047844923
PNM:IA-PNM-2023-05:PV,Solar,200.0,,Studies Undergoing,0.016,35.403144,-107.854796,5/1/2029,,260.0,or:generator:294854,,4.16,2029,35.3,-107.5,0.36948462261912235
Magpie Energy Center: PV,Solar,300.0,NextEra Energy Resources,IA Executed,0.7,35.114008,-106.484606,9/1/2028,,390.0,or:generator:294867,,273.0,2028,35.3,-106.6,0.2188807878732128
Huning Ranch Solar,Solar,150.0,NextEra Energy Resources,IA Executed,0.7,34.962857,-106.746038,9/1/2028,,195.0,or:generator:294883,,136.5,2028,35.3,-106.6,0.36741325492284516
Old Route 66 Power,Solar,200.0,,Studies Undergoing,0.01,35.099661,-105.018747,5/1/2029,,260.0,or:generator:294900,,2.6,2029,35.3,-104.8,0.29662428243487277
Goshen Solar,Solar,163.0,Greenvolt Power Renewables,Studies Undergoing,0.032,41.85353,-104.49752,5/1/2029,,211.9,or:generator:295105,,6.7808,2029,41.6,-104.8,0.3946791244796215
Tri-State G&T:GI-DISIS-2022-13:PV,Solar,199.0,,IA Executed,0.7,38.203439,-102.521479,5/1/2029,,258.7,or:generator:295146,,181.09,2029,38.0,-102.1,0.46800851932631043
GEN-2022-111,Solar,150.0,,Studies Undergoing,0.13,32.788462,-94.302772,2/1/2031,,195.0,or:generator:295200,,25.35,2031,32.6,-94.0,0.356635401254563
Clutch City Solar Phase II,Solar,251.3,Clearway Energy,IA Executed,0.8,29.36281,-95.20383,7/1/2028,,326.7,or:generator:295368,,261.36,2028,29.0,-94.9,0.4732269698569536
VALDIVIAN SOLAR,Solar,74.9,ABEI Energy,Studies Undergoing,0.054,33.255464,-95.915316,4/1/2029,,97.4,or:generator:295369,,5.2596,2029,33.5,-95.8,0.2703620445846642
Buffalo Meadow Solar,Solar,251.3,Savion Energy,Studies Undergoing,0.054,30.85849,-96.25889,4/1/2029,,326.7,or:generator:295376,,17.6418,2029,30.8,-96.7,0.44497091163356717
Inadale Solar,Solar,281.0,Solvent Energy,IA Executed,0.8,32.522338,-100.681857,4/1/2029,,365.3,or:generator:295389,,292.24,2029,32.6,-100.3,0.3896744213994523
Charro Creek Solar 3 SLF,Solar,203.0,Solar Proponent,Studies Undergoing,0.054,28.737469,-98.032893,4/1/2029,,263.9,or:generator:295392,,14.2506,2029,29.0,-97.6,0.5062794439931427
Charro Creek Solar 1 SLF,Solar,203.0,Solar Proponent,Studies Undergoing,0.054,28.733849,-98.026951,4/1/2029,,263.9,or:generator:295400,,14.2506,2029,29.0,-97.6,0.5031138153559317
Charro Creek Solar 2 SLF,Solar,203.0,Solar Proponent,Studies Undergoing,0.054,28.738611,-98.024251,4/1/2029,,263.9,or:generator:295407,,14.2506,2029,29.0,-97.6,0.49831026511803983
Black Walnut Solar: GEN1,Solar,80.0,Cypress Creek Renewables,Studies Undergoing,0.159,35.050032,-77.15218,5/1/2029,,104.0,or:generator:300625,,16.536,2029,35.3,-76.9,0.35507570097656016
Canyonville Solar (CSG): PV1,Solar,2.5,SolRiver Capital,Pre-Study,0.095,42.956886,-123.2618,9/1/2029,,3.3,or:generator:300636,,0.3135,2029,43.4,-123.7,0.623192792798512
SPIKES PEAK SOLAR,Solar,159.0,EDF Renewables,IA Executed,0.804,37.121941,-121.065955,10/1/2029,,206.7,or:generator:300815,,166.1868,2029,37.1,-121.0,0.06950877287076965
GEN-2022-214,Solar,239.0,,IA Executed,0.75,37.473456,-97.608428,2/1/2031,,310.7,or:generator:300844,,233.025,2031,37.1,-97.6,0.37355108769751716
1357,Solar,5.0,DESRI,IA Executed,0.65,41.866616,-72.74803,12/1/2028,,6.5,or:generator:300988,,4.225,2028,41.6,-72.4,0.4384164371416696
Panhandle Flagship Solar 1,Solar,439.4,Panhandle Solar Group,IA Executed,0.8,35.402477,-101.158225,6/1/2031,,571.2,or:generator:301007,,456.96,2031,35.3,-101.2,0.1106647466630642
Panhandle Flagship Solar 2,Solar,304.4,Panhandle Solar Group,IA Executed,0.8,35.406304,-101.14408,6/1/2031,,395.7,or:generator:301008,,316.56,2031,35.3,-101.2,0.12011489006780286
RIVERBEND SOLAR SLF,Solar,302.0,Nexamp,Studies Undergoing,0.054,31.569792,-96.972786,4/1/2029,,392.6,or:generator:301029,,21.2004,2029,31.7,-96.7,0.30226863062514103
Demeter Solar,Solar,88.0,Sunraycer,Studies Undergoing,0.054,29.688646,-97.65388,6/1/2029,,114.4,or:generator:301031,,6.1776,2029,29.9,-97.6,0.21811365779336409
Panhandle Flagship Solar 3,Solar,260.3,Panhandle Solar Group,IA Executed,0.8,35.397202,-101.157503,6/1/2031,,338.4,or:generator:301039,,270.72,2031,35.3,-101.2,0.10608592655484675
Flying Kite Solar,Solar,80.4,X-Elio,IA Executed,0.8,28.941982,-99.833331,3/1/2028,,104.5,or:generator:301047,,83.6,2028,29.0,-99.4,0.43719771715437417
Puerto Del Sol 2,Solar,213.8,Terra-Gen,Studies Undergoing,0.054,25.977901,-97.378161,4/1/2029,,277.9,or:generator:301050,,15.0066,2029,26.3,-97.6,0.39110140337512966
Burgos Solar,Solar,105.5,Karol Solar II,Studies Undergoing,0.054,30.620041,-97.211064,4/1/2029,,137.2,or:generator:301053,,7.4088,2029,30.8,-97.6,0.42855157656576287
DOS RIOS SOLAR SLF,Solar,120.6,Diode Ventures,Studies Undergoing,0.054,30.868857,-96.773974,4/1/2029,,156.8,or:generator:301058,,8.4672,2029,30.8,-96.7,0.10106156106551392
Hoosier Line Solar,Solar,180.0,Leeward Renewable Energy,IA Executed,0.6,40.636765,-86.906528,3/1/2028,,234.0,or:generator:392928,,140.4,2028,40.7,-86.8,0.12388252503480938
SRP:ANPP HVS:Q22:PV,Solar,125.0,,Studies Undergoing,0.095,33.347203,-112.851049,5/1/2029,,162.5,or:generator:393308,,15.4375,2029,33.5,-112.9,0.1604466378893622
Bonneville:G0850:PV,Solar,400.0,,Studies Undergoing,0.04,45.229621,-120.895181,5/1/2029,,520.0,or:generator:393322,,20.8,2029,45.2,-121.0,0.10892394778927741
SRP:ANPP HVS:Q28:PV,Solar,250.0,,Studies Undergoing,0.095,33.339093,-112.850518,5/1/2029,,325.0,or:generator:393357,,30.875,2029,33.5,-112.9,0.16834349103247714
Bonneville:G0841:PV,Solar,400.0,,Studies Undergoing,0.045,44.479919,-121.017658,5/1/2029,,520.0,or:generator:393360,,23.4,2029,44.3,-121.0,0.18078343819333065
Bonneville:G0847:PV,Solar,150.0,,Studies Undergoing,0.016,46.410447,-117.903133,5/1/2029,,195.0,or:generator:393377,,3.12,2029,46.1,-118.3,0.5038658110032849
PGE:23-230:PV,Solar,500.0,,Studies Undergoing,0.036,44.599811,-121.267552,5/1/2029,,650.0,or:generator:393417,,23.4,2029,44.3,-121.0,0.4018341802597192
Bonneville:G0838:PV,Solar,150.0,,Studies Undergoing,0.24,44.780481,-122.67307,5/1/2029,,195.0,or:generator:393452,,46.8,2029,45.2,-122.8,0.4383006003429625
SunDog Solar Energy Center:PV,Solar,200.0,Invenergy,Studies Undergoing,0.095,33.400373,-110.829676,5/1/2029,,260.0,or:generator:393461,,24.7,2029,33.5,-111.1,0.2880982542553723
IPCO:710:PV,Solar,200.0,,Pre-Study,0.159,43.523119,-116.146959,9/1/2029,,260.0,or:generator:393464,,41.34,2029,43.4,-116.5,0.37389334821845105
SouthernCompany:IC-1103:PV,Solar,64.0,,IA Executed,0.7,32.665507,-82.405407,9/1/2028,,83.2,or:generator:393506,,58.24,2028,32.6,-82.3,0.12410399952459016
Bonneville:G0855:PV,Solar,175.0,,Studies Undergoing,0.023,45.924748,-119.312733,5/1/2029,,227.5,or:generator:393546,,5.2325,2029,46.1,-119.2,0.20837944426693875
Bonneville:G0853:PV,Solar,300.0,,Studies Undergoing,0.02,47.536763,-120.27932,5/1/2029,,390.0,or:generator:393564,,7.8,2029,47.9,-120.1,0.4050886082932968
IPCO:704:PV,Solar,330.0,,Studies Undergoing,0.45,42.838649,-114.426659,5/1/2029,,429.0,or:generator:393566,,193.05,2029,42.5,-114.7,0.4351993192572788
Bonneville:G0849:PV,Solar,400.0,,Studies Undergoing,0.04,45.238551,-120.900091,5/1/2029,,520.0,or:generator:393595,,20.8,2029,45.2,-121.0,0.10708869166256166
Sage and Sky Solar,Solar,150.0,rPlus Energies,Pre-Study,0.159,43.50559,-116.344187,9/1/2029,,195.0,or:generator:393655,,31.005,2029,43.4,-116.5,0.18822045337581747
PGE:23-229:PV,Solar,250.0,,Studies Undergoing,0.036,44.683991,-121.122842,5/1/2029,,325.0,or:generator:393681,,11.7,2029,44.3,-121.0,0.40316156196369063
SRP:ANPP HVS:Q29:PV,Solar,250.0,,Studies Undergoing,0.095,33.341378,-112.860869,5/1/2029,,325.0,or:generator:393698,,30.875,2029,33.5,-112.9,0.16337739759526496
MATL:MATL-GI-2023-004:PV,Solar,192.5,,Pre-Study,0.032,48.502985,-112.234542,9/1/2029,,250.3,or:generator:393703,,8.0096,2029,48.8,-112.0,0.37845456793253146
Bonneville:G0840:PV,Solar,300.0,,Studies Undergoing,0.02,47.536367,-120.278502,5/1/2029,,390.0,or:generator:393737,,7.8,2029,47.9,-120.1,0.4050826121830005
Bonneville:G0844:PV,Solar,280.0,,Studies Undergoing,0.02,45.929844,-119.636585,5/1/2029,,364.0,or:generator:393738,,7.28,2029,46.1,-119.2,0.4685717944573639
Bonneville:G0843:PV,Solar,120.0,,Studies Undergoing,0.02,45.931904,-119.634219,5/1/2029,,156.0,or:generator:393743,,3.12,2029,46.1,-119.2,0.46562045184570494
WAPA:2022-G11:PV,Solar,150.0,,Studies Undergoing,0.095,33.950253,-113.533911,5/1/2029,,195.0,or:generator:393788,,18.525,2029,34.4,-113.8,0.5225664741733808
Healing Springs Solar: GEN1,Solar,55.0,Cypress Creek Renewables,Pre-Study,0.08,35.623627,-80.15972,9/1/2029,,71.5,or:generator:393942,,5.72,2029,35.3,-80.5,0.4696008023087333
Panther Branch Solar: GEN1,Solar,80.0,Cypress Creek Renewables,Pre-Study,0.08,35.145344,-78.15963,9/1/2029,,104.0,or:generator:393950,,8.32,2029,35.3,-77.8,0.3914744119811738
MA Acushnet 540R Main St: 18229,Solar,4.0,"TJA 540R Main St. Acushnet, LLC",Pre-Study,0.196,41.702987,-70.8888,11/1/2030,,5.2,or:generator:393951,,1.0192,2030,41.6,-70.6,0.3066133757177025
Hyco Solar: GEN1,Solar,80.0,Cypress Creek Renewables,Pre-Study,0.08,36.484574,-79.13311,9/1/2029,,104.0,or:generator:394226,,8.32,2029,36.2,-78.7,0.5182341493726546
CIPCO:70:PV,Solar,75.0,,Studies Undergoing,0.412,41.151544,-91.17685,3/1/2030,,97.5,or:generator:404700,,40.17,2030,41.6,-91.3,0.4650577452704116
La Salle Solar: LSPV1,Solar,500.0,OCI Energy,IA Executed,0.8,28.092519,-99.05701,3/1/2028,,650.0,or:generator:404732,,520.0,2028,28.1,-99.4,0.3430715748367974
Waterloo Solar 1,Solar,201.0,RWE Renewables,IA Executed,0.8,30.250472,-97.478689,3/1/2028,,261.3,or:generator:404752,,209.04,2028,29.9,-97.6,0.370873268792721
Longfellow Solar I,Solar,178.2,"CENTURY GAS PROCESSING, LLC",IA Executed,0.8,30.606598,-102.587987,12/1/2028,,231.7,or:generator:404754,,185.36,2028,30.8,-103.0,0.45514727921080783
Longfellow Solar II,Solar,207.4,"CENTURY GAS PROCESSING, LLC",IA Executed,0.8,30.611505,-102.579614,12/1/2028,,269.6,or:generator:404776,,215.68,2028,30.8,-103.0,0.46071113945833175
MN CSG 2019-54: RETTE,Solar,1.0,New Energy Equity,Pre-Study,0.052,44.23409,-93.979464,3/1/2031,,1.5,or:generator:411970,,0.078,2031,44.3,-94.0,0.06903517506314923
Tres Rios Ranch Solar,Solar,508.0,LectricWind LLC,IA Executed,0.8,31.153559,-101.984944,3/1/2028,,660.4,or:generator:426457,,528.32,2028,30.8,-102.1,0.3718088885664239
Timber Cove Solar: 59957,Solar,100.0,BluEarth Renewables,Studies Undergoing,0.054,31.870589,-96.15247,4/1/2029,,130.0,or:generator:426460,,7.02,2029,31.7,-95.8,0.39158103608448347
FLIFER Solar I,Solar,84.0,Velandera Energy,Studies Undergoing,0.054,31.579211,-102.957263,4/1/2029,,109.2,or:generator:426461,,5.8968,2029,31.7,-103.0,0.1281266314627831
Luthor Solar,Solar,101.0,TREX US Luthor LLC,Studies Undergoing,0.054,32.457523,-101.523847,4/1/2029,,131.3,or:generator:426464,,7.0902,2029,32.6,-101.2,0.35380301714089474
Happy Dog Solar,Solar,86.0,X-Elio,IA Executed,0.8,31.008768,-97.395228,3/1/2028,,111.8,or:generator:426474,,89.44,2028,30.8,-97.6,0.2924305897268548
Amerada: AMERA,Solar,300.0,Cypress Creek Renewables,Studies Undergoing,0.054,31.861926,-96.11463,4/1/2029,,390.0,or:generator:426492,,21.06,2029,31.7,-95.8,0.3538531706456868
Lemma Solar,Solar,100.6,Greening USA Corp.,Studies Undergoing,0.09,33.584978,-99.803095,4/1/2029,,130.8,or:generator:426495,,11.772,2029,33.5,-99.4,0.4119548998482656
Oriole Solar,Solar,504.0,TotalEnergies,IA Executed,0.8,33.650782,-99.419611,12/1/2028,,655.2,or:generator:426499,,524.16,2028,33.5,-99.4,0.15205197415686442
Arizona Public Service:Q425:PV,Solar,200.0,,Studies Undergoing,0.1,32.623656,-114.540893,5/1/2029,,260.0,or:generator:426502,,26.0,2029,32.6,-114.7,0.16085597217698092
Arizona Public Service:Q493:PV,Solar,100.0,,Studies Undergoing,0.24,32.733112,-111.567465,5/1/2029,,130.0,or:generator:426506,,31.2,2029,32.6,-112.0,0.4525542296443604
Arizona Public Service:Q507:PV,Solar,400.0,,Studies Undergoing,0.147,33.429742,-112.542196,5/1/2029,,520.0,or:generator:426528,,76.44,2029,33.5,-112.9,0.3646366533688042
Arizona Public Service:Q528:PV,Solar,500.0,,Studies Undergoing,0.016,34.936434,-110.303222,5/1/2029,,650.0,or:generator:426557,,10.4,2029,35.3,-110.2,0.3779352029647405
El Paso Electric Co:LG-23-3-2:PV,Solar,300.0,,IA Executed,0.7,35.122523,-106.713044,12/1/2029,,390.0,or:generator:426581,,273.0,2029,35.3,-106.6,0.21042108132266382
Florida Power & Light Co:490:PV,Solar,75.0,,Studies Undergoing,0.127,27.346165,-80.25656,7/1/2029,,97.5,or:generator:426585,,12.3825,2029,27.2,-80.5,0.28394936313540703
Florida Power & Light Co:492:PV,Solar,75.0,,Studies Undergoing,0.127,27.59461,-80.563101,5/1/2029,,97.5,or:generator:426587,,12.3825,2029,27.2,-80.5,0.3996233080051769
Florida Power & Light Co:493:PV,Solar,75.0,,Studies Undergoing,0.127,27.659164,-80.495197,5/1/2029,,97.5,or:generator:426588,,12.3825,2029,28.1,-80.5,0.44086216406604994
Florida Power & Light Co:496:PV,Solar,75.0,,Studies Undergoing,0.01,26.948859,-80.543493,7/1/2029,,97.5,or:generator:426591,,0.975,2029,27.2,-80.5,0.2548792712834845
Florida Power & Light Co:497:PV,Solar,75.0,,Studies Undergoing,0.16,27.156796,-80.356256,7/1/2029,,97.5,or:generator:426592,,15.6,2029,27.2,-80.5,0.1500963795432768
Florida Power & Light Co:498:PV,Solar,75.0,,Studies Undergoing,0.01,27.029605,-80.316553,7/1/2029,,97.5,or:generator:426593,,0.975,2029,27.2,-80.5,0.25037423556348626
Florida Power & Light Co:499:PV,Solar,75.0,,Studies Undergoing,0.127,27.001414,-80.515674,7/1/2029,,97.5,or:generator:426594,,12.3825,2029,27.2,-80.5,0.19920359854179256
Florida Power & Light Co:500:PV,Solar,75.0,,Studies Undergoing,0.127,27.165055,-80.537314,4/1/2030,,97.5,or:generator:426595,,12.3825,2030,27.2,-80.5,0.05112228106217147
Florida Power & Light Co:501:PV,Solar,75.0,,Studies Undergoing,0.127,27.090908,-80.289905,4/1/2030,,97.5,or:generator:426596,,12.3825,2030,27.2,-80.5,0.2367297477905939
Florida Power & Light Co:502:PV,Solar,75.0,,Studies Undergoing,0.127,27.180858,-80.366684,4/1/2030,,97.5,or:generator:426597,,12.3825,2030,27.2,-80.5,0.1346832284287774
Florida Power & Light Co:503:PV,Solar,75.0,,Studies Undergoing,0.127,27.204888,-80.437435,4/1/2030,,97.5,or:generator:426598,,12.3825,2030,27.2,-80.5,0.06275565129134439
Florida Power & Light Co:504:PV,Solar,75.0,,Studies Undergoing,0.127,27.22024,-80.514155,10/1/2030,,97.5,or:generator:426599,,12.3825,2030,27.2,-80.5,0.02469861585190784
Florida Power & Light Co:505:PV,Solar,75.0,,Studies Undergoing,0.028,27.17796,-80.454567,10/1/2030,,97.5,or:generator:426600,,2.73,2030,27.2,-80.5,0.05049672354717947
Florida Power & Light Co:506:PV,Solar,75.0,,Studies Undergoing,0.127,27.149498,-80.558033,10/1/2030,,97.5,or:generator:426601,,12.3825,2030,27.2,-80.5,0.07693036522075783
Florida Power & Light Co:507:PV,Solar,75.0,,Studies Undergoing,0.16,27.056887,-80.336079,10/1/2030,,97.5,or:generator:426602,,15.6,2030,27.2,-80.5,0.21760382581655255
Florida Power & Light Co:509:PV,Solar,75.0,,Studies Undergoing,0.127,27.43705,-81.93037,5/1/2029,,97.5,or:generator:426604,,12.3825,2029,27.2,-82.3,0.4391116479894385
Florida Power & Light Co:510:PV,Solar,75.0,,Studies Undergoing,0.16,27.43895,-81.93633,5/1/2029,,97.5,or:generator:426605,,15.6,2029,27.2,-82.3,0.4351470687020641
Florida Power & Light Co:511:PV,Solar,75.0,,Studies Undergoing,0.127,27.43623,-81.92118,7/1/2030,,97.5,or:generator:426606,,12.3825,2030,27.2,-82.3,0.4464405954883497
Florida Power & Light Co:513:PV,Solar,75.0,,Studies Undergoing,0.2,26.910706,-81.947534,10/1/2029,,97.5,or:generator:426608,,19.5,2029,27.2,-82.3,0.45598607390137885
Florida Power & Light Co:514:PV,Solar,75.0,,Studies Undergoing,0.135,26.912277,-81.945994,10/1/2029,,97.5,or:generator:426609,,13.1625,2029,27.2,-82.3,0.45618502032070124
Florida Power & Light Co:515:PV,Solar,75.0,,Pre-Study,0.032,26.919398,-81.952526,10/1/2029,,97.5,or:generator:426610,,3.12,2029,27.2,-82.3,0.44662698427210246
Florida Power & Light Co:516:PV,Solar,75.0,,Pre-Study,0.032,26.908572,-81.947293,10/1/2029,,97.5,or:generator:426611,,3.12,2029,27.2,-82.3,0.4575286953110116
Florida Power & Light Co:517:PV,Solar,75.0,,Pre-Study,0.032,26.9069,-81.944595,10/1/2029,,97.5,or:generator:426612,,3.12,2029,27.2,-82.3,0.4606737718006015
Florida Power & Light Co:518:PV,Solar,75.0,,Pre-Study,0.032,26.907708,-81.940771,10/1/2029,,97.5,or:generator:426613,,3.12,2029,27.2,-82.3,0.4631199495864967
Florida Power & Light Co:519:PV,Solar,75.0,,Studies Undergoing,0.159,26.916722,-81.954411,10/1/2029,,97.5,or:generator:426614,,15.5025,2029,27.2,-82.3,0.446853647411546
Florida Power & Light Co:520:PV,Solar,75.0,,Studies Undergoing,0.159,26.90857,-81.943404,10/1/2029,,97.5,or:generator:426615,,15.5025,2029,27.2,-82.3,0.46053463725977906
Florida Power & Light Co:522:PV,Solar,75.0,,Studies Undergoing,0.159,26.694366,-81.441017,5/1/2029,,97.5,or:generator:426617,,15.5025,2029,26.3,-81.4,0.3964932991173976
Florida Power & Light Co:523:PV,Solar,75.0,,Pre-Study,0.032,26.710596,-81.443577,9/1/2029,,97.5,or:generator:426618,,3.12,2029,26.3,-81.4,0.4129019619050004
Florida Power & Light Co:524:PV,Solar,75.0,,Pre-Study,0.032,26.701776,-81.443107,9/1/2029,,97.5,or:generator:426619,,3.12,2029,26.3,-81.4,0.4040818823270821
Florida Power & Light Co:525:PV,Solar,75.0,,Pre-Study,0.032,26.709066,-81.441547,9/1/2029,,97.5,or:generator:426620,,3.12,2029,26.3,-81.4,0.4111704580402134
Florida Power & Light Co:526:PV,Solar,75.0,,Studies Undergoing,0.137,26.694096,-81.435127,5/1/2029,,97.5,or:generator:426621,,13.3575,2029,26.3,-81.4,0.39565839223375165
Florida Power & Light Co:527:PV,Solar,75.0,,Studies Undergoing,0.176,26.698386,-81.436697,5/1/2029,,97.5,or:generator:426622,,17.16,2029,26.3,-81.4,0.4000725869201714
Florida Power & Light Co:528:PV,Solar,75.0,,Pre-Study,0.032,26.707936,-81.431477,9/1/2029,,97.5,or:generator:426623,,3.12,2029,26.3,-81.4,0.4091486057962305
Florida Power & Light Co:529:PV,Solar,75.0,,Pre-Study,0.032,26.704516,-81.430157,9/1/2029,,97.5,or:generator:426624,,3.12,2029,26.3,-81.4,0.40563855697529555
Florida Power & Light Co:530:PV,Solar,75.0,,Pre-Study,0.032,26.712776,-81.438237,1/1/2030,,97.5,or:generator:426625,,3.12,2030,26.3,-81.4,0.41454323579694363
Florida Power & Light Co:531:PV,Solar,75.0,,Studies Undergoing,0.159,26.698596,-81.436677,1/1/2030,,97.5,or:generator:426626,,15.5025,2030,26.3,-81.4,0.40027986902291
Florida Power & Light Co:532:PV,Solar,75.0,,Studies Undergoing,0.2,26.700076,-81.439057,1/1/2030,,97.5,or:generator:426627,,19.5,2030,26.3,-81.4,0.4019779285296629
Florida Power & Light Co:533:PV,Solar,75.0,,Pre-Study,0.032,26.704936,-81.432537,1/1/2030,,97.5,or:generator:426628,,3.12,2030,26.3,-81.4,0.40624108662837005
Florida Power & Light Co:534:PV,Solar,75.0,,Studies Undergoing,0.2,26.700946,-81.429707,1/1/2030,,97.5,or:generator:426629,,19.5,2030,26.3,-81.4,0.40204502330584485
Florida Power & Light Co:535:PV,Solar,75.0,Public Service Enterprise Group,IA Executed,0.7,26.693976,-81.435727,10/1/2030,,97.5,or:generator:426630,,68.25,2030,26.3,-81.4,0.3955926024396797
Florida Power & Light Co:536:PV,Solar,75.0,,Pre-Study,0.032,26.700666,-81.447577,10/1/2030,,97.5,or:generator:426631,,3.12,2030,26.3,-81.4,0.4034808725144193
Florida Power & Light Co:537:PV,Solar,75.0,,Pre-Study,0.032,26.699146,-81.443257,10/1/2030,,97.5,or:generator:426632,,3.12,2030,26.3,-81.4,0.40148312214213727
Florida Power & Light Co:538:PV,Solar,75.0,,Pre-Study,0.032,26.699356,-81.443897,10/1/2030,,97.5,or:generator:426633,,3.12,2030,26.3,-81.4,0.4017613238541023
Florida Power & Light Co:539:PV,Solar,75.0,,Pre-Study,0.032,26.702686,-81.446177,10/1/2030,,97.5,or:generator:426634,,3.12,2030,26.3,-81.4,0.4053249682970436
Florida Power & Light Co:540:PV,Solar,75.0,,Pre-Study,0.032,26.700206,-81.434557,10/1/2030,,97.5,or:generator:426635,,3.12,2030,26.3,-81.4,0.4016951937539209
Florida Power & Light Co:541:PV,Solar,75.0,,Pre-Study,0.032,26.709426,-81.429057,7/1/2031,,97.5,or:generator:426636,,3.12,2031,26.3,-81.4,0.4104557938743216
Florida Power & Light Co:542:PV,Solar,75.0,,Pre-Study,0.032,26.709126,-81.438957,10/1/2031,,97.5,or:generator:426637,,3.12,2031,26.3,-81.4,0.4109765586076658
Florida Power & Light Co:543:PV,Solar,75.0,,Pre-Study,0.032,26.707266,-81.432507,10/1/2031,,97.5,or:generator:426638,,3.12,2031,26.3,-81.4,0.4085612558784786
Florida Power & Light Co:544:PV,Solar,75.0,,Pre-Study,0.032,26.701736,-81.435587,10/1/2031,,97.5,or:generator:426639,,3.12,2031,26.3,-81.4,0.40330912246687306
Florida Power & Light Co:545:PV,Solar,75.0,,Studies Undergoing,0.2,26.698246,-81.433817,10/1/2031,,97.5,or:generator:426640,,19.5,2031,26.3,-81.4,0.3996792038685528
Florida Power & Light Co:546:PV,Solar,75.0,,Studies Undergoing,0.5,26.702476,-81.434477,1/1/2032,,97.5,or:generator:426641,,48.75,2032,26.3,-81.4,0.403949989608862
Florida Power & Light Co:547:PV,Solar,75.0,,Pre-Study,0.08,26.711226,-81.432827,1/1/2032,,97.5,or:generator:426642,,7.8,2032,26.3,-81.4,0.4125341622278077
Florida Power & Light Co:548:PV,Solar,75.0,,Pre-Study,0.08,26.702346,-81.438577,1/1/2032,,97.5,or:generator:426643,,7.8,2032,26.3,-81.4,0.40419115359566876
Florida Power & Light Co:549:PV,Solar,75.0,,Pre-Study,0.08,26.696556,-81.436147,1/1/2032,,97.5,or:generator:426644,,7.8,2032,26.3,-81.4,0.3982000335823696
Florida Power & Light Co:550:PV,Solar,75.0,,Pre-Study,0.08,26.711636,-81.442487,1/1/2032,,97.5,or:generator:426645,,7.8,2032,26.3,-81.4,0.41382283850096746
Florida Power & Light Co:551:PV,Solar,75.0,,Studies Undergoing,0.398,26.708116,-81.433237,4/1/2032,,97.5,or:generator:426646,,38.805,2032,26.3,-81.4,0.4094671752717179
Florida Power & Light Co:552:PV,Solar,75.0,,Studies Undergoing,0.302,26.694856,-81.429477,4/1/2032,,97.5,or:generator:426647,,29.445,2032,26.3,-81.4,0.39595473764686867
Hampton Solar,Solar,74.9,Origis Energy,Pre-Study,0.032,29.759327,-82.391828,1/1/2031,,97.4,or:generator:426650,,3.1168,2031,29.9,-82.3,0.16799188823571548
Rock House Solar: ROCKH,Solar,250.0,EDF Renewables,Studies Undergoing,0.052,33.4481,-82.4039,5/1/2029,,325.0,or:generator:426658,,16.9,2029,33.5,-82.3,0.11614137936153288
Red Dirt Solar:PV,Solar,153.0,Solariant Capital,Studies Undergoing,0.052,32.847273,-84.504369,2/1/2029,,198.9,or:generator:426662,,10.3428,2029,32.6,-84.1,0.4739812493021238
IID:GI-2021-149:PV,Solar,175.0,,Pre-Study,0.04,32.78061,-115.627886,9/1/2029,,227.5,or:generator:426674,,9.1,2029,33.5,-115.6,0.7199302751628079
IID:GI-2022-154:PV,Solar,100.0,,Pre-Study,0.04,32.75897,-115.638958,9/1/2029,,130.0,or:generator:426677,,5.2,2029,33.5,-115.6,0.7420533583671755
IID:GI-2022-164:PV,Solar,800.0,,Pre-Study,0.03,32.971003,-115.401529,9/1/2029,,1040.0,or:generator:426679,,31.2,2029,33.5,-115.6,0.5650031538407514
Imperial Irrigation District:GI-2023-165:PV,Solar,50.0,,Pre-Study,0.03,33.296746,-115.069504,9/1/2029,,65.0,or:generator:426681,,1.95,2029,33.5,-114.7,0.4217171973396326
IID:GI-2023-167:PV,Solar,500.0,,Pre-Study,0.03,33.271393,-115.957169,9/1/2029,,650.0,or:generator:426684,,19.5,2029,33.5,-115.6,0.42406468257802105
Puget Sound Energy Inc:83:PV,Solar,250.0,,IA Executed,0.7,46.051699,-108.851658,5/1/2029,,325.0,or:generator:426777,,227.5,2029,46.1,-109.3,0.4509362877003771
Tennessee Valley Authority:522:PV,Solar,67.0,,Studies Undergoing,0.052,33.213742,-89.241444,2/1/2029,,87.1,or:generator:426785,,4.5292,2029,33.5,-89.5,0.3857393520241322
Tennessee Valley Authority:530:PV,Solar,90.0,,Studies Undergoing,0.167,34.323395,-89.926925,5/1/2029,,117.0,or:generator:426797,,19.539,2029,34.4,-89.5,0.4337433361447731
Tennessee Valley Authority:538:PV,Solar,150.0,,Studies Undergoing,0.167,35.522112,-88.260576,5/1/2029,,195.0,or:generator:426806,,32.565,2029,35.3,-88.6,0.40563825302847994
Winchester: PV,Solar,300.0,Torch Clean Energy,Pre-Study,0.02,32.42156,-109.642177,9/1/2029,,390.0,or:generator:426810,,7.8,2029,32.6,-109.3,0.38590922887254875
WAPA - Sierra Nevada:2023-G1:PV,Solar,800.0,,Pre-Study,0.159,36.875815,-119.692815,9/1/2029,,1040.0,or:generator:426825,,165.36,2029,37.1,-120.1,0.4648209746235619
WAPA - Sierra Nevada:2023-G2:PV,Solar,800.0,,Pre-Study,0.159,36.67714,-119.654167,9/1/2029,,1040.0,or:generator:426827,,165.36,2029,37.1,-120.1,0.6144734684988393
Bonneville:G0839:PV,Solar,150.0,,Studies Undergoing,0.24,44.770011,-122.67662,5/1/2029,,195.0,or:generator:427204,,46.8,2029,45.2,-122.8,0.4473400993886024
Bonneville:G0865:PV,Solar,200.0,,Studies Undergoing,0.02,45.703328,-120.70935,5/1/2029,,260.0,or:generator:427211,,5.2,2029,46.1,-121.0,0.49175817032765357
Bonneville:G0866:PV,Solar,300.0,,Studies Undergoing,0.04,45.499247,-120.506403,5/1/2029,,390.0,or:generator:427213,,15.6,2029,45.2,-120.1,0.504690167744534
Bonneville:G0879:PV,Solar,80.0,,Studies Undergoing,0.24,44.137139,-123.019761,12/1/2029,,104.0,or:generator:427229,,24.96,2029,44.3,-122.8,0.2735298931415033
Bonneville:G0880:PV,Solar,80.0,,Studies Undergoing,0.24,43.870365,-123.272927,12/1/2030,,104.0,or:generator:427230,,24.96,2030,44.3,-123.7,0.6057867451125057
Bonneville:G0887:PV,Solar,200.0,,Studies Undergoing,0.24,43.215549,-124.084494,12/1/2030,,260.0,or:generator:427237,,62.4,2030,43.4,-123.7,0.426447895336583
Bonneville:G0888:PV,Solar,200.0,,Studies Undergoing,0.24,43.998901,-123.014351,12/1/2030,,260.0,or:generator:427238,,62.4,2030,44.3,-122.8,0.36960378650928855
IPCO:716:PV,Solar,150.0,,Pre-Study,0.159,43.596742,-116.197723,9/1/2029,,195.0,or:generator:427267,,31.005,2029,43.4,-116.5,0.36066438595043226
IPCO:725:PV,Solar,175.0,,Pre-Study,0.064,43.262264,-111.942604,9/1/2029,,227.5,or:generator:427280,,14.56,2029,43.4,-112.0,0.14921630779508913
PGE:23-233:PV,Solar,400.0,,Studies Undergoing,0.215,44.938291,-122.955109,5/1/2029,,520.0,or:generator:427292,,111.8,2029,45.2,-122.8,0.3042209765318632
PGE:23-234:PV,Solar,400.0,,Studies Undergoing,0.215,44.930691,-122.939559,5/1/2029,,520.0,or:generator:427294,,111.8,2029,45.2,-122.8,0.3033216971500744
SouthernCompany:IC-1133:PV,Solar,73.0,,Studies Undergoing,0.085,30.571873,-87.876359,2/1/2029,,94.9,or:generator:427322,,8.0665,2029,30.8,-87.7,0.2883477501386079
SouthernCompany:IC-1137:PV,Solar,100.0,,Studies Undergoing,0.01,31.840109,-84.863007,2/1/2029,,130.0,or:generator:427325,,1.3,2029,31.7,-85.0,0.19595309114683995
SouthernCompany:IC-1140:PV,Solar,150.0,,Studies Undergoing,0.065,33.551752,-82.847625,2/1/2029,,195.0,or:generator:427327,,12.675,2029,33.5,-83.2,0.3561550366469728
Beaver Creek Solar:PV,Solar,183.0,Grenergy,IA Executed,0.7,32.9668,-83.3023,9/1/2028,,237.9,or:generator:427331,,166.53,2028,32.6,-83.2,0.38079854253922546
Tampa Electric:101:PV,Solar,75.0,,IA Executed,0.7,27.980105,-82.162747,9/1/2028,,97.5,or:generator:427354,,68.25,2028,28.1,-82.3,0.1822448820515986
WAPA:2023-G4:PV,Solar,225.0,,Studies Undergoing,0.095,34.589736,-113.588201,5/1/2029,,292.5,or:generator:427360,,27.7875,2029,34.4,-113.8,0.28435640681546276
WAPA:2023-G5:PV,Solar,225.0,,Studies Undergoing,0.159,35.000549,-114.12972,5/1/2029,,292.5,or:generator:427362,,46.5075,2029,35.3,-113.8,0.44540563512488757
WAPA:2023-G6:PV,Solar,150.0,Vesper Energy,Studies Undergoing,0.159,35.250037,-113.718084,5/1/2029,,195.0,or:generator:427364,,31.005,2029,35.3,-113.8,0.09595067704294014
Vault Solar,Solar,108.5,PPM THR Solar,Studies Undergoing,0.225,32.656997,-98.311283,10/1/2028,,141.1,or:generator:427426,,31.7475,2028,32.6,-98.5,0.1971364098739711
HyFuels Green Lake Solar,Solar,347.0,Nova Clean Energy,Studies Undergoing,0.054,28.54037,-96.780297,4/1/2029,,451.1,or:generator:427427,,24.3594,2029,28.1,-96.7,0.44763081340430355
Pioneer Hutt Solar (Alternative POI),Solar,116.0,NextEra Energy Resources,Studies Undergoing,0.054,31.834494,-102.326331,4/1/2029,,150.8,or:generator:427432,,8.1432,2029,31.7,-102.1,0.2632762002099712
Myers Solar and Storage: MYEPV,Solar,100.9,Belltown Power,Studies Undergoing,0.054,28.420043,-97.70934,4/1/2029,,131.2,or:generator:427434,,7.0848,2029,28.1,-97.6,0.338205200209872
Santa Garcias Solar,Solar,265.0,Oxy,IA Executed,0.8,27.561622,-97.496028,5/1/2028,,344.5,or:generator:427436,,275.6,2028,27.2,-97.6,0.3762720394448678
Dionysus Solar,Solar,153.3,Samsung,Studies Undergoing,0.054,31.238041,-95.572048,4/1/2029,,199.2,or:generator:427439,,10.7568,2029,30.8,-95.8,0.4938036370714572
1427,Solar,180.0,,Studies Undergoing,0.22,43.48588,-70.734998,1/1/2030,,234.0,or:generator:428474,,51.48,2030,43.4,-70.6,0.15999948251167337
1428,Solar,100.0,,Pre-Study,0.196,42.842442,-71.148009,11/1/2030,,130.0,or:generator:428520,,25.48,2030,42.5,-71.5,0.4910847049593355
Torbino Energy Storage,Solar,1000.0,,Pre-Study,0.17,34.85824,-118.43695,9/1/2031,,1300.0,or:generator:430320,,221.0,2031,35.3,-118.3,0.4625010271339895
Sunflower - PV,Solar,715.0,,Pre-Study,0.062,34.36634,-117.36891,3/1/2031,,929.5,or:generator:430332,,57.629,2031,34.4,-117.4,0.04582121451904362
Soledad Solar,Solar,562.0,,Pre-Study,0.17,35.02132,-118.18288,9/1/2031,,730.6,or:generator:430338,,124.202,2031,35.3,-118.3,0.3022906495411275
Cantus - PV,Solar,250.0,,Pre-Study,0.17,37.021032,-120.756143,3/14/2031,,325.0,or:generator:430366,,55.25,2031,37.1,-121.0,0.25632436769258443
Cowboy Hybrid - PV,Solar,156.0,,Pre-Study,0.309,39.36854,-122.26929,6/30/2030,,202.8,or:generator:430424,,62.6652,2030,39.8,-121.9,0.5679197440659987
Ripple Solar - PV,Solar,946.0,,Pre-Study,0.17,35.75393,-119.74463,10/3/2031,,1229.8,or:generator:430440,,209.066,2031,36.2,-120.1,0.5703212093198013
Lycan Solar 2 - PV,Solar,192.0,EDF Renewables,Pre-Study,0.062,33.699134,-115.311677,9/1/2031,,249.6,or:generator:430458,,15.4752,2031,33.5,-115.6,0.35040619612814394
Telluride - PV,Solar,103.0,,Pre-Study,0.17,36.886799,-120.654999,10/30/2030,,133.9,or:generator:430507,,22.763,2030,37.1,-121.0,0.40556177877358784
Carissalito Creek - PV,Solar,415.9,,Pre-Study,0.17,37.053132,-121.021714,12/31/2030,,540.6,or:generator:430542,,91.902,2030,37.1,-121.0,0.05165372416390178
Quark - PV,Solar,869.0,,Pre-Study,0.17,36.667488,-120.397898,9/30/2028,,1129.7,or:generator:430560,,192.049,2028,37.1,-120.1,0.5251760167296337
Conflitti Solar: CNFTI,Solar,4.4,White Pine Renewables,Pre-Study,0.442,36.6281,-120.5708,9/1/2031,,5.7,or:generator:430566,,2.5194,2031,36.2,-121.0,0.6062031425190699
Circinus - PV,Solar,186.0,,Pre-Study,0.17,37.18513,-120.27389,12/1/2031,,241.8,or:generator:430589,,41.106,2031,37.1,-120.1,0.1936100436444348
Solstice A - PV,Solar,556.0,,Pre-Study,0.17,36.751632,-119.62032,5/1/2031,,722.8,or:generator:430596,,122.876,2031,37.1,-119.2,0.5459204757325041
Gosford Solar Storage - PV,Solar,300.0,,Pre-Study,0.17,35.02967,-119.004386,9/1/2031,,390.0,or:generator:430627,,66.3,2031,35.3,-119.2,0.33368120398967527
Bajada - PV,Solar,353.0,,Pre-Study,0.062,33.699134,-115.311677,9/1/2031,,458.9,or:generator:430649,,28.4518,2031,33.5,-115.6,0.35040619612814394
South Willow - PV,Solar,414.0,,Pre-Study,0.309,38.9352,-121.466792,9/1/2031,,538.2,or:generator:430675,,166.3038,2031,38.9,-121.9,0.4346357224895427
Musketeers Solar 1 - PV,Solar,522.0,,Pre-Study,0.17,36.107958,-118.938058,7/31/2029,,678.6,or:generator:430761,,115.362,2029,36.2,-119.2,0.27764246996452535
Solstice C - PV,Solar,1150.0,,Pre-Study,0.17,36.564794,-120.236214,9/1/2031,,1495.0,or:generator:430837,,254.15,2031,36.2,-120.1,0.38939557808480557
Blue Star Solar - PV,Solar,306.4,,Pre-Study,0.17,36.113914,-119.776653,3/30/2029,,398.3,or:generator:430875,,67.711,2029,36.2,-120.1,0.3346103432427025
Sunglow,Solar,372.0,,Pre-Study,0.17,35.874023,-120.150923,9/1/2031,,483.6,or:generator:430902,,82.212,2031,36.2,-120.1,0.3299305327762229
Maravillosa Solar 2 - PV,Solar,407.0,,Pre-Study,0.17,35.127916,-119.064946,6/30/2029,,529.1,or:generator:430923,,89.947,2029,35.3,-119.2,0.21875211078295553
Geras - PV,Solar,133.8,,Pre-Study,0.309,37.625632,-120.619761,6/1/2028,,174.0,or:generator:430925,,53.766,2028,38.0,-121.0,0.5336038760588233
Toland Renewable Energy Park - PV,Solar,108.0,,Pre-Study,0.309,38.124756,-121.830231,5/30/2029,,140.4,or:generator:431008,,43.3836,2029,38.0,-121.9,0.14293975268273196
Broadview - PV,Solar,816.4,,Pre-Study,0.17,36.751632,-119.62032,9/1/2028,,1061.3,or:generator:431159,,180.421,2028,37.1,-119.2,0.5459204757325041
Argenta - PV,Solar,156.0,,Pre-Study,0.062,34.36634,-117.36891,9/1/2031,,202.8,or:generator:431182,,12.5736,2031,34.4,-117.4,0.04582121451904362
Maestro - PV,Solar,305.0,,Pre-Study,0.17,36.685749,-119.535404,12/1/2029,,396.5,or:generator:431236,,67.405,2029,37.1,-119.2,0.5330100695268318
Maravillosa Solar 1 - PV,Solar,204.0,,Pre-Study,0.17,35.4028,-119.45497,6/30/2029,,265.2,or:generator:431275,,45.084,2029,35.3,-119.2,0.2749136971851357
Sienna 3 - PV,Solar,288.0,Avantus,Pre-Study,0.062,34.574248,-116.876848,12/31/2031,,374.4,or:generator:431277,,23.2128,2031,34.4,-116.5,0.41518282793005307
Shoestring - PV,Solar,135.0,,Pre-Study,0.17,36.65309,-120.58259,5/1/2031,,175.5,or:generator:431420,,29.835,2031,37.1,-121.0,0.6115224085836966
TENDRIL - PV,Solar,100.0,,Pre-Study,0.17,35.4028,-119.45497,12/31/2031,,130.0,or:generator:431597,,22.1,2031,35.3,-119.2,0.2749136971851357
Starling Solar,Solar,145.0,Apex Clean Energy,Studies Undergoing,0.054,29.326546,-97.476811,4/1/2029,,188.5,or:generator:432807,,10.179,2029,29.0,-97.6,0.3490097704033505
HyFuels Calhoun Solar,Solar,301.8,Nova Clean Energy,Studies Undergoing,0.054,28.603902,-96.370113,4/1/2029,,392.4,or:generator:432809,,21.1896,2029,29.0,-96.7,0.5154794451508211
Longday Solar SLF,Solar,201.0,Longday Solar,Studies Undergoing,0.054,29.317473,-100.39572,4/1/2029,,261.3,or:generator:432812,,14.1102,2029,29.0,-100.3,0.33158924006819007
Tetris Solar,Solar,359.0,NextEra Energy Resources,Studies Undergoing,0.054,26.461731,-98.733132,7/1/2029,,466.7,or:generator:432821,,25.2018,2029,26.3,-98.5,0.28373834035075135
Ross Solar,Solar,1026.0,Intersect Power,IA Executed,0.8,28.041138,-97.435932,3/1/2028,,1333.8,or:generator:432836,,1067.04,2028,28.1,-97.6,0.1743073253423397
Shadow Ranch Solar,Solar,807.6,LectricWind LLC,Studies Undergoing,0.054,31.229142,-102.282511,4/1/2029,,1049.9,or:generator:432839,,56.6946,2029,30.8,-102.1,0.46634013475681124
Pinewood Solar,Solar,151.0,TotalEnergies,IA Executed,0.8,29.137009,-95.263349,4/1/2028,,196.3,or:generator:432841,,157.04,2028,29.0,-94.9,0.38832198222866465
Camino Ranch Solar SLF,Solar,296.4,Naturgy,IA Executed,0.8,31.364639,-95.423483,12/1/2028,,385.3,or:generator:432854,,308.24,2028,31.7,-95.8,0.5042142913583407
Vernon Solar and Storage: VERNP,Solar,104.0,Proteus Power,Studies Undergoing,0.09,34.109631,-99.29692,4/1/2029,,135.2,or:generator:432868,,12.168,2029,34.4,-99.4,0.308122771896204
DMF Sagerton Solar SLF,Solar,126.0,Redeux Energy,Studies Undergoing,0.225,33.140398,-100.228283,12/1/2028,,163.8,or:generator:432872,,36.855,2028,33.5,-100.3,0.36668368724692496
Mesquite Solar 6 - PV,Solar,150.0,RWE Renewables,Pre-Study,0.062,33.345852,-112.85208,9/1/2031,,195.0,or:generator:434295,,12.09,2031,33.5,-112.9,0.16142469545890506
Stanley - PV,Solar,1039.0,,Pre-Study,0.062,33.595179,-113.943928,4/30/2030,,1300.0,or:generator:434318,,80.6,2030,33.5,-113.8,0.17255234343526324
Grapevine 1 - PV,Solar,205.0,,Pre-Study,0.17,36.90308,-116.767601,9/1/2031,,266.5,or:generator:434388,,45.305,2031,36.2,-116.5,0.7522843754864244
Goldlink,Solar,354.0,,Pre-Study,0.062,36.425616,-114.903973,9/1/2031,,460.2,or:generator:434422,,28.5324,2031,36.2,-114.7,0.3041505617042224
Tri-State G&T:GI-DISIS-2021-11:PV,Solar,200.0,,IA Executed,0.7,37.406995,-104.311867,9/1/2028,,260.0,or:generator:435155,,182.0,2028,37.1,-103.9,0.5136928612643952
Soda Mountain: PV,Solar,300.0,Vitol,IA Executed,0.7,34.551565,-117.439526,9/1/2028,,390.0,or:generator:435176,,273.0,2028,34.4,-117.4,0.15663414027918368
Alamogordo Solar PV,Solar,100.0,Greenvolt Power Renewables,IA Executed,0.7,32.338742,-106.777058,9/1/2028,,130.0,or:generator:435183,,91.0,2028,31.7,-106.6,0.6628279399120153
LADWP:190415000000:PV,Solar,200.0,,Studies Undergoing,0.169,35.054116,-116.160141,5/1/2029,,260.0,or:generator:435297,,43.94,2029,35.3,-116.5,0.41947953625534723
LADWP:190723000000:PV,Solar,200.0,,Studies Undergoing,0.169,34.551125,-117.439638,5/1/2029,,260.0,or:generator:435298,,43.94,2029,34.4,-117.4,0.1562367967829597
Realitos  Solar SLF,Solar,150.5,Deriva Energy,Studies Undergoing,0.054,27.436157,-98.830453,4/1/2029,,195.6,or:generator:435429,,10.5624,2029,27.2,-98.5,0.4061641464457501
SGT Hoskins Solar Project Hybrid: NOSPV,Solar,204.1,Nexus Ventures,Studies Undergoing,0.054,33.63124,-95.33785,4/1/2029,,265.3,or:generator:435440,,14.3262,2029,33.5,-94.9,0.4570957887576709
Lazy U Solar 1: LUPV1,Solar,250.0,OCI Energy,Studies Undergoing,0.09,34.265496,-99.87214,6/1/2029,,325.0,or:generator:435444,,29.25,2029,34.4,-100.3,0.44850362943458555
Lazy U Solar 2: LUPV2,Solar,250.0,OCI Energy,Studies Undergoing,0.09,34.265496,-99.87214,6/1/2029,,325.0,or:generator:435447,,29.25,2029,34.4,-100.3,0.44850362943458555
Timberline Solar,Solar,201.0,Nexamp,Studies Undergoing,0.054,31.592145,-94.618348,4/1/2029,,261.3,or:generator:435449,,14.1102,2029,31.7,-94.9,0.30159666796734474
Pearl Moon,Solar,208.0,RWE Renewables,Studies Undergoing,0.054,29.799486,-96.869044,4/1/2029,,270.4,or:generator:435471,,14.6016,2029,29.9,-96.7,0.19666961669764654
PacifiCorp:C3-097:PV,Solar,20.0,PacifiCorp,Studies Undergoing,0.01,44.534112,-120.988825,5/1/2029,,26.0,or:generator:435530,,0.26,2029,44.3,-121.0,0.23437855953350634
PacifiCorp:C3-096:PV,Solar,20.0,PacifiCorp,Studies Undergoing,0.016,44.429082,-121.265263,5/1/2029,,26.0,or:generator:435533,,0.416,2029,44.3,-121.0,0.2950027489583841
PacifiCorp:C3-036:PV,Solar,500.0,,Studies Undergoing,0.024,39.154642,-112.362867,5/1/2029,,650.0,or:generator:435560,,15.6,2029,38.9,-112.0,0.4433001329268895
PacifiCorp:C3-081:PV,Solar,20.0,PacifiCorp,Studies Undergoing,0.01,44.741309,-121.061403,5/1/2029,,26.0,or:generator:435566,,0.26,2029,44.3,-121.0,0.4455602786268131
Dutchman Renewable Power Project,Solar,499.0,BrightNight,Studies Undergoing,0.016,42.922716,-105.631514,5/1/2029,,648.7,or:generator:435578,,10.3792,2029,42.5,-105.7,0.42822791694610707
PacifiCorp:C3-148:PV,Solar,3.0,"CP Prineville, LLC",Studies Undergoing,0.01,44.331528,-120.683804,5/1/2029,,3.9,or:generator:435588,,0.039,2029,44.3,-121.0,0.3177639457207241
PacifiCorp:C3-132:PV,Solar,199.0,,Studies Undergoing,0.024,39.153266,-112.363582,5/1/2029,,258.7,or:generator:435603,,6.2088,2029,38.9,-112.0,0.44309766133438044
PacifiCorp:C3-125:PV,Solar,75.0,,Studies Undergoing,0.024,38.792157,-112.602954,5/1/2029,,97.5,or:generator:435607,,2.34,2029,38.9,-112.9,0.31601651660159197
PacifiCorp:C3-062:PV,Solar,199.0,,Studies Undergoing,0.016,44.229321,-120.930696,5/1/2029,,258.7,or:generator:435650,,4.1392,2029,44.3,-121.0,0.09898770356463531
PacifiCorp:C3-080:PV,Solar,20.0,PacifiCorp,Studies Undergoing,0.016,44.519336,-121.150623,5/1/2029,,26.0,or:generator:435679,,0.416,2029,44.3,-121.0,0.26607436747082797
Cenergy - Pulk: PUL,Solar,5.0,Luminace,Studies Undergoing,0.259,44.107288,-70.11036,1/1/2030,,6.7,or:generator:435908,,1.7353,2030,44.3,-69.7,0.4533577445505897
Wylie Ridge Solar: WRS,Solar,8.4,FirstEnergy,Pre-Study,0.037,40.452683,-80.57255,1/1/2030,,10.9,or:generator:435920,,0.4033,2030,40.7,-80.5,0.25773862921378743
Novel Solar One CSG: HELD,Solar,3.0,,Pre-Study,0.052,45.524659,-94.283419,3/1/2031,,3.9,or:generator:435948,,0.2028,2031,45.2,-94.0,0.4309637987604007
Spring Valley Solar 2: SPRV2,Solar,200.0,Urban Grid,Pre-Study,0.048,34.674983,-87.66373,9/1/2029,,260.0,or:generator:435970,,12.48,2029,34.4,-87.7,0.2773646754527323
Grove Solar: 12083,Solar,5.0,Sol Systems,Pre-Study,0.08,35.164689,-77.120176,9/1/2029,,6.5,or:generator:435992,,0.52,2029,35.3,-76.9,0.2584309147470486
Davis Solar (WV): DAVS,Solar,11.5,FirstEnergy,Pre-Study,0.085,39.155005,-79.44334,1/1/2030,,15.0,or:generator:436078,,1.275,2030,38.9,-79.6,0.29928231759493973
Spaniel Farm Solar Project,Solar,100.5,EnergieKontor,Studies Undergoing,0.054,32.315566,-96.679007,4/1/2029,,130.7,or:generator:436422,,7.0578,2029,32.6,-96.7,0.2852076548850026
Goldfinch Solar,Solar,151.0,Belltown Power,Studies Undergoing,0.054,32.420569,-95.250657,4/1/2029,,196.3,or:generator:436426,,10.6002,2029,32.6,-94.9,0.39389822976245925
Bronc Rodeo Solar Project,Solar,105.7,EnergieKontor,Studies Undergoing,0.225,31.124472,-97.263157,10/1/2028,,137.4,or:generator:436431,,30.915,2028,30.8,-97.6,0.4677021332354511
Cairos Solar and Storage: CIRSA,Solar,153.3,Sunraycer,Studies Undergoing,0.054,29.269974,-100.1975,4/1/2029,,199.3,or:generator:436435,,10.7622,2029,29.0,-100.3,0.28877709513740707
Rocking X Solar,Solar,602.2,7100 Tin Top LLC,Studies Undergoing,0.054,32.801867,-97.67647,4/1/2029,,782.9,or:generator:436436,,42.2766,2029,32.6,-97.6,0.21586557527544795
Cuba Solar Farm,Solar,20.0,Apalachin Solar LLC,Studies Undergoing,0.3,42.164129,-77.81138,5/1/2030,,26.0,or:generator:436628,,7.8,2030,42.5,-77.8,0.3360637335997419
Santee Cooper:238:PV,Solar,75.0,,Studies Undergoing,0.179,34.078351,-79.371453,5/1/2029,,97.5,or:generator:436708,,17.4525,2029,34.4,-79.6,0.3945780156192141
LADWP:230320000000:PV,Solar,1000.0,,Pre-Study,0.063,33.802135,-118.188514,11/1/2030,,1300.0,or:generator:436709,,81.9,2030,33.5,-118.3,0.322047646196956
PacifiCorp:S0020:PV,Solar,80.0,,Studies Undergoing,0.024,40.85655,-113.61195,5/1/2029,,104.0,or:generator:436754,,2.496,2029,40.7,-113.8,0.24468490962869
CSU:CSU-2022-3:PV,Solar,100.0,,Studies Undergoing,0.064,38.777961,-104.203959,8/1/2029,,130.0,or:generator:436762,,8.32,2029,38.9,-103.9,0.32754326615272567
Santee Cooper:191:PV,Solar,200.0,,Studies Undergoing,0.179,34.028588,-80.506239,5/1/2029,,260.0,or:generator:436771,,46.54,2029,34.4,-80.5,0.37146439784318425
Santee Cooper:206:PV,Solar,198.0,,Studies Undergoing,0.179,33.265469,-80.338506,5/1/2029,,257.4,or:generator:436801,,46.0746,2029,33.5,-80.5,0.2847544591345324
Quicksilver:PIS042:PV,Solar,199.0,,Studies Undergoing,0.064,40.141077,-111.558213,5/1/2029,,258.7,or:generator:436808,,16.5568,2029,39.8,-112.0,0.5581301580258929
PacifiCorp:S0006:PV,Solar,250.0,PacifiCorp,Studies Undergoing,0.016,42.006598,-107.488031,5/1/2029,,325.0,or:generator:436810,,5.2,2029,41.6,-107.5,0.40677412720697476
PacifiCorp:S0003:PV,Solar,237.0,PacifiCorp,Studies Undergoing,0.016,42.861724,-105.77173,5/1/2029,,308.1,or:generator:436815,,4.9296,2029,42.5,-105.7,0.36876746748595113
CSU:CSU-2023-3:PV,Solar,300.0,,Studies Undergoing,0.064,39.031747,-104.742383,8/1/2029,,390.0,or:generator:436821,,24.96,2029,38.9,-104.8,0.1437949606140645
Southern Star Solar Energy Center,Solar,200.0,Invenergy,Studies Undergoing,0.072,38.074675,-104.989,5/1/2029,,260.0,or:generator:436827,,18.72,2029,38.0,-104.8,0.2032175081655185
PacifiCorp:OCS080:PV,Solar,1.0,Elemental Energy,Studies Undergoing,0.159,45.541453,-122.665194,5/1/2029,,0.0,or:generator:436832,,0.0,2029,45.2,-122.8,0.36710054323712926
LADWP:230320000001:PV,Solar,1000.0,,Pre-Study,0.063,33.765867,-118.098839,11/1/2030,,1300.0,or:generator:436846,,81.9,2030,33.5,-118.3,0.3333931757100011
Santee Cooper:239:PV,Solar,55.0,,Studies Undergoing,0.179,34.26075,-79.447536,5/1/2029,,71.5,or:generator:436856,,12.7985,2029,34.4,-79.6,0.20648446381265004
TANC:2022-01:PV,Solar,1000.0,,Studies Undergoing,0.382,40.381919,-122.378454,11/1/2030,,1300.0,or:generator:436879,,496.6,2030,40.7,-122.8,0.5280876373074767
LADWP:230320000002:PV,Solar,1500.0,,Pre-Study,0.063,33.765844,-118.098246,11/1/2030,,1950.0,or:generator:436884,,122.85,2030,33.5,-118.3,0.33373299035606036
PacifiCorp:S0005:PV,Solar,250.0,PacifiCorp,Studies Undergoing,0.016,41.678403,-106.736289,5/1/2029,,325.0,or:generator:436892,,5.2,2029,41.6,-106.6,0.15723142793348155
PacifiCorp:S0004:PV,Solar,240.0,PacifiCorp,Studies Undergoing,0.016,41.878226,-106.538444,5/1/2029,,312.0,or:generator:436911,,4.992,2029,41.6,-106.6,0.2849541159765859
PacifiCorp:S0002:PV,Solar,111.0,PacifiCorp,Studies Undergoing,0.016,41.685533,-106.412953,5/1/2029,,144.3,or:generator:436929,,2.3088,2029,41.6,-106.6,0.2056756531483416
Louisville Gas & Electric Co:LGE-GIS-2023-007:PV,Solar,138.0,,Pre-Study,0.111,37.250213,-87.563559,9/1/2029,,179.4,or:generator:436990,,19.9134,2029,37.1,-87.7,0.20292878516859453
Quicksilver:PIS043:PV,Solar,199.0,,Studies Undergoing,0.064,40.303626,-111.885051,5/1/2029,,258.7,or:generator:437036,,16.5568,2029,40.7,-112.0,0.4127052464859155
PacifiCorp:PIS038:PV,Solar,150.0,,Studies Undergoing,0.064,41.766573,-111.782984,5/1/2029,,195.0,or:generator:437123,,12.48,2029,41.6,-112.0,0.2735735889756179
GEN-2023-193,Solar,175.0,,Studies Undergoing,0.215,32.488056,-94.521111,9/1/2031,,227.5,or:generator:437354,,48.9125,2031,32.6,-94.9,0.3950801607990472
GEN-2023-177,Solar,200.0,,Studies Undergoing,0.215,34.839167,-97.069167,9/1/2031,,260.0,or:generator:437360,,55.9,2031,34.4,-96.7,0.5737176376737925
GEN-2023-221,Solar,250.0,,Studies Undergoing,0.243,38.580833,-95.933611,9/1/2031,,325.0,or:generator:437384,,78.975,2031,38.9,-95.8,0.3460050190531933
GEN-2023-132,Solar,150.0,,Studies Undergoing,0.301,35.855924,-90.8838,9/1/2031,,195.0,or:generator:437387,,58.695,2031,36.2,-91.3,0.540009938590026
GEN-2023-205,Solar,180.0,,Studies Undergoing,0.215,35.244444,-96.040278,9/1/2031,,234.0,or:generator:437393,,50.31,2031,35.3,-95.8,0.24661708460688855
GEN-2023-220,Solar,250.0,,Studies Undergoing,0.245,38.580833,-95.933611,9/1/2031,,325.0,or:generator:437394,,79.625,2031,38.9,-95.8,0.3460050190531933
GEN-2023-210,Solar,191.0,,Studies Undergoing,0.215,35.413889,-96.639722,9/1/2031,,248.3,or:generator:437406,,53.3845,2031,35.3,-96.7,0.12885705880936318
GEN-2023-064,Solar,200.0,,Studies Undergoing,0.215,35.317222,-94.771667,9/1/2031,,260.0,or:generator:437422,,55.9,2031,35.3,-94.9,0.12948342045606928
GEN-2023-230,Solar,150.0,,Studies Undergoing,0.215,32.556111,-93.548611,9/1/2031,,195.0,or:generator:437430,,41.925,2031,32.6,-93.1,0.4507527855066452
GEN-2023-092,Solar,125.0,,Studies Undergoing,0.215,34.040278,-95.4975,9/1/2031,,162.5,or:generator:437442,,34.9375,2031,34.4,-95.8,0.47000656089462767
GEN-2023-069,Solar,100.0,,Studies Undergoing,0.215,34.337491,-96.228976,9/1/2031,,130.0,or:generator:437479,,27.95,2031,34.4,-95.8,0.43350638248704576
GEN-2023-199,Solar,250.0,,Studies Undergoing,0.301,42.416609,-96.503281,9/1/2031,,325.0,or:generator:437488,,97.825,2031,42.5,-96.7,0.21366427834806748
GEN-2023-063,Solar,135.0,,Studies Undergoing,0.211,36.203889,-95.771944,9/1/2031,,175.5,or:generator:437491,,37.0305,2031,36.2,-95.8,0.028324255630104746
GEN-2023-120,Solar,130.0,,Studies Undergoing,0.258,34.388625,-101.833839,9/1/2031,,169.0,or:generator:437495,,43.602,2031,34.4,-102.1,0.26640395745183343
GEN-2023-153,Solar,120.0,,Studies Undergoing,0.129,40.830342,-101.695025,9/1/2031,,156.0,or:generator:437498,,20.124,2031,40.7,-102.1,0.425433646517285
GEN-2023-015,Solar,330.0,,Studies Undergoing,0.085,37.856669,-101.06045,9/1/2031,,429.0,or:generator:437558,,36.465,2031,38.0,-101.2,0.2000449401034701
GEN-2023-104,Solar,100.0,,Studies Undergoing,0.215,36.739925,-98.752953,9/1/2031,,130.0,or:generator:437574,,27.95,2031,37.1,-98.5,0.44004457255374024
GEN-2023-034,Solar,130.0,,Studies Undergoing,0.268,37.582056,-97.445844,9/1/2031,,169.0,or:generator:437622,,45.292,2031,38.0,-97.6,0.44546746174327806
GEN-2023-035,Solar,200.0,,Studies Undergoing,0.215,35.167583,-97.986583,9/1/2031,,260.0,or:generator:437624,,55.9,2031,35.3,-97.6,0.4086326929872357
GEN-2023-038,Solar,200.0,,Studies Undergoing,0.215,34.680278,-96.476667,9/1/2031,,260.0,or:generator:437645,,55.9,2031,34.4,-96.7,0.35837604017707436
Painted Sky Solar Energy Center 2: PV,Solar,475.0,Invenergy,Studies Undergoing,0.129,36.755703,-98.807678,9/1/2031,,617.5,or:generator:437688,,79.6575,2031,37.1,-98.5,0.4617425428666937
GEN-2023-135,Solar,52.0,,Studies Undergoing,0.215,33.43307,-94.721066,9/1/2031,,67.6,or:generator:437702,,14.534,2031,33.5,-94.9,0.19104188351250184
GEN-2023-099,Solar,300.0,,Studies Undergoing,0.301,39.282583,-96.117167,9/1/2031,,390.0,or:generator:437734,,117.39,2031,38.9,-95.8,0.49695538811648027
Elk Run: ELKRN,Solar,200.0,Cypress Creek Renewables,Studies Undergoing,0.064,37.454588,-104.4887,5/1/2029,,260.0,or:generator:437753,,16.64,2029,37.1,-104.8,0.47184779298413754
Running Iron Solar,Solar,204.7,Titus Low Carbon Ventures,Studies Undergoing,0.054,28.781956,-95.929725,4/1/2029,,266.2,or:generator:438022,,14.3748,2029,29.0,-95.8,0.25371590718952086
Veer Energy,Solar,90.7,"DBR Solar, LLC",Studies Undergoing,0.054,31.590528,-103.836578,4/1/2029,,117.9,or:generator:438038,,6.3666,2029,31.7,-103.9,0.12651667426865282
Monument Hill Solar,Solar,200.0,RWE Renewables,IA Executed,0.8,29.92007,-96.759842,6/1/2029,,260.0,or:generator:438048,,208.0,2029,29.9,-96.7,0.06311790446458447
Red Top Solar I,Solar,200.6,"Cat Red Top Solar, LLC",Studies Undergoing,0.225,33.141809,-98.604041,11/1/2028,,260.8,or:generator:438056,,58.68,2028,33.5,-98.5,0.37299506988966696
Marshall Spring Solar,Solar,150.0,AMPYR Energy USA,IA Executed,0.8,30.304976,-98.90823,3/1/2028,,195.0,or:generator:438061,,156.0,2028,29.9,-98.5,0.575028080597812
Stargazer Solar,Solar,158.0,Aypa Power,Studies Undergoing,0.225,29.487001,-95.625659,10/1/2028,,205.4,or:generator:438063,,46.215,2028,29.9,-95.8,0.4482889227741399
Red Top Solar II,Solar,173.7,"Cat Red Top Solar, LLC",Studies Undergoing,0.054,33.139856,-98.601173,4/1/2029,,225.8,or:generator:438072,,12.1932,2029,33.5,-98.5,0.3740851195450032
Titus Low Carbon Ventures Solar 1,Solar,338.0,Titus Low Carbon Ventures,Studies Undergoing,0.054,28.043444,-97.440256,4/1/2029,,439.5,or:generator:438076,,23.733,2029,28.1,-97.6,0.169460103481606
Edens Solar: RIC94,Solar,70.0,RIC Energy,Studies Undergoing,0.225,32.063132,-97.11104,6/1/2028,,91.0,or:generator:438084,,20.475,2028,31.7,-96.7,0.5484694440203598
Bonneville:G0910:PV,Solar,200.0,,Studies Undergoing,0.02,43.660171,-121.453537,11/1/2030,,260.0,or:generator:438197,,5.2,2030,43.4,-121.9,0.5167379989995001
Bonneville:G0909:PV,Solar,200.0,,Studies Undergoing,0.02,43.660627,-121.454469,5/1/2029,,260.0,or:generator:438213,,5.2,2029,43.4,-121.9,0.5161630605632314
Bonneville:G0900:PV,Solar,200.0,,Studies Undergoing,0.24,44.7721,-122.673934,12/1/2030,,260.0,or:generator:438216,,62.4,2030,45.2,-122.8,0.4460841247522708
PNM:IA-PNM-2023-16:PV,Solar,199.0,,Studies Undergoing,0.032,34.294719,-103.17627,5/1/2029,,258.7,or:generator:438218,,8.2784,2029,34.4,-103.0,0.20531731992455096
Bonneville:G0944:PV,Solar,261.0,,Studies Undergoing,0.02,45.846056,-119.648679,5/1/2029,,339.3,or:generator:438222,,6.786,2029,46.1,-119.2,0.5155583382867556
Bonneville:G0908:PV,Solar,300.0,,Studies Undergoing,0.02,45.804146,-119.319087,5/1/2029,,390.0,or:generator:438224,,7.8,2029,46.1,-119.2,0.31892209532266264
Bonneville:G0945:PV,Solar,140.0,,Studies Undergoing,0.16,43.9907,-111.3395,5/1/2029,,182.0,or:generator:438227,,29.12,2029,44.3,-111.1,0.3911863238918296
SouthernCompany:IC-1174:PV,Solar,125.0,,Studies Undergoing,0.01,31.210101,-89.78404,5/1/2029,,162.5,or:generator:438239,,1.625,2029,30.8,-89.5,0.49886025277727164
Bonneville:G0935:PV,Solar,225.0,,Studies Undergoing,0.02,46.342808,-118.527935,5/1/2029,,292.5,or:generator:438253,,5.85,2029,46.1,-118.3,0.3330316637933987
Dega Solar and Storage: DEGA1,Solar,200.0,BrightNight,Studies Undergoing,0.032,33.537201,-86.0855,5/1/2029,,260.0,or:generator:438269,,8.32,2029,33.5,-85.9,0.18919345760622033
Sable Solar,Solar,80.0,Samsung,Studies Undergoing,0.01,32.145931,-86.453426,2/1/2029,,104.0,or:generator:438271,,1.04,2029,31.7,-86.8,0.5647725154759224
PNM:IA-PNM-2023-22:PV,Solar,200.0,,Studies Undergoing,0.016,35.362638,-106.318095,5/1/2029,,260.0,or:generator:438278,,4.16,2029,35.3,-106.6,0.28878010331218634
Bonneville:G0923:PV,Solar,100.0,,Studies Undergoing,0.02,46.159327,-118.732146,5/1/2029,,130.0,or:generator:438287,,2.6,2029,46.1,-118.3,0.4361993331551553
Bonneville:G0968:PV,Solar,1.0,,Studies Undergoing,0.318,45.704834,-122.285541,5/1/2029,,1.3,or:generator:438288,,0.4134,2029,46.1,-121.9,0.5520851657461865
IPCO:737:PV,Solar,280.0,Consolidated Edison,Pre-Study,0.064,43.042641,-112.265631,9/1/2029,,364.0,or:generator:438308,,23.296,2029,43.4,-112.0,0.44526989909716125
SouthernCompany:IC-1164:PV,Solar,200.0,,Studies Undergoing,0.045,30.997119,-87.959099,5/1/2029,,260.0,or:generator:438329,,11.7,2029,30.8,-87.7,0.32555827736673526
Bonneville:G0943:PV,Solar,1.0,,Studies Undergoing,0.318,47.923284,-122.104661,5/1/2029,,1.3,or:generator:438340,,0.4134,2029,47.9,-121.9,0.20598123598278312
SouthernCompany:IC-1163:PV,Solar,110.0,,Studies Undergoing,0.01,31.229153,-88.968638,2/1/2029,,143.0,or:generator:438354,,1.43,2029,30.8,-88.6,0.5657439990428557
Bonneville:G0985:PV,Solar,150.0,,Studies Undergoing,0.02,47.412746,-118.863572,5/1/2029,,195.0,or:generator:438433,,3.9,2029,47.0,-119.2,0.5324876145977457
SouthernCompany:IC-1157:PV,Solar,80.0,,Studies Undergoing,0.059,31.945758,-86.974447,2/1/2029,,104.0,or:generator:438438,,6.136,2029,31.7,-86.8,0.3013780854226154
Bonneville:G0989:PV,Solar,275.0,,Studies Undergoing,0.04,45.397193,-120.311217,5/1/2029,,357.5,or:generator:438456,,14.3,2029,45.2,-120.1,0.28895968635434516
SouthernCompany:IC-1169:PV,Solar,200.0,,Studies Undergoing,0.01,32.137971,-86.458006,5/1/2029,,260.0,or:generator:438458,,2.6,2029,31.7,-86.8,0.5556784077836754
PNM:IA-PNM-2023-14:PV,Solar,150.0,,Studies Undergoing,0.016,35.081447,-106.825882,5/1/2029,,195.0,or:generator:438460,,3.12,2029,35.3,-106.6,0.314305729717101
SouthernCompany:IC-1178:PV,Solar,160.0,,Studies Undergoing,0.036,31.155429,-87.78257,7/1/2030,,208.0,or:generator:438465,,7.488,2030,30.8,-87.7,0.36489392834219825
Biglow Solar Generation and BESS: BIGL1,Solar,125.0,Pattern Energy,Studies Undergoing,0.016,45.606,-120.625,5/1/2029,,162.5,or:generator:438473,,2.6,2029,45.2,-121.0,0.5526852630566506
Bonneville:G0920:PV,Solar,500.0,,Studies Undergoing,0.02,46.480799,-119.344699,5/1/2029,,650.0,or:generator:438487,,13.0,2029,46.1,-119.2,0.4073643074718229
Bonneville:G0912:PV,Solar,200.0,,Studies Undergoing,0.4,43.66205,-121.454994,11/1/2033,,260.0,or:generator:438509,,104.0,2033,43.4,-121.9,0.5164305786221483
Bonneville:G0925:PV,Solar,100.0,,Studies Undergoing,0.02,46.004445,-118.920114,5/1/2029,,130.0,or:generator:438511,,2.6,2029,46.1,-119.2,0.29574808709610195
Bonneville:G0932:PV,Solar,400.0,,Studies Undergoing,0.02,46.267582,-119.854721,12/1/2029,,520.0,or:generator:438515,,10.4,2029,46.1,-120.1,0.29706146597126476
Bonneville:G0933:PV,Solar,400.0,,Studies Undergoing,0.02,46.021147,-119.57115,12/1/2029,,520.0,or:generator:438579,,10.4,2029,46.1,-119.2,0.37943394432891797
Bonneville:G0901:PV,Solar,200.0,,Studies Undergoing,0.24,44.773093,-122.673795,12/1/2030,,260.0,or:generator:438598,,62.4,2030,45.2,-122.8,0.44517107798463235
Bonneville:G0924:PV,Solar,100.0,,Studies Undergoing,0.02,46.143635,-118.779519,5/1/2029,,130.0,or:generator:438603,,2.6,2029,46.1,-119.2,0.422739026570777
Harryoung PV and BESS: GRS4P,Solar,190.0,Gransolar Group,Studies Undergoing,0.054,26.276027,-97.63249,4/1/2029,,247.0,or:generator:438788,,13.338,2029,26.3,-97.6,0.04037703343487135
RedSun PV and BESS: GS22P,Solar,84.0,Gransolar Group,IA Executed,0.8,30.784886,-98.20217,8/1/2028,,109.2,or:generator:438789,,87.36,2028,30.8,-98.5,0.2982132490282798
Western Flats Solar,Solar,410.2,Hecate Energy,Studies Undergoing,0.054,31.415629,-102.335202,4/1/2029,,533.3,or:generator:438796,,28.7982,2029,31.7,-102.1,0.36903502062135046
Midfield PV Project SLF,Solar,150.0,Hanwha Renewables,Studies Undergoing,0.054,28.887248,-96.191423,4/1/2029,,195.0,or:generator:438812,,10.53,2029,29.0,-95.8,0.40733889874771667
Cold Creek Solar 2,Solar,445.4,Doral Renewables,IA Executed,0.8,31.049298,-100.533397,5/1/2028,,579.0,or:generator:439019,,463.2,2028,30.8,-100.3,0.341502053307148
Centennial Solar,Solar,61.4,Centennial AD 8 LLC,Studies Undergoing,0.054,30.938084,-99.779431,4/1/2029,,79.8,or:generator:439029,,4.3092,2029,30.8,-99.4,0.4037760206067187
Aurelius 3 Solar,Solar,445.4,Intersect Power,Studies Undergoing,0.09,34.82188,-102.368961,4/1/2029,,579.0,or:generator:439030,,52.11,2029,34.4,-102.1,0.5003226498180986
Whitewright Solar 2,Solar,301.7,Cypress Creek Renewables,Studies Undergoing,0.054,33.621524,-96.377364,4/1/2029,,392.2,or:generator:439033,,21.1788,2029,33.5,-96.7,0.3447637902564624
Sandford Solar and Storage: SANPV,Solar,126.2,Belltown Power,Studies Undergoing,0.054,33.30726,-97.52777,4/1/2029,,164.1,or:generator:439040,,8.8614,2029,33.5,-97.6,0.20582973667572632
Aurelius 2 Solar,Solar,445.4,Intersect Power,Studies Undergoing,0.09,34.825342,-102.361717,4/1/2029,,579.0,or:generator:439046,,52.11,2029,34.4,-102.1,0.499411258436374
Butcherbird Solar,Solar,116.0,"Butcherbird Solar, LLC",Studies Undergoing,0.225,31.004233,-97.388063,1/1/2029,,150.8,or:generator:439051,,33.93,2029,30.8,-97.6,0.29432704642624324
Florida Power & Light Co:567:PV,Solar,75.0,,Pre-Study,0.08,26.316436,-81.749515,7/1/2032,,97.5,or:generator:439149,,7.8,2032,26.3,-81.4,0.34990123938191137
GridLiance High Plains:GIS-2023-001:PV,Solar,100.0,NextEra Energy Resources,Pre-Study,0.032,36.680961,-101.47147,9/1/2029,,130.0,or:generator:439154,,4.16,2029,37.1,-101.2,0.4992891390977725
Florida Power & Light Co:564:PV,Solar,75.0,,Pre-Study,0.08,26.083097,-81.517767,7/1/2032,,97.5,or:generator:439155,,7.8,2032,26.3,-81.4,0.24681162391184303
Florida Power & Light Co:568:PV,Solar,75.0,,Pre-Study,0.032,25.846832,-81.308803,7/1/2030,,97.5,or:generator:439156,,3.12,2030,25.4,-81.4,0.4560435604555797
Florida Power & Light Co:594:PV,Solar,75.0,,Pre-Study,0.032,27.699435,-80.505609,9/1/2029,,97.5,or:generator:439157,,3.12,2029,28.1,-80.5,0.4006042687066631
Florida Power & Light Co:607:PV,Solar,75.0,,Pre-Study,0.08,26.90362,-82.214268,4/1/2032,,97.5,or:generator:439161,,7.8,2032,27.2,-82.3,0.3085305174921896
Arizona Public Service:Q537:PV,Solar,400.0,,Studies Undergoing,0.012,32.733452,-111.567114,5/1/2029,,520.0,or:generator:439183,,6.24,2029,32.6,-112.0,0.45298976290860743
Florida Power & Light Co:609:PV,Solar,75.0,,Pre-Study,0.08,26.824167,-81.984518,4/1/2032,,97.5,or:generator:439184,,7.8,2032,27.2,-82.3,0.4906927105765908
Arizona Public Service:Q534:PV,Solar,60.0,,Studies Undergoing,0.191,35.112418,-111.025211,5/1/2029,,78.0,or:generator:439198,,14.898,2029,35.3,-111.1,0.20194157879198374
Florida Power & Light Co:599:PV,Solar,25.0,,Pre-Study,0.01,30.981839,-85.066107,9/1/2029,,32.5,or:generator:439200,,0.325,2029,30.8,-85.0,0.1934827056095721
Florida Power & Light Co:604:PV,Solar,75.0,,Pre-Study,0.08,27.047977,-81.846391,1/1/2032,,97.5,or:generator:439209,,7.8,2032,27.2,-81.4,0.4715675109780064
TOCE GA 1 Solar:PV,Solar,125.0,,Studies Undergoing,0.179,33.188972,-81.972455,5/1/2029,,162.5,or:generator:439219,,29.0875,2029,33.5,-82.3,0.45169031848048347
IID:GI-2023-172:PV,Solar,39.0,,Pre-Study,0.03,33.09255,-115.999932,9/1/2029,,50.7,or:generator:439225,,1.521,2029,33.5,-115.6,0.5709300369782652
Florida Power & Light Co:605:PV,Solar,75.0,,Pre-Study,0.08,27.144461,-81.562746,1/1/2032,,97.5,or:generator:439228,,7.8,2032,27.2,-81.4,0.1719617429459223
Florida Power & Light Co:571:PV,Solar,75.0,,Pre-Study,0.032,26.120599,-80.952381,7/1/2030,,97.5,or:generator:439234,,3.12,2030,26.3,-81.4,0.48223177825813546
Pepper Hammock 200 MW:PV,Solar,200.0,BrightNight,Studies Undergoing,0.207,31.2417,-81.663846,2/1/2029,,260.0,or:generator:439242,,53.82,2029,30.8,-81.4,0.5145032572452785
Florida Power & Light Co:561:PV,Solar,75.0,,Pre-Study,0.032,26.744795,-81.281282,1/1/2030,,97.5,or:generator:439253,,3.12,2030,26.3,-81.4,0.4603656759023196
Florida Power & Light Co:566:PV,Solar,75.0,,Pre-Study,0.08,26.499969,-81.495443,7/1/2032,,97.5,or:generator:439265,,7.8,2032,26.3,-81.4,0.2215783545610844
Tennessee Valley Authority:536:PV,Solar,250.0,,Studies Undergoing,0.223,37.204753,-87.014692,5/1/2029,,325.0,or:generator:439281,,72.475,2029,37.1,-86.8,0.2388845869305903
Florida Power & Light Co:611:PV,Solar,75.0,,Pre-Study,0.08,26.948011,-81.832714,7/1/2032,,97.5,or:generator:439287,,7.8,2032,27.2,-81.4,0.5007393153298335
Florida Power & Light Co:565:PV,Solar,75.0,,Pre-Study,0.08,26.272821,-81.653451,7/1/2032,,97.5,or:generator:439301,,7.8,2032,26.3,-81.4,0.25490411421159753
Florida Power & Light Co:596:PV,Solar,75.0,,Pre-Study,0.032,27.348515,-80.24476,4/1/2030,,97.5,or:generator:439303,,3.12,2030,27.2,-80.5,0.29530350967267593
Florida Power & Light Co:563:PV,Solar,75.0,,Pre-Study,0.032,26.746753,-81.396751,1/1/2030,,97.5,or:generator:439319,,3.12,2030,26.3,-81.4,0.44676481397934403
Florida Power & Light Co:558:PV,Solar,75.0,,Pre-Study,0.08,26.67944,-81.355136,4/1/2032,,97.5,or:generator:439326,,7.8,2032,26.3,-81.4,0.38208309579985283
SRP:ANPP HVS:Q38:PV,Solar,200.0,,Studies Undergoing,0.095,33.353483,-112.843913,5/1/2029,,260.0,or:generator:439341,,24.7,2029,33.5,-112.9,0.1568852537939797
Florida Power & Light Co:608:PV,Solar,75.0,,Pre-Study,0.08,26.800529,-81.675755,4/1/2032,,97.5,or:generator:439359,,7.8,2032,27.2,-81.4,0.4854048824084827
Florida Power & Light Co:559:PV,Solar,75.0,,Pre-Study,0.08,26.766556,-81.417201,4/1/2032,,97.5,or:generator:439361,,7.8,2032,27.2,-81.4,0.43378517210365575
Florida Power & Light Co:593:PV,Solar,75.0,,Pre-Study,0.032,27.187724,-80.592125,10/1/2031,,97.5,or:generator:439363,,3.12,2031,27.2,-80.5,0.09293931246248395
Florida Power & Light Co:569:PV,Solar,75.0,,Pre-Study,0.032,26.39974,-81.421767,7/1/2030,,97.5,or:generator:439439,,3.12,2030,26.3,-81.4,0.10208755991304713
Skylight Renewable Energy: SKLRE,Solar,100.0,Vesper Energy,Pre-Study,0.159,38.768281,-121.26229,9/1/2029,,130.0,or:generator:439451,,20.67,2029,38.9,-121.0,0.2935062845340718
Florida Power & Light Co:612:PV,Solar,75.0,,Pre-Study,0.08,26.794594,-81.844018,7/1/2032,,97.5,or:generator:439453,,7.8,2032,27.2,-81.4,0.6012536978347819
Florida Power & Light Co:610:PV,Solar,75.0,,Pre-Study,0.08,26.952016,-82.255232,4/1/2032,,97.5,or:generator:439458,,7.8,2032,27.2,-82.3,0.2519925357624678
Florida Power & Light Co:562:PV,Solar,75.0,,Pre-Study,0.032,26.727317,-81.565873,1/1/2030,,97.5,or:generator:439481,,3.12,2030,26.3,-81.4,0.458381577529023
Florida Power & Light Co:595:PV,Solar,75.0,,Pre-Study,0.032,27.354095,-80.24248,4/1/2030,,97.5,or:generator:439525,,3.12,2030,27.2,-80.5,0.3001030146882904
Malachite Solar,Solar,185.0,Matrix Renewables,IA Executed,0.95,29.02617,-96.243139,4/1/2032,,240.5,or:generator:439678,,228.475,2032,29.0,-95.8,0.44391107467712715
Senator Aggreko Solar,Solar,251.0,Aggreko,IA Executed,0.8,28.699185,-100.405135,3/1/2029,,326.3,or:generator:439685,,261.04,2029,29.0,-100.3,0.3186581749304432
Angel City Solar,Solar,221.0,Savion Energy,Studies Undergoing,0.054,28.7192,-97.211707,9/1/2029,,287.3,or:generator:439688,,15.5142,2029,29.0,-97.6,0.47918690909601447
New Shepherd Solar,Solar,150.8,"New Shepherd Energy Center, LLC",Studies Undergoing,0.054,28.842719,-97.839196,9/1/2030,,196.1,or:generator:439690,,10.5894,2030,29.0,-97.6,0.286272666136681
Paloma Energy Center,Solar,194.0,"Harrison Street Development, LLC",Studies Undergoing,0.054,29.551517,-96.541178,4/1/2029,,252.2,or:generator:439691,,13.6188,2029,29.9,-96.7,0.3829684438344743
Marcos PV and BESS: GRS8P,Solar,115.9,Gransolar Group,Studies Undergoing,0.054,28.904979,-97.71017,4/1/2029,,150.7,or:generator:439700,,8.1378,2029,29.0,-97.6,0.14548683562784023
Proving Ground Solar,Solar,82.1,Longfellow Energy,Studies Undergoing,0.054,30.883558,-100.56291,4/1/2029,,106.7,or:generator:439711,,5.7618,2029,30.8,-100.3,0.27586882292858445
JUNIPERUSSS,Solar,80.3,ABEI Energy,Studies Undergoing,0.054,33.001714,-96.085697,7/1/2029,,104.4,or:generator:439715,,5.6376,2029,32.6,-95.8,0.4929471712110722
Nickel Spruce Solar,Solar,150.0,Nickel Spruce Solar LLC,Studies Undergoing,0.054,31.330497,-95.890467,4/1/2029,,195.0,or:generator:439726,,10.53,2029,31.7,-95.8,0.38041654156726584
Aggie Solar Project SLF,Solar,104.0,Clean Cloud Energy,Studies Undergoing,0.225,31.393226,-103.635264,10/1/2028,,135.2,or:generator:439727,,30.42,2028,31.7,-103.9,0.4052103611360401
Pointsett,Solar,75.0,Florida Power & Light Co,Studies Undergoing,0.143,27.76644,-80.965724,5/1/2029,,97.5,or:generator:439741,,13.9425,2029,28.1,-81.4,0.5475928394126526
PacifiCorp:PIS047:PV,Solar,275.0,,Studies Undergoing,0.064,39.822729,-111.903161,5/1/2029,,357.5,or:generator:439745,,22.88,2029,39.8,-112.0,0.09947059546419124
Public Service Co of Colorado:GI-2021-1:PV,Solar,200.0,,IA Executed,0.7,38.113749,-105.046159,5/1/2029,,260.0,or:generator:439750,,182.0,2029,38.0,-104.8,0.2711698513515146
OrlandoUtilities:202313:PV,Solar,60.0,,Studies Undergoing,0.127,28.596967,-81.531143,5/1/2029,,78.0,or:generator:439766,,9.906,2029,29.0,-81.4,0.4238326150003077
East Wonder Solar  - PV,Solar,366.9,,Pre-Study,0.17,35.4028,-119.45497,7/31/2029,,477.0,or:generator:439767,,81.09,2029,35.3,-119.2,0.2749136971851357
Argos Solar,Solar,352.0,,Pre-Study,0.309,34.366699,-117.369713,1/1/2032,,457.6,or:generator:439789,,141.3984,2032,34.4,-117.4,0.04501398638201446
Bristlecone - PV,Solar,461.0,,Pre-Study,0.062,36.208,-115.983,6/1/2030,,599.3,or:generator:439795,,37.1566,2030,36.2,-115.6,0.38308354180257786
Sunvine - PV,Solar,614.0,,Pre-Study,0.17,34.9352,-118.842903,3/1/2031,,798.2,or:generator:439828,,135.694,2031,35.3,-119.2,0.5104873234557287
PacifiCorp:PIS049:PV,Solar,300.0,,Studies Undergoing,0.159,37.709399,-113.531401,5/1/2029,,390.0,or:generator:439833,,62.01,2029,38.0,-113.8,0.39572005761901746
Serenity - PV,Solar,305.0,,Pre-Study,0.309,38.639695,-118.355341,1/1/2032,,396.5,or:generator:439840,,122.5185,2032,38.9,-118.3,0.26612275232681143
Container - PV,Solar,205.0,,Pre-Study,0.309,35.807896,-115.030525,1/1/2032,,266.5,or:generator:439841,,82.3485,2032,36.2,-114.7,0.5128277707388699
SR Marshall: MARSH,Solar,4.8,Silicon Ranch,Pre-Study,0.048,34.959526,-89.58856,9/1/2029,,6.2,or:generator:440016,,0.2976,2029,35.3,-89.5,0.35180309588745867
Powell Solar: PV1,Solar,55.9,Invenergy,Pre-Study,0.016,44.258414,-120.8895,9/1/2029,,72.7,or:generator:440080,,1.1632,2029,44.3,-121.0,0.11806627543883988
BD Solar Church Hill,Solar,20.0,BNRG Renewables,IA Executed,0.65,44.329374,-69.746283,12/1/2028,,26.0,or:generator:440150,,16.9,2028,44.3,-69.7,0.05481740567557426
Wittig Solar Park: WIGSP,Solar,96.0,Greenalia,Studies Undergoing,0.054,29.245055,-95.87477,4/1/2029,,124.8,or:generator:440163,,6.7392,2029,29.0,-95.8,0.25620793493762145
Boot Hill Solar,Solar,150.0,Alluvial Power,IA Executed,0.75,37.731,-99.95,10/1/2031,,195.0,or:generator:440179,,146.25,2031,38.0,-100.3,0.4414306287515572
Proteus Thornton Ranch Solar SLF,Solar,180.0,Proteus Power,Studies Undergoing,0.054,31.513515,-103.011542,4/1/2029,,234.0,or:generator:440185,,12.636,2029,31.7,-103.0,0.1868418395033597
Starlight Solar,Solar,131.0,X-Elio,IA Executed,0.8,31.43007,-98.564341,5/1/2030,,170.3,or:generator:440192,,136.24,2030,31.7,-98.5,0.27749228670541304
Grapefruit Solar,Solar,291.4,Pine Gate Renewables,IA Executed,0.8,26.338206,-98.185363,12/1/2028,,378.8,or:generator:440195,,303.04,2028,26.3,-98.5,0.31694816643262486
VISOL 1 SOLAR,Solar,94.8,"VISOL 1 SOLAR, LLC",Studies Undergoing,0.054,29.746359,-101.143309,4/1/2029,,123.2,or:generator:440197,,6.6528,2029,29.9,-101.2,0.16376637738558883
Camino Ranch Solar 2 SLF,Solar,237.2,Naturgy,IA Executed,0.8,31.368394,-95.425562,12/1/2028,,308.4,or:generator:440200,,246.72,2028,31.7,-95.8,0.5001663274151898
BumbleBee Solar,Solar,211.6,BumbleBee Solar LLC,Studies Undergoing,0.054,28.742493,-98.032311,4/1/2029,,275.1,or:generator:440204,,14.8554,2029,29.0,-97.6,0.5031924639439777
SunWave Solar,Solar,154.4,B.A.E.S Infrastructure,Studies Undergoing,0.054,27.761995,-97.811108,4/1/2029,,200.7,or:generator:440205,,10.8378,2029,28.1,-97.6,0.398514701973473
Pollo Pinto Solar,Solar,150.8,"TX Palo Pinto SB 6, LLC",Studies Undergoing,0.225,32.653287,-98.316196,10/1/2028,,196.0,or:generator:440216,,44.1,2028,32.6,-98.5,0.19137245043369716
Themisto Solar,Solar,301.2,Pine Gate Renewables,Studies Undergoing,0.225,32.400966,-100.657067,10/1/2028,,391.6,or:generator:440232,,88.11,2028,32.6,-100.3,0.408792582668769
Bear Valley Solar Plant: BVES1,Solar,5.0,Bear Valley Electric Service,Pre-Study,0.062,34.25,-116.81,9/1/2031,,6.5,or:generator:440235,,0.403,2031,34.4,-116.5,0.3443835071544527
McGinness Hills 3: MHSOL,Solar,14.0,Ormat Technologies,Pre-Study,0.01,39.5963,-116.8942,9/1/2029,,18.2,or:generator:440342,,0.182,2029,39.8,-116.5,0.44371987785087724
Maple Leaf Solar: GEN,Solar,73.0,Capital Power,Studies Undergoing,0.259,35.595,-78.317,5/1/2029,,94.9,or:generator:440359,,24.5791,2029,35.3,-78.7,0.483439758398095
Gladys Solar: ENX29,Solar,60.4,Hanwha Renewables,Pre-Study,0.022,37.162683,-79.063173,1/1/2030,,78.5,or:generator:440535,,1.727,2030,37.1,-78.7,0.3685427877709756
USNY - Markham Hollow Rd - 001: SUNYF,Solar,20.0,Abundant Solar Power Inc.,Pre-Study,0.123,42.899256,-76.373848,1/1/2031,,26.0,or:generator:440572,,3.198,2031,42.5,-76.0,0.5469622296283332
Bonneville:G1037:PV,Solar,400.0,,Studies Undergoing,0.02,46.205547,-119.342366,12/1/2030,,520.0,or:generator:441051,,10.4,2030,46.1,-119.2,0.17722372066119996
Bonneville:G1010:PV,Solar,70.0,,Studies Undergoing,0.02,46.300795,-120.219144,5/1/2029,,91.0,or:generator:441054,,1.82,2029,46.1,-120.1,0.23348217225518764
SouthernCompany:IC-1212:PV,Solar,199.0,,Studies Undergoing,0.036,32.382072,-87.488452,5/1/2029,,258.7,or:generator:441055,,9.3132,2029,32.6,-87.7,0.3037188987995371
Bonneville:G1025:PV,Solar,509.0,,Studies Undergoing,0.02,47.294579,-120.077691,12/1/2029,,661.7,or:generator:441058,,13.234,2029,47.0,-120.1,0.29542254267743173
PGE:24-240:PV,Solar,80.0,,Studies Undergoing,0.036,44.570558,-121.159579,5/1/2029,,104.0,or:generator:441059,,3.744,2029,44.3,-121.0,0.3141131780186858
SouthernCompany:IC-1191:PV,Solar,200.0,,Studies Undergoing,0.04,33.281461,-83.373804,8/1/2029,,260.0,or:generator:441071,,10.4,2029,33.5,-83.2,0.2792259388685108
WAPA:2023-G10:PV,Solar,200.0,,Studies Undergoing,0.095,32.602274,-111.56741,5/1/2029,,260.0,or:generator:441072,,24.7,2029,32.6,-112.0,0.4325959768375153
Bonneville:G1035:PV,Solar,400.0,,Studies Undergoing,0.02,47.61631,-119.875008,5/1/2029,,520.0,or:generator:441078,,10.4,2029,47.9,-120.1,0.3620792954091688
Bonneville:G0478:PV,Solar,300.0,,Studies Undergoing,0.032,45.198852,-119.558634,5/1/2029,,390.0,or:generator:441081,,12.48,2029,45.2,-119.2,0.35863583738940036
Bonneville:G0957:PV,Solar,10.0,,Studies Undergoing,0.016,46.261837,-119.288941,5/1/2029,,13.0,or:generator:441082,,0.208,2029,46.1,-119.2,0.18466649953361317
SouthernCompany:IC-1193:PV,Solar,200.0,,Studies Undergoing,0.04,33.286741,-82.856898,8/1/2029,,260.0,or:generator:441084,,10.4,2029,33.5,-83.2,0.4039781967940863
WAPA:2023-G9:PV,Solar,250.0,,Studies Undergoing,0.095,33.998095,-114.216911,5/1/2029,,325.0,or:generator:441085,,30.875,2029,34.4,-113.8,0.5790875675975081
SouthernCompany:IC-1239:PV,Solar,70.0,,Studies Undergoing,0.036,32.836945,-85.240235,5/1/2029,,91.0,or:generator:441087,,3.276,2029,32.6,-85.0,0.33742523357034016
WAPA:2023-G17:PV,Solar,300.0,,Studies Undergoing,0.159,35.25176,-113.717202,5/1/2029,,390.0,or:generator:441095,,62.01,2029,35.3,-113.8,0.09582591718318932
Bonneville:G1039:PV,Solar,400.0,,Studies Undergoing,0.02,46.191918,-119.283265,12/1/2030,,520.0,or:generator:441103,,10.4,2030,46.1,-119.2,0.12402410632211583
SouthernCompany:IC-1183:PV,Solar,250.0,,Studies Undergoing,0.065,33.443157,-82.411355,2/1/2029,,325.0,or:generator:441104,,21.125,2029,33.5,-82.3,0.12502424834407438
SouthernCompany:IC-1190:PV,Solar,200.0,,Studies Undergoing,0.01,33.330482,-83.270906,8/1/2029,,260.0,or:generator:441105,,2.6,2029,33.5,-83.2,0.1837498657414419
Bonneville:G1048:PV,Solar,200.0,,Studies Undergoing,0.4,47.227755,-123.121402,5/1/2029,,260.0,or:generator:441107,,104.0,2029,47.0,-122.8,0.39391824739278686
Eloy Valley III Pinal:PV,Solar,250.0,NextEra Energy Resources,Studies Undergoing,0.095,32.848543,-111.772802,5/1/2029,,325.0,or:generator:441115,,30.875,2029,32.6,-112.0,0.336738109000154
SouthernCompany:IC-1209:PV,Solar,17.6,,Pre-Study,0.016,33.571186,-82.557496,9/1/2029,,22.9,or:generator:441119,,0.3664,2029,33.5,-82.3,0.2671547053899693
SouthernCompany:IC-1192:PV,Solar,245.0,,Studies Undergoing,0.04,32.922541,-82.170135,8/1/2029,,318.5,or:generator:441120,,12.74,2029,32.6,-82.3,0.3477033432482343
SouthernCompany:IC-1240:PV,Solar,175.0,,Pre-Study,0.016,33.288572,-83.346895,9/1/2029,,227.5,or:generator:441121,,3.64,2029,33.5,-83.2,0.2574489079584517
Bonneville:G1015:PV,Solar,270.0,,Studies Undergoing,0.02,46.690915,-119.538711,12/1/2029,,351.0,or:generator:441128,,7.02,2029,47.0,-119.2,0.4585397242835176
Bonneville:G1001:PV,Solar,150.0,,Studies Undergoing,0.02,47.956196,-118.997682,12/1/2029,,195.0,or:generator:441132,,3.9,2029,47.9,-119.2,0.2099775310360662
Bonneville:G1047:PV,Solar,150.0,,Studies Undergoing,0.02,46.641327,-119.824226,5/1/2029,,195.0,or:generator:441137,,3.9,2029,47.0,-120.1,0.45243521083686816
SouthernCompany:IC-1235:PV,Solar,300.0,,Studies Undergoing,0.127,31.287219,-81.677345,8/1/2029,,390.0,or:generator:441157,,49.53,2029,31.7,-81.4,0.49730111902749363
Bonneville:G1043:PV,Solar,150.0,,Studies Undergoing,0.02,46.947861,-119.527079,5/1/2029,,195.0,or:generator:441162,,3.9,2029,47.0,-119.2,0.33120861637644355
Bonneville:G1029:PV,Solar,90.0,,Studies Undergoing,0.02,46.277994,-119.699382,5/1/2029,,117.0,or:generator:441163,,2.34,2029,46.1,-120.1,0.43837956836512676
Bonneville:G1017:PV,Solar,250.0,,Studies Undergoing,0.023,43.662898,-121.44714,6/1/2029,,325.0,or:generator:441165,,7.475,2029,43.4,-121.0,0.5186998534836924
Bonneville:G1004:PV,Solar,10.0,,Studies Undergoing,0.016,46.57301,-119.503066,5/1/2029,,13.0,or:generator:441168,,0.208,2029,47.0,-119.2,0.5236119368922023
SouthernCompany:IC-1189:PV,Solar,150.0,,Studies Undergoing,0.04,32.427228,-84.395452,8/1/2029,,195.0,or:generator:441175,,7.8,2029,32.6,-84.1,0.3422602055279105
SouthernCompany:IC-1182:PV,Solar,138.0,,Studies Undergoing,0.045,32.135661,-86.455756,5/1/2029,,179.4,or:generator:441181,,8.073,2029,31.7,-86.8,0.5552516892878417
SouthernCompany:IC-1184:PV,Solar,100.0,,Studies Undergoing,0.04,31.852408,-88.564153,8/1/2029,,130.0,or:generator:441188,,5.2,2029,31.7,-88.6,0.15656693735587868
Bonneville:G1032:PV,Solar,500.0,,Studies Undergoing,0.02,47.9552,-118.997761,5/1/2029,,650.0,or:generator:441206,,13.0,2029,47.9,-119.2,0.20963695552311923
Bonneville:G1040:PV,Solar,300.0,,Studies Undergoing,0.02,46.289361,-119.549483,12/1/2030,,390.0,or:generator:441207,,7.8,2030,46.1,-119.2,0.3974870508708351
THREE SISTERS Solar Generation and BESS: THSI2,Solar,300.0,BrightNight,Studies Undergoing,0.032,32.053732,-109.823,9/1/2029,,390.0,or:generator:441213,,12.48,2029,31.7,-110.2,0.516967434007216
Bonneville:G1031:PV,Solar,250.0,,Studies Undergoing,0.4,45.666371,-122.659421,5/1/2029,,325.0,or:generator:441214,,130.0,2029,46.1,-122.8,0.45584708497697296
SouthernCompany:IC-1194:PV,Solar,200.0,,Studies Undergoing,0.04,34.479143,-82.922706,8/1/2029,,260.0,or:generator:441221,,10.4,2029,34.4,-83.2,0.28836708703490943
SouthernCompany:IC-1196:PV,Solar,200.0,,Studies Undergoing,0.036,33.236224,-83.770478,5/1/2029,,260.0,or:generator:441222,,9.36,2029,33.5,-84.1,0.4220930308119268
Bonneville:G0979:PV,Solar,200.0,,Studies Undergoing,0.02,45.884659,-119.976155,12/1/2029,,260.0,or:generator:441268,,5.2,2029,46.1,-120.1,0.2484136274563015
Bonneville:G1003:PV,Solar,3.0,,Studies Undergoing,0.016,46.646658,-118.871897,5/1/2029,,3.9,or:generator:441269,,0.0624,2029,47.0,-119.2,0.48218476497396473
Bonneville:G1002:PV,Solar,224.0,,Studies Undergoing,0.04,45.194241,-120.693115,12/1/2029,,291.2,or:generator:441279,,11.648,2029,45.2,-121.0,0.30693903190372585
Bonneville:G1051:PV,Solar,1300.0,,Studies Undergoing,0.04,43.492096,-118.829868,12/1/2030,,1690.0,or:generator:441284,,67.6,2030,43.4,-119.2,0.38141758040236984
Bonneville:G1050:PV,Solar,650.0,,Studies Undergoing,0.02,42.408975,-119.273481,5/1/2029,,845.0,or:generator:441286,,16.9,2029,42.5,-120.1,0.831516210296579
PNM:IA-PNM-2023-30:PV,Solar,250.0,,Studies Undergoing,0.016,35.355998,-106.319605,5/1/2029,,325.0,or:generator:441296,,5.2,2029,35.3,-106.6,0.2859320409275594
WAPA:2023-G8:PV,Solar,250.0,,Studies Undergoing,0.095,33.998206,-114.216531,5/1/2029,,325.0,or:generator:441309,,30.875,2029,34.4,-113.8,0.5787369803261249
Bonneville:G1062:PV,Solar,130.0,,Studies Undergoing,0.032,45.609499,-118.648738,5/1/2029,,169.0,or:generator:441315,,5.408,2029,45.2,-118.3,0.5378732412427629
Bonneville:G1063:PV,Solar,110.0,,Studies Undergoing,0.016,45.986701,-118.458954,5/1/2029,,143.0,or:generator:441331,,2.288,2029,46.1,-118.3,0.1951999936398662
SouthernCompany:IC-1236:PV,Solar,300.0,,Studies Undergoing,0.127,30.723701,-82.063943,8/1/2029,,390.0,or:generator:441333,,49.53,2029,30.8,-82.3,0.24808152823215496
SouthernCompany:IC-1213:PV,Solar,136.0,,Studies Undergoing,0.036,32.744979,-87.30873,5/1/2029,,176.8,or:generator:441348,,6.3648,2029,32.6,-87.7,0.41726624994241307
SouthernCompany:IC-1205:PV,Solar,200.0,,Studies Undergoing,0.036,31.926404,-88.890413,5/1/2029,,260.0,or:generator:441358,,9.36,2029,31.7,-88.6,0.36823699133167154
Bonneville:G1052:PV,Solar,1300.0,,Studies Undergoing,0.02,43.652038,-121.45049,12/1/2030,,1690.0,or:generator:441366,,33.8,2030,43.4,-121.9,0.5153468672108162
SouthernCompany:IC-1208:PV,Solar,120.0,,Studies Undergoing,0.036,32.341987,-86.469104,5/1/2029,,156.0,or:generator:441379,,5.616,2029,32.6,-86.8,0.419598463992656
Bonneville:G1038:PV,Solar,400.0,,Studies Undergoing,0.02,45.944919,-119.238149,12/1/2030,,520.0,or:generator:441386,,10.4,2030,46.1,-119.2,0.15970429788205812
SouthernCompany:IC-1238:PV,Solar,250.0,,Pre-Study,0.016,32.493325,-83.584565,9/1/2029,,325.0,or:generator:441397,,5.2,2029,32.6,-83.2,0.3990861997739294
Big Rooter West Solar,Solar,403.2,Panamint Capital,IA Executed,0.8,31.090422,-96.693266,8/1/2028,,524.2,or:generator:441452,,419.36,2028,30.8,-96.7,0.2905000599655701
Big Rooter East Solar,Solar,555.0,Panamint Capital,IA Executed,0.8,31.088093,-96.702608,5/1/2029,,721.5,or:generator:441455,,577.2,2029,30.8,-96.7,0.2881048043906938
Dunlay Solar: RIC95,Solar,180.4,RIC Energy,Studies Undergoing,0.054,29.314674,-99.09725,4/1/2029,,234.5,or:generator:441468,,12.663,2029,29.0,-99.4,0.4366661067406102
Journey Solar,Solar,124.7,"Journey Solar, LLC",Studies Undergoing,0.054,33.078462,-99.578239,4/1/2029,,162.1,or:generator:441474,,8.7534,2029,33.5,-99.4,0.4576717454300573
Clapton Solar,Solar,201.0,Wylie Solar,Studies Undergoing,0.054,31.438134,-98.533361,4/1/2029,,261.3,or:generator:441476,,14.1102,2029,31.7,-98.5,0.2639824961564663
Bluefox Solar 2,Solar,401.8,Modern Energy,Studies Undergoing,0.054,28.799616,-96.050764,1/1/2030,,522.3,or:generator:441478,,28.2042,2030,29.0,-95.8,0.3209927275687126
Bluefox Solar 3,Solar,201.8,Industrial November Project LLC,Studies Undergoing,0.054,28.799616,-96.050764,4/1/2030,,262.3,or:generator:441481,,14.1642,2030,29.0,-95.8,0.3209927275687126
Bluefox Solar 1,Solar,402.6,Modern Energy,Studies Undergoing,0.054,28.799616,-96.050764,5/1/2029,,523.4,or:generator:441482,,28.2636,2029,29.0,-95.8,0.3209927275687126
Cedar Draw Solar,Solar,451.4,Linea Energy,Studies Undergoing,0.054,32.930156,-100.738257,4/1/2029,,586.8,or:generator:441488,,31.6872,2029,32.6,-100.3,0.5487004486830708
Sunlit Pines Solar SLF,Solar,207.0,Sunlit Pines Energy Center LLC,Studies Undergoing,0.054,31.585384,-94.813233,4/1/2029,,269.1,or:generator:441496,,14.5314,2029,31.7,-94.9,0.1437544425226612
Verily Solar (FKA Cuello De Cuero Solar),Solar,261.0,NextEra Energy Resources,Studies Undergoing,0.054,27.247454,-98.021911,7/1/2029,,339.3,or:generator:441497,,18.3222,2029,27.2,-97.6,0.42457128263344357
Proteus London-Leigh Solar SLF,Solar,600.0,CIG Renewables,IA Executed,0.8,32.025104,-101.278952,4/1/2029,,780.0,or:generator:441506,,624.0,2029,31.7,-101.2,0.3345534772200102
Pecan Energy Storage:PV,Solar,208.0,,Studies Undergoing,0.052,31.095554,-84.361662,2/1/2029,,270.4,or:generator:441528,,14.0608,2029,30.8,-84.1,0.39473936864721276
SRP:Cluster 24:Q2417:PV,Solar,423.0,,Studies Undergoing,0.095,33.234479,-112.629649,5/1/2029,,549.9,or:generator:441537,,52.2405,2029,33.5,-112.9,0.37893411649256736
Loveland Area Project:2023-G2:PV,Solar,150.0,,Studies Undergoing,0.01,36.836335,-107.95917,5/1/2029,,195.0,or:generator:441543,,1.95,2029,37.1,-108.4,0.5136636264375807
SRP:Cluster 24:Q2406:PV,Solar,215.0,,Studies Undergoing,0.095,33.26556,-111.630703,5/1/2029,,279.5,or:generator:441544,,26.5525,2029,33.5,-112.0,0.4374270085500002
SRP:Cluster 24:Q2409:PV,Solar,1200.0,,Studies Undergoing,0.095,34.303404,-109.988961,5/1/2029,,1560.0,or:generator:441545,,148.2,2029,34.4,-110.2,0.23209533975717703
Spain Energy Center:PV,Solar,141.0,,Studies Undergoing,0.207,30.863856,-83.58023,2/1/2029,,183.3,or:generator:441552,,37.9431,2029,30.8,-83.2,0.38555471937974994
SR Bacon II: BACN2,Solar,115.0,Silicon Ranch,Pre-Study,0.048,31.511392,-82.33683,9/1/2029,,149.5,or:generator:441564,,7.176,2029,31.7,-82.3,0.1921703061453567
SRP:Cluster 24:Q2402:PV,Solar,150.0,,Studies Undergoing,0.095,33.352133,-112.848103,5/1/2029,,195.0,or:generator:441566,,18.525,2029,33.5,-112.9,0.1567097581454344
SRP:SRP:Q104*:PV,Solar,51.0,,Studies Undergoing,0.095,33.148865,-111.470332,5/1/2029,,66.3,or:generator:441567,,6.2985,2029,33.5,-111.1,0.5103347709582438
Hammond Solar:PV,Solar,225.0,,Studies Undergoing,0.036,34.378672,-85.279739,5/1/2029,,292.5,or:generator:441574,,10.53,2029,34.4,-85.0,0.28055087186641114
Beaver Creek Solar:PV,Solar,183.0,,Studies Undergoing,0.052,33.08354,-83.206182,2/1/2029,,237.9,or:generator:441583,,12.3708,2029,33.5,-83.2,0.4165058807796122
SRP:Cluster 24:Q2415:PV,Solar,300.0,,Studies Undergoing,0.095,33.351413,-112.860233,5/1/2029,,390.0,or:generator:441590,,37.05,2029,33.5,-112.9,0.15381648435067255
SR Bacon III: BACN3,Solar,100.0,Silicon Ranch,Pre-Study,0.048,31.511392,-82.33683,9/1/2029,,130.0,or:generator:441600,,6.24,2029,31.7,-82.3,0.1921703061453567
Arizona Public Service:SP111:PV,Solar,192.0,,Studies Undergoing,0.191,32.873426,-111.748183,5/1/2029,,249.6,or:generator:441629,,47.6736,2029,32.6,-112.0,0.37171706843377755
SRP:Cluster 24:Q2412:PV,Solar,411.0,,Studies Undergoing,0.01,34.57172,-109.272664,5/1/2029,,534.3,or:generator:441632,,5.343,2029,34.4,-109.3,0.1738821879779516
Pelham Solar:PV,Solar,120.0,,Studies Undergoing,0.143,30.839169,-82.007885,5/1/2029,,156.0,or:generator:441640,,22.308,2029,30.8,-82.3,0.2947293398798246
Lake Whitney Solar: 4670,Solar,150.0,NextEra Energy Resources,Pre-Study,0.054,31.837644,-97.39844,4/1/2029,,195.0,or:generator:441825,,10.53,2029,31.7,-97.6,0.24407438279344415
GEN-2024-007,Solar,80.0,,Studies Undergoing,0.015,38.0934,-98.5025,4/1/2032,,104.0,or:generator:442007,,1.56,2032,38.0,-98.5,0.09343345225346472
Daystar Solar,Solar,150.0,Valor Infrastructure Partners,Studies Undergoing,0.225,28.81011,-97.747448,10/1/2028,,195.0,or:generator:442053,,43.875,2028,29.0,-97.6,0.24041448542881672
Sunrose Renewable Energy: SNRSE,Solar,300.0,Vesper Energy,Studies Undergoing,0.225,29.632927,-96.077572,12/1/2029,,390.0,or:generator:442056,,87.75,2029,29.9,-95.8,0.3851937207600917
Tumbleweed Solar,Solar,614.0,Hecate Energy,Studies Undergoing,0.054,32.648232,-101.404922,4/1/2029,,798.2,or:generator:442062,,43.1028,2029,32.6,-101.2,0.21052161862383242
Maddox Solar,Solar,101.3,Modern Energy,Studies Undergoing,0.225,33.506903,-96.589886,10/1/2028,,131.7,or:generator:442068,,29.6325,2028,33.5,-96.7,0.11033016090353126
Anawa La Solar,Solar,93.3,"EIA Properties, Ltd.",Studies Undergoing,0.054,26.409172,-98.574451,4/1/2029,,121.3,or:generator:442070,,6.5502,2029,26.3,-98.5,0.13214188202458615
Solheim Solar,Solar,108.7,Strata Clean Energy,Studies Undergoing,0.225,32.198812,-97.811859,10/1/2028,,141.3,or:generator:442074,,31.7925,2028,32.6,-97.6,0.4536915772030659
Silverton Solar,Solar,410.0,NextEra Energy Resources,Studies Undergoing,0.09,34.430985,-101.353892,7/1/2029,,533.0,or:generator:442105,,47.97,2029,34.4,-101.2,0.1569803105137704
PacifiCorp:734:PV,Solar,102.3,"Aurora Solar, LLC",IA Executed,0.7,44.225021,-120.932472,9/1/2028,,133.0,or:generator:442132,,93.1,2028,44.3,-121.0,0.10090530821021898
RC Solar,Solar,80.0,rPlus Energies,IA Executed,0.7,39.57679,-110.77273,9/1/2028,,104.0,or:generator:442166,,72.8,2028,39.8,-111.1,0.39614183949691134
JEA:JEA-Q011:PV,Solar,75.0,,Studies Undergoing,0.127,30.490418,-81.477854,5/1/2029,,97.5,or:generator:442171,,12.3825,2029,30.8,-81.4,0.3192213339361886
PacifiCorp:815:PV,Solar,20.0,Invenergy,IA Executed,0.7,39.348488,-110.860256,9/1/2028,,26.0,or:generator:442213,,18.2,2028,38.9,-111.1,0.508545643654528
Dino Solar 1: PV,Solar,80.0,Enyo Energy,IA Executed,0.7,42.844577,-106.380216,9/1/2028,,104.0,or:generator:442219,,72.8,2028,42.5,-106.6,0.4087032121050632
Louisville Gas & Electric Co:LGE-GIS-2024-004:PV,Solar,22.0,,IA Executed,0.7,37.818106,-85.426553,10/1/2028,,28.6,or:generator:442243,,20.02,2028,38.0,-85.0,0.4637163885878938
JEA:JEA-Q012:PV,Solar,75.0,,Studies Undergoing,0.127,30.378613,-81.603993,5/1/2029,,97.5,or:generator:442246,,12.3825,2029,30.8,-81.4,0.4681667948690917
PacifiCorp:666:PV,Solar,2.0,"Sunthurst Energy, LLC",IA Executed,0.7,45.589024,-118.668359,9/1/2028,,2.6,or:generator:442267,,1.82,2028,45.2,-118.3,0.535749965428835
PacifiCorp:443:PV,Solar,34.6,"Ponderosa Solar, LLC",IA Executed,0.7,44.225828,-120.932473,9/1/2028,,44.9,or:generator:442287,,31.43,2028,44.3,-121.0,0.10030643704667895
Dino Solar 4: PV,Solar,30.0,Enyo Energy,IA Executed,0.7,42.872095,-106.360115,9/1/2028,,39.0,or:generator:442289,,27.3,2028,42.5,-106.6,0.4427183102718948
PacifiCorp:C021:PV,Solar,800.0,,Studies Undergoing,0.032,45.899979,-106.610362,5/1/2029,,1040.0,or:generator:442294,,33.28,2029,46.1,-106.6,0.2002892195925678
PacifiCorp:OCS086:PV,Solar,1.0,,Studies Undergoing,0.01,42.667085,-122.794599,5/1/2029,,1.3,or:generator:442316,,0.013,2029,42.5,-122.8,0.16717227050560737
Stonewall Solar: RIC92,Solar,60.2,RIC Energy,Studies Undergoing,0.225,33.174177,-100.2308,1/1/2029,,78.3,or:generator:442388,,17.6175,2029,33.5,-100.3,0.33309047919296514
Callan Solar: RIC93,Solar,90.0,RIC Energy,Studies Undergoing,0.054,30.990928,-99.60118,4/1/2029,,117.0,or:generator:442469,,6.318,2029,30.8,-99.4,0.2773569786105936
PacifiCorp:OCS087:PV,Solar,3.0,,Studies Undergoing,0.095,42.966589,-123.353928,5/1/2029,,3.9,or:generator:442525,,0.3705,2029,43.4,-123.7,0.5546268331995885
PacifiCorp:789:PV,Solar,74.9,PacifiCorp,IA Executed,0.7,43.01819,-108.410132,9/1/2028,,97.4,or:generator:442526,,68.18,2028,43.4,-108.4,0.3819444115627314
Hayden 2A:PV,Solar,80.0,"Ecoplexus, Inc",IA Executed,0.7,42.343249,-122.820049,9/1/2028,,104.0,or:generator:442565,,72.8,2028,42.5,-122.8,0.15802796715138737
Black Rock:PV,Solar,94.0,BayWa r.e.,IA Executed,0.7,46.555212,-120.488067,9/1/2028,,122.2,or:generator:442586,,85.54,2028,47.0,-120.1,0.5902815950315642
Fremont Solar: PV1,Solar,99.0,Longroad Energy,IA Executed,0.7,37.9789,-112.7761,9/1/2028,,128.7,or:generator:442613,,90.09,2028,38.0,-112.9,0.1256838096176329
PacifiCorp:1045:PV,Solar,3.0,,IA Executed,0.7,45.674388,-118.824482,9/1/2028,,3.9,or:generator:442660,,2.73,2028,46.1,-119.2,0.5675908234529523
Alisa Solar Energy Complex 2 - PV,Solar,500.0,Balanced Rock Power,Studies Undergoing,0.076,32.953701,-113.488419,6/1/2030,,650.0,or:generator:442687,,49.4,2030,32.6,-113.8,0.4713672845690535
GEN-2024-SR7,Solar,200.0,Balanced Rock Power,Studies Undergoing,0.43,36.544444,-100.885556,1/1/2032,,260.0,or:generator:442691,,111.8,2032,36.2,-101.2,0.4663868547375694
SouthernCompany:IC-1243:PV,Solar,200.0,,Studies Undergoing,0.036,30.928145,-89.721235,5/1/2029,,260.0,or:generator:442752,,9.36,2029,30.8,-89.5,0.2556678827111393
SouthernCompany:IC-1277:PV,Solar,150.0,,Pre-Study,0.016,31.442159,-87.477994,9/1/2029,,195.0,or:generator:442776,,3.12,2029,31.7,-87.7,0.3402479174322789
WAPA:2024-G4:PV,Solar,550.0,,Studies Undergoing,0.159,34.908203,-114.454971,5/1/2029,,715.0,or:generator:442810,,113.685,2029,35.3,-114.7,0.46210832068899027
SouthernCompany:IC-1278:PV,Solar,150.0,,Pre-Study,0.016,31.442039,-87.490574,9/1/2029,,195.0,or:generator:442907,,3.12,2029,31.7,-87.7,0.33226966006092434
SouthernCompany:IC-1242:PV,Solar,100.0,,Studies Undergoing,0.032,32.45332,-86.901535,8/1/2029,,130.0,or:generator:442942,,4.16,2029,32.6,-86.8,0.1783938861760702
WAPA:2024-G3:PV,Solar,260.0,,Studies Undergoing,0.095,33.947058,-113.532813,5/1/2029,,338.0,or:generator:442953,,32.11,2029,33.5,-113.8,0.5208164247918787
CIPCO:77:PV,Solar,70.0,,Studies Undergoing,0.082,42.073902,-93.687592,7/1/2030,,91.0,or:generator:442969,,7.462,2030,42.5,-94.0,0.5283542978608254
CIPCO:78:PV,Solar,50.0,,Studies Undergoing,0.082,41.76024,-90.99517,7/1/2030,,65.0,or:generator:443023,,5.33,2030,41.6,-91.3,0.34438087417857255
Bonneville:G1066:PV,Solar,1.0,,Studies Undergoing,0.191,44.938239,-123.08581,5/1/2029,,0.0,or:generator:443029,,0.0,2029,45.2,-122.8,0.38756441686640786
Jenna Eco-Electric Solar,Solar,576.3,Global Clean Energy Holdings Inc.,IA Executed,0.8,32.538926,-100.68098,11/1/2028,,749.2,or:generator:443143,,599.36,2028,32.6,-100.3,0.3858442611676462
Silver Dollar Solar,Solar,302.0,Enel Green Power,Studies Undergoing,0.054,31.816276,-96.052451,4/1/2029,,392.6,or:generator:443167,,21.2004,2029,31.7,-95.8,0.2779417485319608
Lazy Frog Solar SLF,Solar,100.4,Heelstone Energy,Studies Undergoing,0.225,33.234959,-95.254789,10/1/2028,,130.5,or:generator:443170,,29.3625,2028,33.5,-94.9,0.44285659778532804
Raghorn Solar SLF,Solar,92.0,Birch Creek Development,Studies Undergoing,0.054,27.744485,-98.243074,4/1/2029,,119.6,or:generator:443171,,6.4584,2029,28.1,-98.5,0.4386363923581854
Sayle Solar SLF,Solar,122.4,Edna Solar LLC,Studies Undergoing,0.054,29.006735,-96.633746,4/1/2029,,159.1,or:generator:443172,,8.5914,2029,29.0,-96.7,0.06659544084244866
Mud Cat Solar SLF,Solar,101.0,Heelstone Energy,Studies Undergoing,0.054,33.514509,-95.344564,4/1/2029,,131.3,or:generator:443180,,7.0902,2029,33.5,-94.9,0.44480069826496416
Skeeter Solar,Solar,251.0,Pine Gate Renewables,Studies Undergoing,0.225,32.46704,-100.222353,12/1/2028,,326.3,or:generator:443193,,73.4175,2028,32.6,-100.3,0.15397213452115596
Roadrunner Energy Farm:PV,Solar,1.0,RAI Energy,Pre-Study,0.024,40.190243,-103.570918,9/1/2029,,1.3,or:generator:443216,,0.0312,2029,39.8,-103.9,0.5104748395102385
Public Service Co of Colorado:GI-2024-05:PV,Solar,400.0,,Studies Undergoing,0.08,38.854124,-104.731946,5/1/2029,,520.0,or:generator:443223,,41.6,2029,38.9,-104.8,0.0820728596553116
Public Service Co of Colorado:GI-2024-03:PV,Solar,150.0,,Studies Undergoing,0.08,40.212597,-103.669674,5/1/2029,,195.0,or:generator:443224,,15.6,2029,39.8,-103.9,0.47253185150316235
Public Service Co of Colorado:GI-2024-11:PV,Solar,1.0,,Pre-Study,0.119,38.50035,-106.093673,9/1/2029,,1.3,or:generator:443227,,0.1547,2029,38.9,-105.7,0.5609799937867617
Public Service Co of Colorado:GI-2024-19:PV,Solar,1.0,,Pre-Study,0.024,39.177832,-103.853126,9/1/2029,,1.3,or:generator:443233,,0.0312,2029,38.9,-103.9,0.2817583931314243
Public Service Co of Colorado:GI-2024-04:PV,Solar,100.0,,Studies Undergoing,0.08,38.386144,-104.633272,5/1/2029,,130.0,or:generator:443234,,10.4,2029,38.0,-104.8,0.4206012538259944
Public Service Co of Colorado:GI-2024-01:PV,Solar,199.0,,Pre-Study,0.024,40.245094,-104.874687,9/1/2029,,258.7,or:generator:443235,,6.2088,2029,39.8,-104.8,0.4513167588346389
Public Service Co of Colorado:GI-2024-16:PV,Solar,1.0,,Pre-Study,0.024,38.264826,-104.224347,9/1/2029,,1.3,or:generator:443241,,0.0312,2029,38.0,-103.9,0.4187287746083285
Public Service Co of Colorado:GI-2024-15:PV,Solar,1.0,,Pre-Study,0.01,37.370115,-105.956655,9/1/2029,,1.3,or:generator:443242,,0.013,2029,37.1,-105.7,0.37260421662938253
Public Service Co of Colorado:GI-2024-07:PV,Solar,1.0,,Pre-Study,0.024,38.2113,-104.576302,9/1/2029,,1.3,or:generator:443243,,0.0312,2029,38.0,-104.8,0.3077149414701861
Public Service Co of Colorado:GI-2024-20:PV,Solar,1.0,,Pre-Study,0.024,39.167352,-103.848206,9/1/2029,,1.3,or:generator:443245,,0.0312,2029,38.9,-103.9,0.27232280539830195
Public Service Co of Colorado:GI-2024-02:PV,Solar,199.0,,Pre-Study,0.024,40.245094,-104.874687,9/1/2029,,258.7,or:generator:443247,,6.2088,2029,39.8,-104.8,0.4513167588346389
Public Service Co of Colorado:GI-2024-14:PV,Solar,1.0,,Pre-Study,0.024,38.255676,-104.223907,9/1/2029,,1.3,or:generator:443253,,0.0312,2029,38.0,-103.9,0.41265719625979497
Independence Solar,Solar,120.0,RWE Renewables,Studies Undergoing,0.242,30.573331,-90.529044,5/1/2030,,156.0,or:generator:443304,,37.752,2030,30.8,-90.4,0.26082789248276106
J3552,Solar,112.0,,Pre-Study,0.052,44.965094,-94.277,9/1/2031,,145.6,or:generator:443305,,7.5712,2031,45.2,-94.0,0.3631939273115695
J3439,Solar,72.0,,Pre-Study,0.052,45.41097,-93.59284,9/1/2031,,93.6,or:generator:443308,,4.8672,2031,45.2,-94.0,0.45857126654425495
J3762,Solar,430.0,Doral Renewables,Pre-Study,0.052,46.69644,-96.378431,9/1/2031,,559.0,or:generator:443313,,29.068,2031,47.0,-96.7,0.4422163445204126
J3619,Solar,150.0,,Pre-Study,0.026,35.607489,-89.936751,9/1/2031,,195.0,or:generator:443329,,5.07,2031,35.3,-89.5,0.534135676698349
J3287,Solar,110.0,,Pre-Study,0.138,43.837914,-85.425816,9/1/2031,,143.0,or:generator:443343,,19.734,2031,43.4,-85.0,0.6108092478441999
J3184,Solar,145.0,,Studies Undergoing,0.254,38.482182,-89.955155,3/1/2030,,188.5,or:generator:443344,,47.879,2030,38.9,-90.4,0.6102941546082497
J3419,Solar,150.0,,Pre-Study,0.138,43.851966,-82.682552,9/1/2031,,195.0,or:generator:443367,,26.91,2031,44.3,-82.3,0.5891353816059623
J3283,Solar,100.0,,Pre-Study,0.164,44.562114,-85.50585,9/1/2031,,130.0,or:generator:443369,,21.32,2031,44.3,-85.9,0.4733476222566353
J3732,Solar,175.0,,Pre-Study,0.087,37.752429,-88.674694,9/1/2031,,227.5,or:generator:443372,,19.7925,2031,38.0,-88.6,0.2585934911729248
J3498,Solar,250.0,,Pre-Study,0.173,40.898825,-90.062856,9/1/2031,,325.0,or:generator:443377,,56.225,2031,40.7,-90.4,0.3914044677325566
J3686,Solar,190.0,,Pre-Study,0.173,39.549179,-89.498319,9/1/2031,,247.0,or:generator:443382,,42.731,2031,39.8,-89.5,0.2508266329598941
J2302,Solar,400.0,,IA Executed,0.409,30.730117,-90.690536,5/1/2028,,520.0,or:generator:443383,,212.68,2028,30.8,-90.4,0.29882235690288234
J3466,Solar,100.0,,Pre-Study,0.164,43.9795,-88.63271,9/1/2031,,130.0,or:generator:443389,,21.32,2031,44.3,-88.6,0.3221648554699872
J3522,Solar,200.0,,Pre-Study,0.052,46.950945,-97.075935,9/1/2031,,260.0,or:generator:443397,,13.52,2031,47.0,-96.7,0.37912203477244505
El Paso Electric Co:LG-24-3-10:PV,Solar,100.0,,IA Executed,0.7,32.468689,-107.926184,9/1/2028,,130.0,or:generator:443399,,91.0,2028,32.6,-108.4,0.49167487283468164
J3758,Solar,300.0,,Pre-Study,0.087,39.869631,-92.619586,9/1/2031,,390.0,or:generator:443405,,33.93,2031,39.8,-92.2,0.4253244497521818
J3481,Solar,100.0,,Pre-Study,0.026,34.273808,-92.22318,9/1/2031,,130.0,or:generator:443437,,3.38,2031,34.4,-92.2,0.12830328625564835
J3449,Solar,200.0,,Pre-Study,0.026,35.203669,-92.870783,9/1/2031,,260.0,or:generator:443444,,6.76,2031,35.3,-93.1,0.24863647087665133
Tennessee Valley Authority:609:PV,Solar,96.0,,Studies Undergoing,0.095,37.134199,-88.747263,5/1/2029,,124.8,or:generator:443464,,11.856,2029,37.1,-88.6,0.15118188638194344
J3679,Solar,149.0,,Pre-Study,0.154,41.536045,-86.637983,9/1/2031,,193.7,or:generator:443465,,29.8298,2031,41.6,-86.8,0.17418309422558004
J3723,Solar,300.0,,Pre-Study,0.164,44.524747,-85.771683,9/1/2031,,390.0,or:generator:443468,,63.96,2031,44.3,-85.9,0.2587981191933257
J3256,Solar,200.0,,Pre-Study,0.173,39.4732,-87.927113,9/1/2031,,260.0,or:generator:443474,,44.98,2031,39.8,-87.7,0.3979680323455646
J3286,Solar,200.0,,Pre-Study,0.138,43.171472,-82.549611,9/1/2031,,260.0,or:generator:443477,,35.88,2031,43.4,-82.3,0.33842384387776153
J3722,Solar,150.0,,Pre-Study,0.138,41.938494,-84.803891,9/1/2031,,195.0,or:generator:443483,,26.91,2031,41.6,-85.0,0.3911993454966417
J3382,Solar,171.0,,Pre-Study,0.173,40.224537,-88.432149,9/1/2031,,222.3,or:generator:443497,,38.4579,2031,39.8,-88.6,0.45651464661059926
J3342,Solar,180.0,,Pre-Study,0.173,39.998287,-87.826251,9/1/2031,,234.0,or:generator:443506,,40.482,2031,39.8,-87.7,0.23506818025840778
J3451,Solar,120.0,,Pre-Study,0.138,44.633639,-83.462917,9/1/2031,,156.0,or:generator:443518,,21.528,2031,44.3,-83.2,0.4247826870412732
J3254,Solar,175.0,,Pre-Study,0.087,37.237208,-89.119445,9/1/2031,,227.5,or:generator:443523,,19.7925,2031,37.1,-89.5,0.40453447725626696
J3733,Solar,150.0,,Pre-Study,0.154,38.275931,-87.317456,9/1/2031,,195.0,or:generator:443527,,30.03,2031,38.0,-87.7,0.4716755544831603
J3495,Solar,220.0,,Pre-Study,0.154,39.086,-87.063,9/1/2031,,286.0,or:generator:443530,,44.044,2031,38.9,-86.8,0.3221257518423554
J3399,Solar,300.0,,Pre-Study,0.052,44.619789,-92.758537,9/1/2031,,390.0,or:generator:443535,,20.28,2031,44.3,-93.1,0.46782687491206987
J3653,Solar,80.0,,Pre-Study,0.138,42.27548,-83.62825,9/1/2031,,104.0,or:generator:443546,,14.352,2031,42.5,-83.2,0.48353623742175916
J3529,Solar,64.0,,Pre-Study,0.052,47.460775,-95.995158,9/1/2031,,83.2,or:generator:443548,,4.3264,2031,47.9,-95.8,0.48063005065122893
Newman Buffer Generation Project:PV,Solar,100.0,El Paso Electric Co,IA Executed,0.7,31.990751,-106.434897,9/1/2028,,130.0,or:generator:443549,,91.0,2028,31.7,-106.6,0.3343578092552888
Zydeco Solar:PV,Solar,100.0,Recurrent Energy,IA Executed,0.4,30.845005,-92.261833,1/1/2029,,130.0,or:generator:443551,,52.0,2029,30.8,-92.2,0.07647725095738668
J3591,Solar,400.0,,Pre-Study,0.074,30.74865,-90.816689,9/1/2031,,520.0,or:generator:443570,,38.48,2031,30.8,-90.4,0.41984109520268786
J3731,Solar,160.0,,Pre-Study,0.154,38.802385,-87.308658,9/1/2031,,208.0,or:generator:443575,,32.032,2031,38.9,-87.7,0.4033326780574646
J3473,Solar,150.0,,Pre-Study,0.138,43.702153,-83.964208,9/1/2031,,195.0,or:generator:443576,,26.91,2031,43.4,-84.1,0.3312640980743327
J3379,Solar,100.0,,Pre-Study,0.087,37.329897,-88.865378,9/1/2031,,130.0,or:generator:443579,,11.31,2031,37.1,-88.6,0.3511098310970617
J3719,Solar,200.0,,Pre-Study,0.154,40.721858,-86.065572,9/1/2031,,260.0,or:generator:443583,,40.04,2031,40.7,-85.9,0.16700856070273434
J3781,Solar,150.0,,Pre-Study,0.074,30.330277,-93.003413,9/1/2031,,195.0,or:generator:443592,,14.43,2031,29.9,-93.1,0.4409845182067054
J2142,Solar,150.0,,Studies Undergoing,0.083,40.271699,-92.451771,3/1/2030,,195.0,or:generator:443598,,16.185,2030,40.7,-92.2,0.4968202723742253
J3231,Solar,100.0,,Studies Undergoing,0.01,31.180648,-90.968767,9/1/2030,,130.0,or:generator:443600,,1.3,2030,30.8,-91.3,0.5045871581728958
J3685,Solar,100.0,,Pre-Study,0.087,39.545174,-91.023388,9/1/2031,,130.0,or:generator:443604,,11.31,2031,39.8,-91.3,0.3760990412378063
J3418,Solar,220.0,,Pre-Study,0.173,39.561,-89.617,9/1/2031,,286.0,or:generator:443613,,49.478,2031,39.8,-89.5,0.26610148440021847
J3464,Solar,200.0,,Pre-Study,0.035,42.0853,-93.44566,9/1/2031,,260.0,or:generator:443614,,9.1,2031,42.5,-93.1,0.5398675074497532
Cheyenne Light Fuel and Power Transmission:CLPT G29:PV,Solar,75.0,,Pre-Study,0.032,41.165834,-104.778986,9/1/2029,,97.5,or:generator:443617,,3.12,2029,41.6,-104.8,0.43467425015982236
J3461,Solar,156.0,,Pre-Study,0.035,41.359048,-91.312986,9/1/2031,,202.8,or:generator:443620,,7.098,2031,41.6,-91.3,0.24130168358302015
J2773,Solar,100.0,,Studies Undergoing,0.01,35.517358,-91.03182,9/1/2030,,130.0,or:generator:443624,,1.3,2030,35.3,-91.3,0.3452028571202771
J3436,Solar,200.0,,Pre-Study,0.035,39.956024,-93.867048,9/1/2031,,260.0,or:generator:443673,,9.1,2031,39.8,-94.0,0.20498712857153126
J3545,Solar,200.0,,Pre-Study,0.138,43.01274,-84.964235,9/1/2031,,260.0,or:generator:443674,,35.88,2031,43.4,-85.0,0.3889080133206284
J3811,Solar,200.0,,Pre-Study,0.173,38.763406,-88.661301,9/1/2031,,260.0,or:generator:443677,,44.98,2031,38.9,-88.6,0.14971884796844628
J3477,Solar,200.0,,Pre-Study,0.035,42.085,-94.649,9/1/2031,,260.0,or:generator:443679,,9.1,2031,42.5,-94.9,0.48500103092674113
J3532,Solar,500.0,,Pre-Study,0.052,48.949404,-95.440514,9/1/2031,,650.0,or:generator:443691,,33.8,2031,48.8,-95.8,0.3892964672482966
J3724,Solar,132.0,,Pre-Study,0.154,39.527338,-87.473,9/1/2031,,171.6,or:generator:443701,,26.4264,2031,39.8,-87.7,0.35478664890889006
J3590,Solar,75.0,,Pre-Study,0.069,33.16667,-90.55398,9/1/2031,,97.5,or:generator:443721,,6.7275,2031,33.5,-90.4,0.36717670037734507
J3792,Solar,125.0,,Pre-Study,0.138,43.357399,-84.739403,9/1/2031,,162.5,or:generator:443736,,22.425,2031,43.4,-85.0,0.26405613344514833
J3611,Solar,140.0,,Pre-Study,0.087,38.051617,-88.43333,9/1/2031,,182.0,or:generator:443744,,15.834,2031,38.0,-88.6,0.17447980854241787
J3470,Solar,100.0,,Pre-Study,0.138,43.60648,-83.264335,9/1/2031,,130.0,or:generator:443745,,17.94,2031,43.4,-83.2,0.21627062358304608
J3442,Solar,156.0,,Pre-Study,0.087,37.02806,-89.6841,9/1/2031,,202.8,or:generator:443747,,17.6436,2031,37.1,-89.5,0.19765670643820815
J3528,Solar,225.0,,Pre-Study,0.173,39.039394,-88.269553,9/1/2031,,292.5,or:generator:443789,,50.6025,2031,38.9,-88.6,0.35864454135675305
J3674,Solar,100.0,,Pre-Study,0.173,38.965368,-88.18956,9/1/2031,,130.0,or:generator:443792,,22.49,2031,38.9,-88.6,0.4156127633073786
J3539,Solar,116.9,,Pre-Study,0.138,44.8409,-83.5014,9/1/2031,,152.0,or:generator:443793,,20.976,2031,45.2,-83.2,0.46882274902142307
J3745,Solar,150.0,,Pre-Study,0.154,39.198151,-85.048816,9/1/2031,,195.0,or:generator:443834,,30.03,2031,38.9,-85.0,0.30212087093910406
J3761,Solar,145.8,,Pre-Study,0.138,44.419603,-84.067192,9/1/2031,,189.5,or:generator:443838,,26.151,2031,44.3,-84.1,0.12402113720249647
El Paso Electric Co:LG-24-3-13:PV,Solar,150.0,,IA Executed,0.7,31.507596,-106.127064,9/1/2028,,195.0,or:generator:443840,,136.5,2028,31.7,-105.7,0.46840469608235263
J3764,Solar,170.0,,Pre-Study,0.069,32.608936,-90.104458,9/1/2031,,221.0,or:generator:443845,,15.249,2031,32.6,-90.4,0.2956770634662197
J3803,Solar,200.0,,Pre-Study,0.138,42.025928,-83.631586,9/1/2031,,260.0,or:generator:443859,,35.88,2031,41.6,-83.2,0.6063671631775549
J3601,Solar,200.0,,Pre-Study,0.069,32.582209,-91.838727,9/1/2031,,260.0,or:generator:443865,,17.94,2031,32.6,-92.2,0.3617107963691407
J3479,Solar,200.0,,Pre-Study,0.074,31.171941,-92.751161,9/1/2031,,260.0,or:generator:443870,,19.24,2031,30.8,-93.1,0.5099301475712124
J3340,Solar,175.0,,Pre-Study,0.173,40.456682,-87.587696,9/1/2031,,227.5,or:generator:443871,,39.3575,2031,40.7,-87.7,0.26798477109717084
J3457,Solar,215.0,,Pre-Study,0.026,34.376041,-91.518013,9/1/2031,,279.5,or:generator:443885,,7.267,2031,34.4,-91.3,0.219325561323799
J3644,Solar,150.0,,Pre-Study,0.138,43.657677,-84.149192,9/1/2031,,195.0,or:generator:443898,,26.91,2031,43.4,-84.1,0.2623304961170185
J3682,Solar,150.0,,Pre-Study,0.138,43.239139,-85.990806,9/1/2031,,195.0,or:generator:443903,,26.91,2031,43.4,-85.9,0.18472138738380878
J3725,Solar,200.0,,Pre-Study,0.035,41.31005,-91.27866,9/1/2031,,260.0,or:generator:443925,,9.1,2031,41.6,-91.3,0.2907342396416398
El Paso Electric Co:LG-23-9-4:PV,Solar,250.0,,IA Executed,0.7,31.521186,-106.124964,12/1/2028,,325.0,or:generator:443932,,227.5,2028,31.7,-105.7,0.4610518928407106
J3633,Solar,200.0,,Pre-Study,0.138,43.319099,-82.722377,9/1/2031,,260.0,or:generator:443940,,35.88,2031,43.4,-82.3,0.4300549987269039
Puget Sound Energy Inc:141:PV,Solar,150.0,,Studies Undergoing,0.358,46.753582,-122.880142,10/1/2034,,195.0,or:generator:443946,,69.81,2034,47.0,-122.8,0.2591226946602723
J3185,Solar,150.0,,Studies Undergoing,0.037,38.982283,-88.443114,3/1/2030,,195.0,or:generator:443949,,7.215,2030,38.9,-88.6,0.17715447802694873
TEP:165:PV,Solar,100.0,,Pre-Study,0.12,32.06539,-110.84224,9/1/2029,,130.0,or:generator:443951,,15.6,2029,31.7,-111.1,0.447157768242928
J3282,Solar,100.0,,Pre-Study,0.164,44.069197,-86.308711,9/1/2031,,130.0,or:generator:443978,,21.32,2031,44.3,-85.9,0.4693769341691119
J3801,Solar,195.6,,Pre-Study,0.173,41.258333,-90.501111,9/1/2031,,254.3,or:generator:443979,,43.9939,2031,41.6,-90.4,0.35631414960677393
J3434,Solar,200.0,,Pre-Study,0.052,45.082113,-95.053138,9/1/2031,,260.0,or:generator:443984,,13.52,2031,45.2,-94.9,0.19325783764960291
J3742,Solar,160.0,,Pre-Study,0.052,46.283,-96.276,9/1/2031,,208.0,or:generator:443988,,10.816,2031,46.1,-96.7,0.4618062364238984
J3586,Solar,205.8,,Pre-Study,0.074,30.383205,-95.225546,9/1/2031,,267.5,or:generator:443994,,19.795,2031,30.8,-94.9,0.5288650774450824
J3556,Solar,250.0,,Pre-Study,0.173,39.229997,-89.249797,9/1/2031,,325.0,or:generator:443996,,56.225,2031,38.9,-89.5,0.4141250550473839
J3687,Solar,113.0,,Pre-Study,0.173,38.871278,-89.008564,9/1/2031,,146.9,or:generator:444027,,25.4137,2031,38.9,-88.6,0.4095723322931011
J3777,Solar,91.8,,Pre-Study,0.164,45.627189,-84.625667,9/1/2031,,119.3,or:generator:444053,,19.5652,2031,45.2,-85.0,0.5679926378131969
J3274,Solar,290.0,,Pre-Study,0.138,44.180361,-83.898936,9/1/2031,,377.0,or:generator:444060,,52.026,2031,44.3,-84.1,0.233966284786922
J3412,Solar,300.0,,Pre-Study,0.173,40.450266,-88.285788,9/1/2031,,390.0,or:generator:444069,,67.47,2031,40.7,-88.6,0.40136797542903246
J3818,Solar,40.0,,Pre-Study,0.173,39.382852,-88.996462,9/1/2031,,52.0,or:generator:444082,,8.996,2031,39.8,-88.6,0.5754950663107352
J3454,Solar,300.0,,Pre-Study,0.069,32.619207,-91.821275,9/1/2031,,390.0,or:generator:444105,,26.91,2031,32.6,-92.2,0.379211727764322
J3401,Solar,500.0,,Pre-Study,0.026,35.643608,-90.004271,9/1/2031,,650.0,or:generator:444107,,16.9,2031,35.3,-90.4,0.5240876826495777
J3797,Solar,141.2,,Pre-Study,0.154,39.491135,-87.602825,9/1/2031,,183.6,or:generator:444108,,28.2744,2031,39.8,-87.7,0.32379093386010627
J3233,Solar,140.0,,Pre-Study,0.052,44.761017,-95.559567,9/1/2031,,182.0,or:generator:444164,,9.464,2031,45.2,-95.8,0.5005138377487662
J3805,Solar,250.0,,Pre-Study,0.173,39.139328,-89.171725,9/1/2031,,325.0,or:generator:444166,,56.225,2031,38.9,-89.5,0.4062540673137975
J3669,Solar,135.0,,Pre-Study,0.052,45.412173,-96.196253,9/1/2031,,175.5,or:generator:444168,,9.126,2031,45.2,-95.8,0.44948172592220165
J3630,Solar,77.0,,Pre-Study,0.074,30.979804,-91.053375,9/1/2031,,100.1,or:generator:444170,,7.4074,2031,30.8,-91.3,0.30521036850178856
J3472,Solar,200.0,,Pre-Study,0.138,43.010203,-83.012653,9/1/2031,,260.0,or:generator:444199,,35.88,2031,43.4,-83.2,0.43248190669437503
J3353,Solar,191.3,,Pre-Study,0.173,40.15867,-88.340932,9/1/2031,,248.7,or:generator:444253,,43.0251,2031,39.8,-88.6,0.44244818625913945
J3787,Solar,247.0,,Pre-Study,0.052,47.028541,-98.680839,9/1/2031,,321.1,or:generator:444289,,16.6972,2031,47.0,-98.5,0.1830773951147492
J3306,Solar,150.0,,Pre-Study,0.087,38.017625,-89.169622,9/1/2031,,195.0,or:generator:444300,,16.965,2031,38.0,-89.5,0.3308477950795463
Little Star Solar,Solar,61.6,RWE Renewables,Studies Undergoing,0.054,29.88833,-97.271575,4/1/2029,,80.1,or:generator:444358,,4.3254,2029,29.9,-97.6,0.32863227097319153
Tipperary Solar,Solar,60.2,Tipsol,Studies Undergoing,0.054,30.871325,-100.568315,4/1/2029,,78.2,or:generator:444366,,4.2228,2029,30.8,-100.3,0.277633201995007
Cannibal Draw Solar and Storage: CANPV,Solar,176.0,Red River Clean Energy,IA Executed,0.8,32.023861,-101.284,12/1/2028,,194.4,or:generator:444368,,155.52,2028,31.7,-101.2,0.3345772665932322
Paddlewheel Solar SLF,Solar,150.0,Sol Systems,Studies Undergoing,0.054,29.005374,-96.063376,4/1/2029,,195.0,or:generator:444370,,10.53,2029,29.0,-95.8,0.2634308206190085
Hondo Arroyo Solar,Solar,60.4,"Hondo Creek Solar, LLC",Studies Undergoing,0.054,29.351577,-99.146937,4/1/2029,,78.5,or:generator:444381,,4.239,2029,29.0,-99.4,0.4331827199900812
Cattle Drive Solar,Solar,307.0,NextEra Energy Resources,IA Executed,0.8,31.15169,-102.225239,3/1/2031,,399.1,or:generator:444390,,319.28,2031,30.8,-102.1,0.3733238047874799
Red Hollow Renewable Energy: RDHLW,Solar,300.0,Vesper Energy,Studies Undergoing,0.054,33.564936,-98.612,4/1/2029,,390.0,or:generator:444391,,21.06,2029,33.5,-98.5,0.12946306073934455
Larrea Solar,Solar,231.6,Ashtrom Renewable Energy,Studies Undergoing,0.054,30.976765,-102.289264,4/1/2029,,301.1,or:generator:444398,,16.2594,2029,30.8,-102.1,0.25897244432758304
Double A Solar SLF,Solar,133.0,Birch Creek Development,Studies Undergoing,0.054,28.821199,-97.229991,4/1/2029,,172.9,or:generator:444399,,9.3366,2029,29.0,-97.6,0.4109458086925782
BLACK BEAR SOLAR,Solar,103.0,"ESCONDIDO DRAW RESOURCES, LLC",Studies Undergoing,0.054,30.546435,-101.533984,4/1/2029,,133.9,or:generator:444400,,7.2306,2029,30.8,-101.2,0.41933342518931344
Ridley Solar SLF,Solar,201.0,Mission Clean Energy,Studies Undergoing,0.054,28.245372,-97.342471,4/1/2029,,261.3,or:generator:444409,,14.1102,2029,28.1,-97.6,0.29572657003555647
Leatherleaf: LLEAF,Solar,5.0,Cypress Creek Renewables,Pre-Study,0.118,43.048657,-78.03491,1/1/2031,,6.5,or:generator:444464,,0.767,2031,43.4,-77.8,0.42264004986394704
South Davidson: SDAVI,Solar,80.0,Cypress Creek Renewables,Studies Undergoing,0.159,35.618203,-80.10797,5/1/2029,,104.0,or:generator:444504,,16.536,2029,35.3,-80.5,0.5049164981548997
Kinglet: KINGL,Solar,5.0,Cypress Creek Renewables,Pre-Study,0.085,38.350511,-77.47619,1/1/2030,,6.5,or:generator:444514,,0.5525,2030,38.0,-77.8,0.47719060889857695
Varnsen: TWNDA,Solar,5.0,Cypress Creek Renewables,Pre-Study,0.164,42.315822,-89.31315,3/1/2031,,6.5,or:generator:444516,,1.066,2031,42.5,-89.5,0.26236321804704943
Solitude: SOLIT,Solar,5.0,Cypress Creek Renewables,Pre-Study,0.03,41.130185,-89.04407,1/1/2030,,6.5,or:generator:444530,,0.195,2030,40.7,-88.6,0.6182696006799985
Carriger: PV,Solar,160.0,Cypress Creek Renewables,Studies Undergoing,0.016,45.8777,-120.8865,5/1/2029,,208.0,or:generator:444539,,3.328,2029,46.1,-121.0,0.24959875800973508
Scotch Grove Solar: SGROV,Solar,80.0,Cypress Creek Renewables,Pre-Study,0.08,34.84957,-79.44656,9/1/2029,,104.0,or:generator:444578,,8.32,2029,34.4,-79.6,0.4750337024885686
Gillard: GILLD,Solar,5.0,Cypress Creek Renewables,Pre-Study,0.03,41.19401,-88.29454,1/1/2030,,6.5,or:generator:444597,,0.195,2030,41.6,-88.6,0.5080685895624725
Vista Sands Solar: VISTA,Solar,1182.0,Doral Renewables,IA Executed,0.539,44.446256,-89.57631,12/1/2028,,1536.6,or:generator:444644,,828.2274,2028,44.3,-89.5,0.16496676524682571
J3827,Solar,160.0,,Studies Undergoing,0.019,46.11735,-85.601058,10/1/2030,,208.0,or:generator:444820,,3.952,2030,46.1,-85.9,0.29944505650286923
J3828,Solar,100.0,,Studies Undergoing,0.016,43.284359,-83.00496,10/1/2030,,130.0,or:generator:444822,,2.08,2030,43.4,-83.2,0.22674532515798754
Santee Cooper:270:PV,Solar,150.0,,Studies Undergoing,0.179,33.5143,-79.828379,12/1/2029,,195.0,or:generator:444833,,34.905,2029,33.5,-79.6,0.22882626082030386
PacifiCorp:PIS056:PV,Solar,178.0,PacifiCorp,Studies Undergoing,0.064,38.910309,-111.251968,5/1/2029,,231.4,or:generator:444841,,14.8096,2029,38.9,-111.1,0.1523172626625205
PacifiCorp:PIS058:PV,Solar,70.0,PacifiCorp,Studies Undergoing,0.064,38.910309,-111.251968,5/1/2029,,91.0,or:generator:444852,,5.824,2029,38.9,-111.1,0.1523172626625205
Santee Cooper:267:PV,Solar,198.0,,Studies Undergoing,0.179,33.485963,-79.619438,5/1/2029,,257.4,or:generator:444889,,46.0746,2029,33.5,-79.6,0.023976513779120714
PacifiCorp:PIS057:PV,Solar,125.0,PacifiCorp,Studies Undergoing,0.064,39.307143,-110.984328,5/1/2029,,162.5,or:generator:444894,,10.4,2029,38.9,-111.1,0.42325575487286826
Santee Cooper:246:PV,Solar,75.0,,Studies Undergoing,0.179,33.757196,-79.408353,5/1/2029,,97.5,or:generator:444895,,17.4525,2029,33.5,-79.6,0.32074655886695963
Santee Cooper:281:PV,Solar,150.0,,Studies Undergoing,0.179,33.85667,-79.879867,5/1/2029,,195.0,or:generator:444900,,34.905,2029,33.5,-79.6,0.45336412141788024
LADWP:240627000000:PV,Solar,250.0,,Pre-Study,0.119,36.01583,-115.184197,9/1/2029,,325.0,or:generator:444904,,38.675,2029,36.2,-115.6,0.45476447058779557
Santee Cooper:261:PV,Solar,49.9,,Studies Undergoing,0.179,34.356111,-79.328718,5/1/2029,,64.9,or:generator:444906,,11.6171,2029,34.4,-79.6,0.274809329981716
Santee Cooper:268:PV,Solar,54.6,,Studies Undergoing,0.179,33.698362,-79.938268,5/1/2029,,71.0,or:generator:444918,,12.709,2029,33.5,-79.6,0.3921386526064483
Santee Cooper:278:PV,Solar,158.4,,Studies Undergoing,0.179,33.676205,-79.807263,5/1/2029,,205.9,or:generator:444927,,36.8561,2029,33.5,-79.6,0.27204071973512706
Santee Cooper:259:PV,Solar,79.0,,Studies Undergoing,0.179,32.981317,-81.340722,5/1/2029,,102.7,or:generator:444954,,18.3833,2029,32.6,-81.4,0.38589705333546853
Santee Cooper:266:PV,Solar,100.0,,Studies Undergoing,0.179,32.638521,-81.321814,5/1/2029,,130.0,or:generator:444975,,23.27,2029,32.6,-81.4,0.0871603008083384
Santee Cooper:244:PV,Solar,175.0,,Studies Undergoing,0.179,33.724859,-79.480955,5/1/2029,,227.5,or:generator:444999,,40.7225,2029,33.5,-79.6,0.2544273607653094
Santee Cooper:272:PV,Solar,74.9,,Studies Undergoing,0.179,33.586308,-79.502632,5/1/2029,,97.4,or:generator:445004,,17.4346,2029,33.5,-79.6,0.13011378976879526
PacifiCorp:OCS095:PV,Solar,1.0,"SolaRay Farms, Inc",Studies Undergoing,0.01,42.177493,-121.695519,5/1/2029,,0.0,or:generator:445029,,0.0,2029,42.5,-121.9,0.3818680981831313
Dove Creek Solar,Solar,164.0,"Dove Creek Solar, LLC",Studies Undergoing,0.054,31.045396,-100.541633,4/1/2029,,213.2,or:generator:445070,,11.5128,2029,30.8,-100.3,0.34439178780134017
Cavell Solar,Solar,502.1,Intersect Power,Studies Undergoing,0.09,34.772975,-102.304576,7/1/2029,,652.7,or:generator:445086,,58.743,2029,34.4,-102.1,0.42539592193743947
Mandolin Solar SLF,Solar,300.0,Mission Clean Energy,Studies Undergoing,0.054,26.465244,-98.739294,6/1/2029,,390.0,or:generator:445092,,21.06,2029,26.3,-98.5,0.2908043981304267
Commodus Solar,Solar,502.1,Intersect Power,Studies Undergoing,0.09,34.433292,-101.362575,7/1/2029,,652.7,or:generator:445102,,58.743,2029,34.4,-101.2,0.16594875079072294
Robinson Solar: CRSS1,Solar,300.0,Repsol Renewables NA,Pre-Study,0.095,39.298603,-115.2192,12/1/2029,,390.0,or:generator:4606928,,37.05,2029,38.9,-115.6,0.5512649014847546
Gibson Solar Project - Hybrid: GSP1,Solar,13.0,Emeren,Pre-Study,0.309,38.678386,-121.9876,9/1/2031,,16.9,or:generator:4606934,,5.2221,2031,38.9,-121.9,0.23829923414899387
Knox Solar,Solar,33.5,,IA Executed,0.65,43.991499,-69.276335,12/1/2028,,43.6,or:generator:4607063,,28.34,2028,44.3,-69.7,0.5240848206407046
GEN-2024-GR3,Solar,196.0,,Studies Undergoing,0.43,32.731972,-103.310392,6/1/2032,,254.8,or:generator:4607081,,109.564,2032,32.6,-103.0,0.33728297088349285
Turner Meadow Solar,Solar,19.8,Glenvale Solar,IA Executed,0.65,44.255775,-70.289256,12/1/2028,,25.7,or:generator:4607085,,16.705,2028,44.3,-70.6,0.31387526847618874
Fairfield Solar,Solar,18.1,NextEra Energy Resources,IA Executed,0.65,44.56834,-69.685099,12/1/2028,,23.6,or:generator:4607089,,15.34,2028,44.3,-69.7,0.2687534100267406
Alpujarra Solar,Solar,112.5,Greening USA Corp.,Studies Undergoing,0.054,29.113352,-96.526239,4/1/2029,,146.3,or:generator:4607110,,7.9002,2029,29.0,-96.7,0.20746460186017135
Kurtz Solar SLF,Solar,102.0,Birch Creek Development,Studies Undergoing,0.054,28.863155,-98.696961,5/1/2029,,132.6,or:generator:4607114,,7.1604,2029,29.0,-98.5,0.23983367058443014
River Boat Solar,Solar,502.2,Titus Low Carbon Ventures,Studies Undergoing,0.054,32.305995,-100.703076,4/1/2029,,652.9,or:generator:4607119,,35.2566,2029,32.6,-100.3,0.49890800935743457
Infinium Solar,Solar,401.6,NextEra Energy Resources,Studies Undergoing,0.054,32.108,-101.45024,7/1/2029,,522.1,or:generator:4607126,,28.1934,2029,31.7,-101.2,0.47862726374496634
Beaverhead Solar SLF,Solar,62.0,Pine Gate Renewables,Studies Undergoing,0.054,27.695806,-98.070638,4/1/2029,,80.6,or:generator:4607135,,4.3524,2029,28.1,-98.5,0.5896817079408163
Indigo solar 2,Solar,180.0,Indigo Solar 2,Studies Undergoing,0.054,32.63382,-99.52924,4/1/2029,,234.0,or:generator:4607148,,12.636,2029,32.6,-99.4,0.13359180364078788
Twinwood Solar 1,Solar,358.1,"Twinwood PV1, LLC",Studies Undergoing,0.054,29.711502,-95.856236,4/1/2029,,465.5,or:generator:4607157,,25.137,2029,29.9,-95.8,0.1967078638489054
Silverbell Solar,Solar,126.0,Savion Energy,Studies Undergoing,0.054,33.40576,-95.163101,4/1/2029,,163.8,or:generator:4607163,,8.8452,2029,33.5,-94.9,0.27946970104287794
Duke:Progress_Cluster:923973:PV,Solar,275.0,,Studies Undergoing,0.159,35.138073,-79.654395,5/1/2029,,357.5,or:generator:4607168,,56.8425,2029,35.3,-79.6,0.17081911296456112
Duke:Progress_Cluster:956852:PV,Solar,50.0,,Studies Undergoing,0.199,34.233503,-79.972533,2/1/2029,,65.0,or:generator:4607176,,12.935,2029,34.4,-79.6,0.40804667269566486
Duke:Progress_Cluster:956474:PV,Solar,2.0,,Studies Undergoing,0.199,34.201424,-79.36292,2/1/2029,,2.6,or:generator:4607187,,0.5174,2029,34.4,-79.6,0.3092561303773853
Creed:Cassatt,Solar,48.0,Grenergy,Studies Undergoing,0.278,34.266218,-80.76621,5/1/2029,,62.4,or:generator:4607189,,17.3472,2029,34.4,-80.5,0.29793520709040006
Duke:NC_Cluster:164382:PV,Solar,38.0,,Studies Undergoing,0.278,34.444961,-81.908851,5/1/2029,,49.4,or:generator:4607205,,13.7332,2029,34.4,-82.3,0.39372456326980537
Duke:Progress_Cluster:917739:PV,Solar,64.0,,Studies Undergoing,0.159,34.209324,-79.347718,5/1/2029,,83.2,or:generator:4607215,,13.2288,2029,34.4,-79.6,0.3162333703137534
Duke:Progress_Cluster:568986:PV,Solar,80.0,,Studies Undergoing,0.278,36.415541,-79.094443,5/1/2029,,104.0,or:generator:4607226,,28.912,2029,36.2,-78.7,0.44949216114410057
Duke:Progress_Cluster:919393:PV,Solar,100.0,,Studies Undergoing,0.159,36.038473,-78.662561,5/1/2029,,130.0,or:generator:4607237,,20.67,2029,36.2,-78.7,0.1658090783099656
PNM:IA-PNM-2024-03:PV,Solar,150.0,,Studies Undergoing,0.04,32.212956,-106.267707,5/1/2029,,195.0,or:generator:4607243,,7.8,2029,31.7,-106.6,0.6111812299023869
Duke:Progress_Cluster:917443:PV,Solar,80.0,,Studies Undergoing,0.159,34.823321,-79.398368,5/1/2029,,104.0,or:generator:4607247,,16.536,2029,34.4,-79.6,0.46888818759379824
Duke:Progress_Cluster:956528:PV,Solar,9.0,,Studies Undergoing,0.199,34.399442,-79.506181,2/1/2029,,11.7,or:generator:4607256,,2.3283,2029,34.4,-79.6,0.09382065937201309
Duke:Progress_Cluster:915751:PV,Solar,80.0,,Studies Undergoing,0.159,36.377894,-78.609307,5/1/2029,,104.0,or:generator:4607259,,16.536,2029,36.2,-78.7,0.19967848027516258
Duke:NC_Cluster:572280:PV,Solar,72.0,,Studies Undergoing,0.278,34.092854,-82.090173,5/1/2029,,93.6,or:generator:4607264,,26.0208,2029,34.4,-82.3,0.37197585304021985
Duke:NC_Cluster:572354:PV,Solar,28.0,,Studies Undergoing,0.278,35.037069,-81.727429,5/1/2029,,36.4,or:generator:4607271,,10.1192,2029,35.3,-81.4,0.4199314953679874
Duke:Progress_Cluster:920663:PV,Solar,44.0,,Studies Undergoing,0.159,35.70278,-80.056328,5/1/2029,,57.2,or:generator:4607283,,9.0948,2029,35.3,-80.5,0.5992299825476073
Duke:Progress_Cluster:565080:PV,Solar,75.0,,Studies Undergoing,0.278,34.251578,-79.898887,5/1/2029,,97.5,or:generator:4607294,,27.105,2029,34.4,-79.6,0.3337102468504729
Duke:NC_Cluster:569804:PV,Solar,54.0,,Studies Undergoing,0.278,34.87523,-82.013295,5/1/2029,,70.2,or:generator:4607295,,19.5156,2029,35.3,-82.3,0.5124737163260128
PNM:IA-PNM-2024-04:PV,Solar,230.0,,Studies Undergoing,0.02,35.367658,-106.318225,5/1/2029,,299.0,or:generator:4607297,,5.98,2029,35.3,-106.6,0.2897839809047388
Duke:Progress_Cluster:566542:PV,Solar,75.0,Brookfield Renewables,IA Executed,0.7,34.246722,-79.754027,9/1/2028,,97.5,or:generator:4607340,,68.25,2028,34.4,-79.6,0.2172980948213763
Duke:Progress_Cluster:957086:PV,Solar,30.0,,Studies Undergoing,0.199,34.243225,-79.827113,2/1/2029,,39.0,or:generator:4607343,,7.761,2029,34.4,-79.6,0.2759686855315292
Duke:Progress_Cluster:957368:PV,Solar,75.0,,Studies Undergoing,0.199,34.795082,-79.924027,2/1/2029,,97.5,or:generator:4607348,,19.4025,2029,34.4,-79.6,0.5109630940224571
Bonneville:G1070:PV,Solar,109.6,,Studies Undergoing,0.018,46.239648,-117.76492,5/1/2029,,142.5,or:generator:4607350,,2.565,2029,46.1,-117.4,0.39072774447689124
Duke:NC_Cluster:566202:PV,Solar,75.0,,Studies Undergoing,0.278,34.513525,-82.626518,5/1/2029,,97.5,or:generator:4607353,,27.105,2029,34.4,-82.3,0.34569051180066446
Duke:Progress_Cluster:957087:PV,Solar,5.0,,Studies Undergoing,0.199,33.987536,-79.78551,2/1/2029,,6.5,or:generator:4607356,,1.2935,2029,34.4,-79.6,0.4522615519762905
Duke:NC_Cluster:569164:PV,Solar,71.0,,Studies Undergoing,0.159,34.472645,-81.618824,5/1/2029,,92.3,or:generator:4607358,,14.6757,2029,34.4,-81.4,0.2305672114612121
Duke:Progress_Cluster:957017:PV,Solar,2.0,,Studies Undergoing,0.199,35.537257,-77.835054,2/1/2029,,2.6,or:generator:4607359,,0.5174,2029,35.3,-77.8,0.2398325811164946
Duke:Progress_Cluster:956532:PV,Solar,5.0,,Studies Undergoing,0.199,34.022043,-79.887188,2/1/2029,,6.5,or:generator:4607372,,1.2935,2029,34.4,-79.6,0.4746877301900712
Duke:Progress_Cluster:920659:PV,Solar,67.0,,Studies Undergoing,0.159,35.276241,-78.223347,5/1/2029,,87.1,or:generator:4607378,,13.8489,2029,35.3,-77.8,0.42401317490144774
Bonneville:G1069:PV,Solar,20.0,,Studies Undergoing,0.032,43.513961,-119.120571,5/1/2029,,26.0,or:generator:4607386,,0.832,2029,43.4,-119.2,0.1389103148149967
SouthernCompany:IC-1249:PV,Solar,110.5,,Studies Undergoing,0.036,31.981558,-83.554388,5/1/2029,,72.8,or:generator:4607407,,2.6208,2029,31.7,-83.2,0.45262099145753315
WAPA:2024-G1:PV,Solar,50.0,,Studies Undergoing,0.159,35.053942,-114.130235,5/1/2029,,65.0,or:generator:4607421,,10.335,2029,35.3,-113.8,0.41182483483758014
Bonneville:G1068:PV,Solar,1.0,,Studies Undergoing,0.318,45.649109,-122.49699,5/1/2029,,1.3,or:generator:4607424,,0.4134,2029,45.2,-122.8,0.5417692811345068
Quaker Creek Farm Solar: QUACR,Solar,34.9,Pine Gate Renewables,Studies Undergoing,0.278,36.156688,-79.32292,5/1/2029,,45.4,or:generator:4607433,,12.6212,2029,36.2,-79.6,0.28044474632982325
Duke:Progress_Cluster:564510:PV,Solar,80.0,,Studies Undergoing,0.278,34.55754,-78.604289,5/1/2029,,104.0,or:generator:4607454,,28.912,2029,34.4,-78.7,0.1843351489027609
Duke:Progress_Cluster:956497:PV,Solar,2.0,,Studies Undergoing,0.199,33.720463,-79.434502,2/1/2029,,2.6,or:generator:4607460,,0.5174,2029,33.5,-79.6,0.2756692263800964
Duke:Progress_Cluster:956365:PV,Solar,2.0,,Studies Undergoing,0.199,35.604281,-79.181411,2/1/2029,,2.6,or:generator:4607466,,0.5174,2029,35.3,-79.6,0.5174975148558683
PNM:IA-PNM-2024-02:PV,Solar,150.0,,Studies Undergoing,0.016,35.186157,-106.520471,5/1/2029,,195.0,or:generator:4607470,,3.12,2029,35.3,-106.6,0.13887076902645146
Clark Creek Solar Plant: CCSP1,Solar,40.0,,Studies Undergoing,0.159,35.532689,-81.24866,5/1/2029,,52.0,or:generator:4607494,,8.268,2029,35.3,-81.4,0.27757515436544694
Duke:Progress_Cluster:957223:PV,Solar,4.0,,Studies Undergoing,0.199,35.551886,-78.647918,2/1/2029,,5.2,or:generator:4607500,,1.0348,2029,35.3,-78.7,0.25721409704758197
Duke:Progress_Cluster:956538:PV,Solar,75.0,,Studies Undergoing,0.199,34.64975,-79.533702,2/1/2029,,97.5,or:generator:4607555,,19.4025,2029,34.4,-79.6,0.2583998593343231
Duke:Progress_Cluster:570382:PV,Solar,75.0,,Studies Undergoing,0.278,34.277992,-79.900342,5/1/2029,,97.5,or:generator:4607559,,27.105,2029,34.4,-79.6,0.3241778354977412
Duke:NC_Cluster:126066:PV,Solar,34.0,,Studies Undergoing,0.278,34.189636,-82.155636,5/1/2029,,44.2,or:generator:4607590,,12.2876,2029,34.4,-82.3,0.25513521315568766
Duke:NC_Cluster:920665:PV,Solar,75.0,,Studies Undergoing,0.278,34.827311,-81.686281,5/1/2029,,97.5,or:generator:4607593,,27.105,2029,34.4,-81.4,0.5143457025017278
Duke:Progress_Cluster:569890:PV,Solar,80.0,,Studies Undergoing,0.278,35.425023,-78.066923,5/1/2029,,104.0,or:generator:4607596,,28.912,2029,35.3,-77.8,0.2947518251987669
Duke:Progress_Cluster:915787:PV,Solar,65.0,,Studies Undergoing,0.159,34.00335,-79.792558,5/1/2029,,84.5,or:generator:4607602,,13.4355,2029,34.4,-79.6,0.4409192736363459
Duke:Progress_Cluster:957084:PV,Solar,25.0,,Studies Undergoing,0.199,34.345325,-80.207049,2/1/2029,,32.5,or:generator:4607623,,6.4675,2029,34.4,-80.5,0.2980094696918218
Duke:Progress_Cluster:920651:PV,Solar,70.0,,Studies Undergoing,0.159,34.382469,-80.182211,5/1/2029,,91.0,or:generator:4607668,,14.469,2029,34.4,-80.5,0.3182721861583305
Two Oaks Solar and Storage: ENX27,Solar,118.0,Two Oaks Solar and Storage,Pre-Study,0.085,38.013053,-77.93117,1/1/2030,,153.4,or:generator:4607780,,13.039,2030,38.0,-77.8,0.13181786566698492
Kingstree East 230 Solar Project: SOLAR,Solar,249.0,Inkga Group,Pre-Study,0.08,33.563633,-79.46326,12/1/2029,,323.7,or:generator:4607785,,25.896,2029,33.5,-79.6,0.1508210406044109
Elisabeth Solar: ELISA,Solar,350.0,Leeward Renewable Energy,Pre-Study,0.309,32.95453,-113.4954,5/1/2032,,455.0,or:generator:4607867,,140.595,2032,32.6,-113.8,0.467410612737873
Arizona Public Service:Q564:PV,Solar,500.0,,Pre-Study,0.095,33.352063,-112.862163,9/1/2029,,650.0,or:generator:4607876,,61.75,2029,33.5,-112.9,0.15269903253786662
Arizona Public Service:Q558:PV,Solar,250.0,,Pre-Study,0.095,32.976981,-112.688342,9/1/2029,,325.0,or:generator:4607885,,30.875,2029,32.6,-112.9,0.4323352672695121
BlackHills:BHCT G49:PV,Solar,200.0,,Pre-Study,0.032,38.215786,-104.573452,9/1/2029,,260.0,or:generator:4607887,,8.32,2029,38.0,-104.8,0.31286993160097354
Arizona Public Service:Q563:PV,Solar,500.0,,Studies Undergoing,0.191,32.547506,-111.300593,5/1/2029,,650.0,or:generator:4607899,,124.15,2029,32.6,-111.1,0.20734794835012263
Arizona Public Service:Q551:PV,Solar,700.0,,Pre-Study,0.01,36.903949,-111.390259,9/1/2029,,910.0,or:generator:4607905,,9.1,2029,37.1,-111.1,0.35026601559672493
BlackHills:BHCT G52:PV,Solar,100.0,,Pre-Study,0.032,38.009532,-104.891514,9/1/2029,,130.0,or:generator:4607911,,4.16,2029,38.0,-104.8,0.09200908226909271
Arizona Public Service:SP115:PV,Solar,1.0,,Studies Undergoing,0.018,34.941623,-110.301399,5/1/2029,,1.3,or:generator:4607931,,0.0234,2029,35.3,-110.2,0.3724457428002073
Arizona Public Service:Q559:PV,Solar,80.0,,Pre-Study,0.095,32.965551,-112.699582,9/1/2029,,104.0,or:generator:4607962,,9.88,2029,32.6,-112.9,0.4168871649799224
Poblano Solar:PV,Solar,175.0,Longroad Energy,Pre-Study,0.095,32.724554,-111.570549,9/1/2029,,260.0,or:generator:4607975,,24.7,2029,32.6,-112.0,0.44714858863357637
Tennessee Valley Authority:611:PV,Solar,100.0,,Studies Undergoing,0.095,35.519194,-87.094607,5/1/2029,,130.0,or:generator:4607986,,12.35,2029,35.3,-86.8,0.367204703244662
Arizona Public Service:Q548:PV,Solar,145.0,,Pre-Study,0.095,33.04,-112.126066,9/1/2029,,188.5,or:generator:4607991,,17.9075,2029,32.6,-112.0,0.457703655606984
Saddle Horn Station Solar SLF,Solar,175.0,Saddle Horn Station LLC,Studies Undergoing,0.054,31.86388,-98.54749,4/1/2029,,227.5,or:generator:4608027,,12.285,2029,31.7,-98.5,0.17062225675450565
Johnson Grass Solar,Solar,195.8,"Johnson Grass Solar ,LLC",Studies Undergoing,0.054,32.244478,-100.980225,4/1/2029,,254.5,or:generator:4608028,,13.743,2029,32.6,-101.2,0.4179676340447903
Vazlon Solar SLF,Solar,211.4,Redeux Energy,Studies Undergoing,0.054,28.038623,-99.354124,4/1/2029,,274.8,or:generator:4608036,,14.8392,2029,28.1,-99.4,0.07662730260814786
Galaxy Solar,Solar,177.3,Pattern Energy,Studies Undergoing,0.054,32.53132,-96.72979,4/1/2029,,230.5,or:generator:4608045,,12.447,2029,32.6,-96.7,0.07486245053429359
Gardner Draw Solar,Solar,300.0,RWE Renewables,IA Executed,0.8,32.01172,-101.27414,3/1/2029,,390.0,or:generator:4608049,,312.0,2029,31.7,-101.2,0.32041550836374705
Husky Solar,Solar,50.2,Brookfield Renewables,IA Executed,0.65,41.777328,-72.119462,5/1/2029,,65.2,or:generator:4608063,,42.38,2029,41.6,-72.4,0.33188369804496637
"Dominion Energy South Carolina, Inc:20240829013:PV",Solar,75.0,,Pre-Study,0.08,34.024511,-80.674494,11/1/2029,,97.5,or:generator:4608106,,7.8,2029,34.4,-80.5,0.41405331197443623
"Dominion Energy South Carolina, Inc:20240829018:PV",Solar,150.0,,Studies Undergoing,0.08,34.00701,-81.06753,5/1/2029,,195.0,or:generator:4608109,,15.6,2029,34.4,-81.4,0.5147595953452432
"Dominion Energy South Carolina, Inc:20240829014:PV",Solar,75.0,,Pre-Study,0.08,33.213943,-81.474748,9/1/2029,,97.5,or:generator:4608110,,7.8,2029,33.5,-81.4,0.29566175057487515
MEAG:M-IC-18:PV,Solar,80.0,,Studies Undergoing,0.044,32.889551,-82.412909,5/1/2029,,104.0,or:generator:4608113,,4.576,2029,32.6,-82.3,0.3107864602617013
PacifiCorp:OCS101:PV,Solar,1.0,,Studies Undergoing,0.01,42.187413,-121.706249,5/1/2029,,0.0,or:generator:4608116,,0.0,2029,42.5,-121.9,0.36776362322829415
PacifiCorp:OCS099:PV,Solar,1.0,,Studies Undergoing,0.016,44.34903,-120.909454,5/1/2029,,1.3,or:generator:4608138,,0.0208,2029,44.3,-121.0,0.10296853410630256
"Dominion Energy South Carolina, Inc:20240829007:PV",Solar,74.8,,Studies Undergoing,0.08,33.477931,-81.385777,5/1/2029,,97.2,or:generator:4608142,,7.776,2029,33.5,-81.4,0.026255180250764187
PacifiCorp:OCS098:PV,Solar,1.0,,Studies Undergoing,0.01,42.179703,-121.689649,5/1/2029,,0.0,or:generator:4608145,,0.0,2029,42.5,-121.9,0.38319409104264507
"Dominion Energy South Carolina, Inc:20240829001:PV",Solar,250.0,,Pre-Study,0.08,33.998826,-80.808603,9/1/2029,,325.0,or:generator:4608151,,26.0,2029,34.4,-80.5,0.5061387061715407
"Dominion Energy South Carolina, Inc:20240829004:PV",Solar,250.0,,Pre-Study,0.08,32.83715,-80.717028,9/1/2029,,325.0,or:generator:4608154,,26.0,2029,32.6,-80.5,0.3214673782578872
Texas Cotton Solar,Solar,201.6,RWE Renewables,Studies Undergoing,0.054,30.850611,-96.259524,4/1/2029,,262.1,or:generator:4608218,,14.1534,2029,30.8,-96.7,0.4433740857301015
Amphion Solar Phase 1,Solar,180.6,"Blue Heron Solar, LLC",Studies Undergoing,0.054,28.375933,-98.797481,4/1/2029,,234.8,or:generator:4608223,,12.6792,2029,28.1,-98.5,0.4057511131839344
Sisters Solar II,Solar,206.0,Intersect Power,Studies Undergoing,0.225,31.58728,-102.952692,4/1/2029,,267.8,or:generator:4608228,,60.255,2029,31.7,-103.0,0.12224502142827731
Winters Glow Solar,Solar,302.0,Titus Low Carbon Ventures,Studies Undergoing,0.054,31.543004,-99.187131,4/1/2029,,392.6,or:generator:4608230,,21.2004,2029,31.7,-99.4,0.2645013330344574
Pamplona Solar,Solar,42.4,Solea Power,IA Executed,0.8,29.63098,-96.08365,10/1/2028,,55.1,or:generator:4608232,,44.08,2028,29.9,-95.8,0.3909336042092104
Basketflower Solar,Solar,183.0,Samsung,Studies Undergoing,0.225,32.2796,-99.00125,4/1/2029,,237.9,or:generator:4608233,,53.5275,2029,32.6,-99.4,0.5115248991984701
Sunbeam Solar,Solar,74.4,Buckeye Midway Solar,Studies Undergoing,0.054,27.910676,-97.429152,4/1/2029,,96.7,or:generator:4608237,,5.2218,2029,28.1,-97.6,0.25501493305294576
Sunburst Solar,Solar,302.0,Palladium Energy,Studies Undergoing,0.054,27.982107,-97.699362,4/1/2029,,392.6,or:generator:4608242,,21.2004,2029,28.1,-97.6,0.1541803051397953
Santa Monica Solar,Solar,105.9,Karol Solar IV,Studies Undergoing,0.054,31.81789,-96.05487,4/1/2029,,137.6,or:generator:4608251,,7.4304,2029,31.7,-95.8,0.2808144743420435
Sandersville Solar: PGR28,Solar,50.0,Pine Gate Renewables,Pre-Study,0.016,32.987105,-82.75254,9/1/2029,,65.0,or:generator:4608263,,1.04,2029,32.6,-83.2,0.5916677552689554
Moonlight Flats Solar Power 1: MFS1,Solar,250.0,Swift Current Energy,Studies Undergoing,0.292,41.092288,-78.17989,9/1/2030,,325.0,or:generator:4608292,,94.9,2030,40.7,-77.8,0.5460826741840497
Drawhorn Solar: PGR28,Solar,80.0,Pine Gate Renewables,Pre-Study,0.016,33.214449,-83.04206,9/1/2029,,104.0,or:generator:4608311,,1.664,2029,33.5,-83.2,0.3263195017172553
Town Line Solar CSR Phase I,Solar,240.0,RWE Renewables,Studies Undergoing,0.452,41.785461,-74.859758,10/1/2030,,312.0,or:generator:4608421,,141.024,2030,41.6,-75.1,0.30349958992558174
Amsterdam Solar,Solar,150.0,RWE Renewables,Studies Undergoing,0.452,42.843624,-74.500291,10/1/2030,,195.0,or:generator:4608427,,88.14,2030,42.5,-74.2,0.4563465109508341
Stargazer I,Solar,325.0,RWE Renewables,Studies Undergoing,0.452,41.849796,-78.477171,9/1/2030,,422.5,or:generator:4608448,,190.97,2030,41.6,-78.7,0.33473990628098127
Stargazer II,Solar,325.0,RWE Renewables,Studies Undergoing,0.452,41.915657,-78.469445,9/1/2030,,422.5,or:generator:4608450,,190.97,2030,41.6,-78.7,0.39088994573153896
Town Line Solar Phase II,Solar,60.0,RWE Renewables,Studies Undergoing,0.452,41.87645,-74.587639,9/1/2030,,78.0,or:generator:4608485,,35.256,2030,41.6,-74.2,0.4761182592812345
Fort Edward Solar Farm (NY53),Solar,100.0,Boralex,Studies Undergoing,0.452,43.284061,-73.60491,8/1/2030,,130.0,or:generator:4608554,,58.76,2030,43.4,-73.3,0.3262084606827411
Bay Breeze solar,Solar,150.0,AES,Studies Undergoing,0.452,44.073664,-76.132238,9/1/2030,,195.0,or:generator:4608557,,88.14,2030,44.3,-76.0,0.26213521995336414
Cayuga Solar,Solar,60.0,AES,Studies Undergoing,0.452,42.280366,-76.424538,9/1/2030,,78.0,or:generator:4608566,,35.256,2030,42.5,-76.0,0.47798703685350946
NY125C - Little Salmon Solar,Solar,200.0,Boralex,Studies Undergoing,0.411,44.6239,-73.957801,8/1/2030,,260.0,or:generator:4608590,,106.86,2030,44.3,-74.2,0.40443981703215237
Cohocton,Solar,130.0,AES,Studies Undergoing,0.434,42.323238,-77.273895,9/1/2030,,169.0,or:generator:4608593,,73.346,2030,42.5,-76.9,0.4135725760601053
Kimberlite Solar,Solar,175.0,"Kimberlite Solar Power, LLC",Studies Undergoing,0.434,40.942313,-77.778016,9/1/2030,,227.5,or:generator:4608618,,98.735,2030,40.7,-77.8,0.2433082124076335
Robeson Solar I: ROBES,Solar,80.0,AES,Pre-Study,0.08,34.614574,-78.93468,9/1/2029,,104.0,or:generator:4608796,,8.32,2029,34.4,-78.7,0.31798852789998305
SR Milan: MILAN,Solar,2.8,Silicon Ranch,Pre-Study,0.048,35.945285,-88.75989,9/1/2029,,3.6,or:generator:4608839,,0.1728,2029,36.2,-88.6,0.3007399928925377
Delta Solar Plant: DSP,Solar,80.0,Entergy,Pre-Study,0.069,33.794007,-90.71392,3/1/2031,,104.0,or:generator:4608846,,7.176,2031,33.5,-90.4,0.4300998517193395
Athens Solar I (Hybrid): ATHS1,Solar,250.0,Vesper Energy,Pre-Study,0.309,38.827572,-121.398561,9/1/2031,,325.0,or:generator:4608854,,100.425,2031,38.9,-121.0,0.4050884914497077
Aurora Renewable Energy (Hybrid): AURRE,Solar,50.0,Vesper Energy,Pre-Study,0.159,37.628805,-121.0714,9/1/2029,,65.0,or:generator:4608876,,10.335,2029,38.0,-121.0,0.3779995873344304
Stagecoach LRE: STAS1,Solar,230.0,Leeward Renewable Energy,Pre-Study,0.024,38.17739,-104.5012,9/1/2029,,299.0,or:generator:4608883,,7.176,2029,38.0,-104.8,0.34748906759781795
Pineside Solar: PINES,Solar,74.9,Contracted Energy (Dominion),Pre-Study,0.085,37.5,-78.5,1/1/2030,,97.4,or:generator:4608951,,8.279,2030,37.1,-78.7,0.4472135954999579
Bellflower Solar (VA): BELLF,Solar,600.0,Contracted Energy (Dominion),Pre-Study,0.085,37.0,-78.0,1/1/2030,,780.0,or:generator:4608998,,66.3,2030,37.1,-77.8,0.22360679774998216
Syracuse and Tours Renewable Energy: SYTOR,Solar,40.0,Vesper Energy,Pre-Study,0.17,34.951078,-118.3083,9/1/2031,,52.0,or:generator:4608999,,8.84,2031,35.3,-118.3,0.3490207043772566
SR Jasper: JASP,Solar,150.0,Silicon Ranch,Pre-Study,0.016,32.048427,-88.94419,12/1/2029,,195.0,or:generator:4609040,,3.12,2029,31.7,-88.6,0.4897633412465721
Oswego Clean Energy,Solar,24.9,Oswego Clean Energy Holdings,Studies Undergoing,0.452,43.281392,-76.560625,9/1/2030,,32.4,or:generator:4609117,,14.6448,2030,43.4,-76.9,0.35950417005787727
Mill Point Solar II,Solar,100.0,Repsol Renewables NA,Studies Undergoing,0.452,42.878386,-74.594641,10/1/2030,,130.0,or:generator:4609126,,58.76,2030,42.5,-74.2,0.5467334669443547
Brusselville Solar Energy Center,Solar,170.0,"Brusselville Solar, LLC",Studies Undergoing,0.452,43.101997,-78.545128,12/1/2030,,221.0,or:generator:4609129,,99.892,2030,43.4,-78.7,0.3358438988473663
Jericho Solar,Solar,100.0,Jericho Solar Park LLC,Studies Undergoing,0.411,44.791893,-74.011816,10/1/2030,,130.0,or:generator:4609131,,53.43,2030,44.3,-74.2,0.5266611256823567
Bonneville:G1016:PV,Solar,400.0,,Studies Undergoing,0.02,46.10525,-120.849966,12/1/2029,,520.0,or:generator:4609175,,10.4,2029,46.1,-121.0,0.15012582607933084
Duke:NC_Cluster:949286:PV,Solar,1.0,,Studies Undergoing,0.199,34.662314,-82.701368,2/1/2029,,1.3,or:generator:4609184,,0.2587,2029,34.4,-82.3,0.47948399975390826
Bonneville:G1071:PV,Solar,1.0,,Studies Undergoing,0.032,44.309644,-121.213927,5/1/2029,,1.3,or:generator:4609198,,0.0416,2029,44.3,-121.0,0.2141442692789122
Duke:NC_Cluster:957146:PV,Solar,200.0,,Studies Undergoing,0.132,34.357445,-81.414345,2/1/2029,,260.0,or:generator:4609211,,34.32,2029,34.4,-81.4,0.04490776157859318
Duke:NC_Cluster:957449:PV,Solar,26.0,,Studies Undergoing,0.013,34.147557,-82.069512,2/1/2029,,33.8,or:generator:4609239,,0.4394,2029,34.4,-82.3,0.3418364907276533
Duke:NC_Cluster:963122:PV,Solar,50.0,,Studies Undergoing,0.179,34.474774,-82.271253,5/1/2029,,65.0,or:generator:4609242,,11.635,2029,34.4,-82.3,0.08010955676446746
Duke:Progress_Cluster:963044:PV,Solar,65.0,,Studies Undergoing,0.179,35.012772,-78.726583,5/1/2029,,84.5,or:generator:4609258,,15.1255,2029,35.3,-78.7,0.2884555076142584
PNM:SGI-PNM-2021-  14:PV,Solar,5.0,,Pre-Study,0.016,32.97677,-105.586017,9/1/2029,,6.5,or:generator:4609265,,0.104,2029,32.6,-105.7,0.3936340396726399
Symank Solar: SYMPV,Solar,66.6,Belltown Power,Studies Undergoing,0.054,31.76976,-97.56479,4/1/2029,,86.6,or:generator:4609296,,4.6764,2029,31.7,-97.6,0.0781421889890459
Donna Solar,Solar,168.1,Donna Solar LLC,Studies Undergoing,0.054,26.128109,-98.160516,4/1/2029,,218.6,or:generator:4609297,,11.8044,2029,26.3,-98.5,0.38052056729827355
Scorpius Solar,Solar,600.0,Ben Milam Solar 4,Studies Undergoing,0.054,31.003588,-97.001536,6/1/2029,,780.0,or:generator:4609301,,42.12,2029,30.8,-96.7,0.3638296758649563
La Mancha Solar SLF,Solar,41.0,"La Mancha Solar, LLC",Studies Undergoing,0.054,28.96603,-99.621688,5/1/2029,,53.3,or:generator:4609309,,2.8782,2029,29.0,-99.4,0.22427556764837348
Roxton Solar,Solar,117.0,Samsung,Studies Undergoing,0.225,33.492448,-95.399917,5/1/2029,,152.1,or:generator:4609310,,34.2225,2029,33.5,-95.8,0.4001542697423033
Fierce River Solar,Solar,896.0,Rio Grande Solar LLC,Studies Undergoing,0.054,26.461304,-98.744035,4/1/2029,,1164.8,or:generator:4609316,,62.8992,2029,26.3,-98.5,0.29252702719748414
Sullivan Solar,Solar,171.0,Sullivan Solar LLC,Studies Undergoing,0.054,26.29893,-98.64356,4/1/2029,,222.3,or:generator:4609319,,12.0042,2029,26.3,-98.5,0.14356398747596208
Hamlet Solar SLF,Solar,201.0,Birch Creek Development,Studies Undergoing,0.054,29.35658,-98.59919,9/1/2029,,261.3,or:generator:4609337,,14.1102,2029,29.0,-98.5,0.3701188356460656
Black Hawk Solar,Solar,251.3,AES,Studies Undergoing,0.054,28.704293,-98.471111,4/1/2029,,326.7,or:generator:4609338,,17.6418,2029,29.0,-98.5,0.2971147996482176
Silver Birch Solar,Solar,201.0,"Silver Birch Solar, LLC",Studies Undergoing,0.054,31.093064,-96.68295,4/1/2029,,261.3,or:generator:4609339,,14.1102,2029,30.8,-96.7,0.2935595520435308
Sword Solar,Solar,137.2,Hidalgo Solar LLC,Studies Undergoing,0.054,26.409323,-98.575244,4/1/2029,,178.3,or:generator:4609340,,9.6282,2029,26.3,-98.5,0.13271464826837934
Velado Solar SLF,Solar,115.2,"Velado Solar, LLC",Studies Undergoing,0.054,28.514107,-99.880911,5/1/2029,,149.8,or:generator:4609347,,8.0892,2029,28.1,-99.4,0.6346337505758659
Straight Spur Solar,Solar,252.0,ENGIE,Studies Undergoing,0.054,31.873397,-102.307768,4/1/2029,,327.6,or:generator:4609356,,17.6904,2029,31.7,-102.1,0.2706179251878949
SR Des Arc: DESAR,Solar,4.8,Silicon Ranch,Pre-Study,0.026,34.977439,-91.52516,3/1/2031,,6.2,or:generator:4609370,,0.1612,2031,35.3,-91.3,0.3933733904587362
Greater Wise Solar Project: 21066,Solar,20.0,BQ Energy,Pre-Study,0.111,36.932469,-82.6769,9/1/2029,,26.0,or:generator:4609372,,2.886,2029,37.1,-82.3,0.41245635643181205
Gigawatt Solar: GWT2,Solar,344.0,Gigawatt Solar LLC,IA Executed,0.8,32.547389,-97.59792,12/1/2028,,447.2,or:generator:4609376,,357.76,2028,32.6,-97.6,0.052652100822282936
Echelon Solar: ECHE,Solar,80.0,Alpin Holding LLC,Pre-Study,0.037,40.687212,-81.07691,1/1/2030,,104.0,or:generator:4609389,,3.848,2030,40.7,-81.4,0.32334297741563056
Snipatuit Road Solar: SNIPV,Solar,4.0,"ReWild Renewables, LLC",Pre-Study,0.196,41.768,-70.882,11/1/2030,,5.2,or:generator:4609391,,1.0192,2030,41.6,-70.6,0.3282499047981671
Grears Corner Solar: GRER,Solar,4.0,"ReWild Renewables, LLC",Pre-Study,0.122,39.380083,-75.70611,1/1/2030,,5.2,or:generator:4609392,,0.6344,2030,39.8,-76.0,0.5125442605170807
SR Bear Creek: BEAR,Solar,4.5,Silicon Ranch,Pre-Study,0.048,34.275559,-87.70564,9/1/2029,,5.9,or:generator:4609410,,0.2832,2029,34.4,-87.7,0.12456874439842179
Featherbed Lane South Solar: FEAPV,Solar,1.0,"ReWild Renewables, LLC",Pre-Study,0.196,41.761,-70.896,11/1/2030,,1.3,or:generator:4609424,,0.2548,2030,41.6,-70.6,0.33695251891031214
Delaware Ave Solar: DEAVE,Solar,4.0,"ReWild Renewables, LLC",Pre-Study,0.122,38.930578,-75.57075,1/1/2030,,5.2,or:generator:4609426,,0.6344,2030,38.9,-76.0,0.4303377471056851
Lower Snake Solar Generation BESS: LOSN1,Solar,300.0,BrightNight,Pre-Study,0.01,46.502392,-117.8263,10/1/2029,,390.0,or:generator:4609438,,3.9,2029,46.1,-117.4,0.5862175463631204
Grand Valley Solar Generation and BESS: GRVA1,Solar,100.0,"GRVA bn, LLC",Pre-Study,0.159,39.1987,-108.782,10/1/2029,,130.0,or:generator:4609451,,20.67,2029,38.9,-108.4,0.48491823022030756
SR Shelby: SHELB,Solar,9.8,Silicon Ranch,Pre-Study,0.048,35.353292,-89.81498,9/1/2029,,12.7,or:generator:4609453,,0.6096,2029,35.3,-89.5,0.3194564722524873
SR Winnsboro: WINN,Solar,4.8,Silicon Ranch,Pre-Study,0.069,32.159745,-91.67586,3/1/2031,,6.2,or:generator:4609459,,0.4278,2031,32.6,-91.3,0.5788740835665409
SR South Bastrop: SBAST,Solar,4.8,Silicon Ranch,Pre-Study,0.069,32.747456,-91.91091,3/1/2031,,6.2,or:generator:4609461,,0.4278,2031,32.6,-92.2,0.32452472946757144
SR Wynne South: WYNS,Solar,4.8,Silicon Ranch,Pre-Study,0.026,35.213106,-90.78959,3/1/2031,,6.2,or:generator:4609472,,0.1612,2031,35.3,-90.4,0.39916279302559954
Rifle Range Road Solar: RIFPV,Solar,4.0,"ReWild Renewables, LLC",Pre-Study,0.122,38.725699,-75.57144,1/1/2030,,5.2,or:generator:4609482,,0.6344,2030,38.9,-76.0,0.4626494485039443
SR Altheimer: ALTH,Solar,4.8,Silicon Ranch,Pre-Study,0.026,34.325805,-91.84624,3/1/2031,,6.2,or:generator:4609489,,0.1612,2031,34.4,-92.2,0.36145682401222595
Maryland Line Road Solar: MDLN,Solar,2.5,"ReWild Renewables, LLC",Pre-Study,0.122,39.372,-75.763,1/1/2030,,3.3,or:generator:4609494,,0.4026,2030,39.8,-76.0,0.48923716130318146
Braley Hill North Solar: BRAPV,Solar,5.0,"ReWild Renewables, LLC",Pre-Study,0.196,41.776,-70.904,11/1/2030,,6.5,or:generator:4609500,,1.274,2030,41.6,-70.6,0.3512719744016051
Cushman Road Solar: CUSPV,Solar,3.0,"ReWild Renewables, LLC",Pre-Study,0.196,41.732,-70.875,11/1/2030,,3.9,or:generator:4609512,,0.7644,2030,41.6,-70.6,0.3050393417249692
SR Delhi: DELHI,Solar,4.8,Silicon Ranch,Pre-Study,0.069,32.465321,-91.50959,3/1/2031,,6.2,or:generator:4609515,,0.4278,2031,32.6,-91.3,0.2491312929782246
Solway Solar: 1,Solar,50.0,Otter Tail Power Co,Pre-Study,0.052,47.546501,-95.13,3/1/2031,,65.0,or:generator:4609517,,3.38,2031,47.9,-94.9,0.4217363429928642
SR Denmark: DEMRK,Solar,42.0,Silicon Ranch,Pre-Study,0.048,35.563633,-88.93254,9/1/2029,,54.6,or:generator:4609524,,2.6208,2029,35.3,-88.6,0.42436447811876155
SR North Bastrop: NBAST,Solar,4.8,Silicon Ranch,Pre-Study,0.069,32.802221,-91.89608,3/1/2031,,6.2,or:generator:4609530,,0.4278,2031,32.6,-92.2,0.3650488997942655
Randall Lane Solar: RANPV,Solar,5.0,"ReWild Renewables, LLC",Pre-Study,0.196,41.663,-70.844,11/1/2030,,6.5,or:generator:4609538,,1.274,2030,41.6,-70.6,0.25200198411917174
Abercrombie Solar: 1,Solar,295.1,Otter Tail Power Co,Pre-Study,0.052,46.4277,-96.8259,3/1/2031,,383.6,or:generator:4609540,,19.9472,2031,46.1,-96.7,0.3510528450247917
Sunday Solar: SUN,Solar,140.0,Alpin Holding LLC,Pre-Study,0.085,37.895877,-79.33531,1/1/2030,,182.0,or:generator:4609579,,15.47,2030,38.0,-79.6,0.28443346362373334
May Solar: MAY,Solar,150.0,Alpin Holding LLC,Pre-Study,0.085,37.030648,-81.00302,1/1/2030,,195.0,or:generator:4609581,,16.575,2030,37.1,-81.4,0.40299233281043906
Eagle Eye Solar and Storage: EAGL1,Solar,400.0,BrightNight,Pre-Study,0.095,33.727,-112.881,9/1/2029,,520.0,or:generator:4609589,,49.4,2029,33.5,-112.9,0.22779376637651597
Issa Solar: ISSA,Solar,150.0,Alpin Holding LLC,Pre-Study,0.085,36.790623,-80.72766,1/1/2030,,195.0,or:generator:4609599,,16.575,2030,37.1,-80.5,0.38411352973958507
Panton: 1,Solar,50.0,Viridis Energy,Pre-Study,0.196,44.1328,-73.31151,11/1/2030,,65.0,or:generator:4609604,,12.74,2030,44.3,-73.3,0.1675957043005519
Flag Run Solar: MAHI,Solar,200.0,BrightNight,Pre-Study,0.154,38.556,-85.201,3/1/2031,,260.0,or:generator:4609671,,40.04,2031,38.9,-85.0,0.39841812207779675
SR Dunn: DUNN,Solar,3.0,Silicon Ranch,Pre-Study,0.069,32.465962,-91.5641,3/1/2031,,3.9,or:generator:4609676,,0.2691,2031,32.6,-91.3,0.2961671748253013
J3835,Solar,130.0,,Studies Undergoing,0.016,43.306716,-83.906864,1/1/2031,,169.0,or:generator:4609779,,2.704,2031,43.4,-84.1,0.21448407668635386
Dakota Flyway,Solar,270.0,RedWind Renewables,Studies Undergoing,0.015,45.373692,-98.098347,10/1/2032,,351.0,or:generator:4609789,,5.265,2032,45.2,-98.5,0.4376003236664654
Yoakum Solar,Solar,280.0,RedWind Renewables,Studies Undergoing,0.015,33.255485,-102.731948,10/1/2032,,364.0,or:generator:4609817,,5.46,2032,33.5,-103.0,0.3628215262756586
J3837,Solar,200.0,,Studies Undergoing,0.328,42.320072,-86.156267,6/1/2031,,260.0,or:generator:4609818,,85.28,2031,42.5,-85.9,0.3131243530500235
Buck Ranch Solar SLF,Solar,41.0,Birch Creek Development,Studies Undergoing,0.054,28.287659,-98.2119,5/1/2029,,53.3,or:generator:4609821,,2.8782,2029,28.1,-98.5,0.3438277334378366
Fallstone Solar SLF,Solar,61.0,Birch Creek Development,Studies Undergoing,0.054,31.429464,-96.67923,5/1/2029,,79.3,or:generator:4609832,,4.2822,2029,31.7,-96.7,0.27133212157059455
Hittson Creek Solar,Solar,403.0,Hanwha Renewables,Studies Undergoing,0.054,32.164993,-99.422292,6/1/2029,,523.9,or:generator:4609835,,28.2906,2029,32.6,-99.4,0.43557780397191803
Fluvanna Max Solar SLF,Solar,153.0,Fluvanna Max Solar LLC,Studies Undergoing,0.054,32.855867,-101.011201,9/1/2029,,198.9,or:generator:4609836,,10.7406,2029,32.6,-101.2,0.31798267891506643
Wagon Timber Solar,Solar,172.1,Titus Low Carbon Ventures,Studies Undergoing,0.09,33.455726,-99.610814,6/1/2029,,223.7,or:generator:4609841,,20.133,2029,33.5,-99.4,0.2154129282842601
Abeja Solar Farm: ABPV1,Solar,200.0,OCI Energy,IA Executed,0.8,28.288244,-97.84019,6/1/2029,,260.0,or:generator:4609843,,208.0,2029,28.1,-97.6,0.3051672322448874
M-Bar Solar I,Solar,30.2,"M-Bar Energy I, LLC",Studies Undergoing,0.054,32.060874,-102.585096,6/1/2029,,39.3,or:generator:4609849,,2.1222,2029,31.7,-103.0,0.5498866911391883
Wild Horse Desert Solar,Solar,120.0,"Wild Horse Desert Solar, LLC",Studies Undergoing,0.054,28.5472,-99.573263,6/1/2029,,156.0,or:generator:4609856,,8.424,2029,28.1,-99.4,0.47959139605397
Bluebonnet Trail Solar,Solar,150.9,Bluebonnet trail solar LLC,Studies Undergoing,0.054,32.555545,-96.733823,6/1/2029,,196.2,or:generator:4609860,,10.5948,2029,32.6,-96.7,0.05585912954924923
GEN-2024-052,Solar,42.0,,Studies Undergoing,0.01,34.045583,-95.714094,7/1/2027,,54.6,or:generator:4609902,,0.546,2027,34.4,-95.8,0.3646796549370387
GEN-2024-044,Solar,36.0,,Studies Undergoing,0.01,32.906558,-93.850619,7/1/2027,,46.8,or:generator:4609913,,0.468,2027,32.6,-94.0,0.34101684786092135
GEN-2024-050,Solar,300.0,,Studies Undergoing,0.01,34.661282,-102.362438,12/31/2028,,390.0,or:generator:4609929,,3.9,2028,34.4,-102.1,0.37032686557688776
SR Warthen:PV,Solar,135.0,,Studies Undergoing,0.036,32.840224,-82.773289,6/1/2029,,175.5,or:generator:4609946,,6.318,2029,32.6,-83.2,0.48968341578717645
Rebecca Solar:PV,Solar,120.0,,Studies Undergoing,0.036,31.585355,-83.651072,6/1/2029,,156.0,or:generator:4609955,,5.616,2029,31.7,-84.1,0.4633355427862139
Washington County Solar:PV,Solar,203.0,NextEra Energy Resources,Studies Undergoing,0.036,33.161129,-82.781046,5/1/2029,,263.9,or:generator:4609957,,9.5004,2029,33.5,-83.2,0.5388469251624228
SR Mount Pleasant: MTPLT,Solar,50.0,Silicon Ranch,Pre-Study,0.048,34.951675,-89.58282,9/1/2029,,65.0,or:generator:4609964,,3.12,2029,35.3,-89.5,0.3580355541353353
SR Doerun:PV,Solar,130.0,,Studies Undergoing,0.036,31.321635,-83.959058,6/1/2029,,169.0,or:generator:4609974,,6.084,2029,31.7,-84.1,0.40376319865609067
Tennessee Valley Authority:662:PV,Solar,110.0,,Studies Undergoing,0.095,34.73486,-86.455394,5/1/2029,,143.0,or:generator:4609986,,13.585,2029,34.4,-86.8,0.4805044378941766
WAPA - Sierra Nevada:2024-G2:PV,Solar,125.0,,Pre-Study,0.01,40.67321,-121.992109,9/1/2029,,162.5,or:generator:4609989,,1.625,2029,40.7,-121.9,0.09592586711100975
SR Wrens:PV,Solar,194.0,,Studies Undergoing,0.036,33.050942,-82.314112,6/1/2029,,252.2,or:generator:4609995,,9.0792,2029,33.5,-82.3,0.4492796856168779
Tennessee Valley Authority:660:PV,Solar,99.0,,Studies Undergoing,0.318,34.924164,-85.846247,10/1/2032,,128.7,or:generator:4610003,,40.9266,2032,35.3,-85.9,0.3796604850455203
Loveland Area Project:2024-G3:PV,Solar,170.0,,Studies Undergoing,0.032,40.426998,-104.806999,5/1/2029,,221.0,or:generator:4610007,,7.072,2029,40.7,-104.8,0.2730917025561249
Scarboro Solar:PV,Solar,75.0,,Studies Undergoing,0.036,31.0909,-84.885022,10/1/2030,,97.5,or:generator:4610009,,3.51,2030,30.8,-85.0,0.3127982584414416
Loveland Area Project:2024-G4:PV,Solar,170.0,,Studies Undergoing,0.032,40.256718,-103.595627,5/1/2029,,221.0,or:generator:4610010,,7.072,2029,40.7,-103.9,0.537719122454289
SR Norwood II:PV,Solar,143.0,,Studies Undergoing,0.036,33.370054,-82.652554,6/1/2029,,185.9,or:generator:4610027,,6.6924,2029,33.5,-82.3,0.37573965166321965
Arizona Public Service:Q557:PV,Solar,75.0,,Pre-Study,0.095,35.012197,-110.715983,9/1/2029,,97.5,or:generator:4610034,,9.2625,2029,35.3,-111.1,0.4798954293364317
Tennessee Valley Authority:650:PV,Solar,72.0,,Studies Undergoing,0.223,37.232361,-87.039506,10/1/2029,,93.6,or:generator:4610035,,20.8728,2029,37.1,-86.8,0.27364677662454145
SR Bartown frmly Jefferson:PV,Solar,200.0,,Studies Undergoing,0.036,33.10986,-82.480948,6/1/2029,,260.0,or:generator:4610037,,9.36,2029,33.5,-82.3,0.4300597613169618
Tennessee Valley Authority:642:PV,Solar,96.0,,Studies Undergoing,0.318,37.149905,-87.226097,10/1/2033,,124.8,or:generator:4610045,,39.6864,2033,37.1,-86.8,0.42900951322085895
Tennessee Valley Authority:672:PV,Solar,140.0,,Studies Undergoing,0.032,32.41775,-90.015231,5/1/2029,,182.0,or:generator:4610068,,5.824,2029,32.6,-90.4,0.4257490409396193
Mayfield Solar and Storage: MYSO,Solar,200.0,BrightNight,Pre-Study,0.087,36.8864,-88.659,3/1/2031,,260.0,or:generator:4610439,,22.62,2031,37.1,-88.6,0.22159864620525369
Girasol Solar Farm: GIPV1,Solar,100.0,OCI Energy,Pre-Study,0.069,33.676092,-90.64287,3/1/2031,,130.0,or:generator:4610515,,8.97,2031,33.5,-90.4,0.2999903821191559
Starfire Mountain Solar: STMO,Solar,410.0,BrightNight,Pre-Study,0.037,37.4119,-83.1206,1/1/2030,,533.0,or:generator:4610551,,19.721,2030,37.1,-83.2,0.32184774350615225
Lotus Solar: LOTUS,Solar,75.0,The Allianz Group,Pre-Study,0.08,34.447832,-80.10356,9/1/2029,,97.5,or:generator:4610579,,7.8,2029,34.4,-80.5,0.3993151309730182
Sunstone Solar: PGR45,Solar,1200.0,Amazon,Studies Undergoing,0.032,45.605916,-119.563,5/1/2029,,1560.0,or:generator:4610592,,49.92,2029,45.2,-119.2,0.5445519250319457
Salmonfly Solar and Storage: SALM,Solar,247.0,BrightNight,Pre-Study,0.095,44.6157,-121.3436,9/1/2029,,321.1,or:generator:4610644,,30.5045,2029,44.3,-121.0,0.46661274093191707
Crooked Trail Solar: CTS1,Solar,68.0,Verogy,Pre-Study,0.196,45.144194,-68.58603,11/1/2030,,88.4,or:generator:4610654,,17.3264,2030,45.2,-68.8,0.22112772448519855
Tennessee Valley Authority:649:PV,Solar,119.0,,Studies Undergoing,0.318,37.311242,-87.272477,10/1/2033,,154.7,or:generator:4610742,,49.1946,2033,37.1,-87.7,0.47686381503843017
GEN-2024-069,Solar,228.0,,Studies Undergoing,0.236,37.50968,-94.689318,10/1/2032,,296.4,or:generator:4610792,,69.9504,2032,37.1,-94.9,0.46067842094459305
GEN-2024-071,Solar,75.0,,Studies Undergoing,0.213,33.067034,-94.258613,10/1/2032,,97.5,or:generator:4610796,,20.7675,2032,33.5,-94.0,0.5043215650009414
J3838,Solar,225.0,,Studies Undergoing,0.016,42.536269,-84.156211,10/1/2030,,292.5,or:generator:4610800,,4.68,2030,42.5,-84.1,0.06689631441268139
Grissom Solar,Solar,5.0,,IA Executed,0.65,43.399762,-72.333806,12/1/2028,,6.5,or:generator:4610810,,4.225,2028,43.4,-72.4,0.06619442786217986
GEN-2024-073,Solar,500.0,,Studies Undergoing,0.015,32.737529,-103.306255,10/1/2032,,650.0,or:generator:4610813,,9.75,2032,32.6,-103.0,0.3357176654065078
Anagram Solar,Solar,130.6,Anagram Solar,Studies Undergoing,0.054,28.800804,-96.550686,4/1/2029,,169.7,or:generator:4610833,,9.1638,2029,29.0,-96.7,0.24894520885528487
Green Ocelot Solar,Solar,357.0,High Road Clean Energy,Studies Undergoing,0.054,27.08753,-97.769217,7/1/2029,,464.1,or:generator:4610849,,25.0614,2029,27.2,-97.6,0.20318438421542323
Crocus Solar,Solar,102.0,Samsung,Studies Undergoing,0.054,32.638604,-98.840212,7/1/2029,,132.6,or:generator:4610853,,7.1604,2029,32.6,-98.5,0.34239520113458927
Diamond Sage Solar 1,Solar,214.0,Diamond Generating Corporation,Studies Undergoing,0.054,27.576571,-99.272625,4/1/2029,,278.2,or:generator:4610855,,15.0228,2029,27.2,-99.4,0.39753000976781827
San Gabriel Solar,Solar,255.0,High Road Clean Energy,Studies Undergoing,0.054,30.795891,-97.155845,7/1/2029,,331.5,or:generator:4610856,,17.901,2029,30.8,-97.6,0.44417400633760135
Firefly Fields Solar,Solar,101.0,Shell,Studies Undergoing,0.054,29.55159,-96.539211,7/1/2029,,131.3,or:generator:4610861,,7.0902,2029,29.9,-96.7,0.3837220747116343
Star Grass Renewable Energy Solar SLF,Solar,150.0,Vesper Energy,Studies Undergoing,0.054,32.387133,-99.190663,9/1/2029,,195.0,or:generator:4610871,,10.53,2029,32.6,-99.4,0.29855374601234413
Rio Vista Solar,Solar,554.0,Titus Low Carbon Ventures,Studies Undergoing,0.054,31.120645,-103.250856,7/1/2029,,720.2,or:generator:4610892,,38.8908,2029,30.8,-103.0,0.40711417165335667
Diamond Sage Solar 2,Solar,214.0,Diamond Generating Corporation,Studies Undergoing,0.054,27.585183,-99.283136,7/1/2029,,278.2,or:generator:4610898,,15.0228,2029,27.2,-99.4,0.40252097831666195
J3843,Solar,300.0,,Studies Undergoing,0.016,43.421154,-84.149621,5/1/2031,,390.0,or:generator:4611207,,6.24,2031,43.4,-84.1,0.05394196285824523
J3859,Solar,200.0,,Studies Undergoing,0.328,41.840314,-85.09897,6/1/2031,,260.0,or:generator:4611208,,85.28,2031,41.6,-85.0,0.2598959012681767
J3844,Solar,150.0,,Studies Undergoing,0.016,42.0564,-85.4451,5/1/2031,,195.0,or:generator:4611213,,3.12,2031,42.5,-85.0,0.6284066915620807
Strawberry Dunes Solar SLF,Solar,101.1,Redeux Energy,Studies Undergoing,0.054,29.161679,-98.690691,6/1/2029,,131.4,or:generator:4611234,,7.0956,2029,29.0,-98.5,0.25000631296429343
PacifiCorp:OCS108:PV,Solar,1.0,,Studies Undergoing,0.095,45.525888,-122.763979,7/1/2029,,0.0,or:generator:4611247,,0.0,2029,45.2,-122.8,0.3278726902091706
Badger Solar,Solar,302.0,Hanwha Renewables,Studies Undergoing,0.054,31.154435,-102.21771,8/1/2029,,392.6,or:generator:4611261,,21.2004,2029,30.8,-102.1,0.3734699630827085
Allthorn Solar,Solar,232.0,Palladium Energy,Studies Undergoing,0.054,27.441348,-98.826991,6/1/2029,,301.6,or:generator:4611270,,16.2864,2029,27.2,-98.5,0.40641354699985754
PacifiCorp:OCS103:PV,Solar,1.0,,Studies Undergoing,0.01,43.603997,-121.650526,5/1/2029,,0.0,or:generator:4611272,,0.0,2029,43.4,-121.9,0.322260845721294
PacifiCorp:PIS094:PV,Solar,19.9,PacifiCorp,Studies Undergoing,0.095,44.588162,-121.386093,5/1/2029,,25.9,or:generator:4611273,,2.4605,2029,44.3,-121.0,0.48177291631327906
Wisdom Solar SLF,Solar,299.4,Wisdom Green Energy LLC,IA Executed,0.8,30.602837,-102.58401,7/1/2029,,389.2,or:generator:4611278,,311.36,2029,30.8,-103.0,0.46034870334236266
Miracle Ranch Solar SLF,Solar,222.0,Miracle Ranch Solar,Studies Undergoing,0.054,27.94861,-99.409537,8/1/2029,,288.6,or:generator:4611284,,15.5844,2029,28.1,-99.4,0.1516901001021515
Bullhead Solar:PV,Solar,170.0,EDF Renewables,IA Executed,0.7,35.360329,-117.836686,9/1/2028,,221.0,or:generator:4611287,,154.7,2028,35.3,-117.4,0.44083358633048325
Tri-State G&T:GI-TC-2024-33:PV,Solar,199.0,,Studies Undergoing,0.358,40.374971,-108.005578,5/1/2029,,258.7,or:generator:4611290,,92.6146,2029,40.7,-108.4,0.5110895860071941
PacifiCorp:OCS104:PV,Solar,1.0,,Studies Undergoing,0.01,42.862961,-121.891281,5/1/2029,,1.3,or:generator:4611298,,0.013,2029,42.5,-121.9,0.3630657082154674
Dempsey Solar SLF,Solar,245.3,Dempsey Solar LLC,Studies Undergoing,0.054,31.111095,-96.299544,8/1/2029,,318.9,or:generator:4611308,,17.2206,2029,30.8,-96.7,0.507094771182866
"Dominion Energy South Carolina, Inc:20230825001:PV",Solar,100.0,,Pre-Study,0.06,32.921818,-80.970777,9/1/2029,,130.0,or:generator:4611310,,7.8,2029,32.6,-81.4,0.5364692058757955
Three Ranches Solar,Solar,125.5,Three Ranches Energy LLC,Studies Undergoing,0.054,30.320562,-104.010884,12/1/2029,,163.2,or:generator:4611311,,8.8128,2029,29.9,-103.9,0.4349340838563931
Mojo Solar,Solar,528.0,Power Synergy,Studies Undergoing,0.054,29.469542,-98.003655,8/1/2029,,686.4,or:generator:4611312,,37.0656,2029,29.9,-97.6,0.5901113867643961
Solarville Solar SLF,Solar,402.9,"Ville Solar, LLC",Studies Undergoing,0.054,32.130459,-96.107882,7/1/2029,,523.7,or:generator:4611313,,28.2798,2029,31.7,-95.8,0.5292317796627544
"Dominion Energy South Carolina, Inc:20230829011:PV",Solar,75.0,,Pre-Study,0.06,34.031543,-81.863114,9/1/2029,,97.5,or:generator:4611329,,5.85,2029,34.4,-82.3,0.5715154747205019
PacifiCorp:PIS099:PV,Solar,19.9,PacifiCorp,Studies Undergoing,0.016,44.630765,-121.103284,5/1/2029,,25.9,or:generator:4611353,,0.4144,2029,44.3,-121.0,0.3465156127521531
Dahlia Energy: DALPV,Solar,200.0,Advanced Power,Studies Undergoing,0.054,28.369598,-98.96762,8/1/2029,,260.0,or:generator:4611386,,14.04,2029,28.1,-99.4,0.5095444494879785
"Dominion Energy South Carolina, Inc:20230828004:PV",Solar,60.0,,Pre-Study,0.08,33.690423,-81.447324,9/1/2029,,78.0,or:generator:4611392,,6.24,2029,33.5,-81.4,0.19621539161085194
Rain Lily Solar 1,Solar,148.0,EE North America,Studies Undergoing,0.054,32.330458,-97.664007,4/1/2029,,192.4,or:generator:4611393,,10.3896,2029,32.6,-97.6,0.27703751697739637
PacifiCorp:OCS106:PV,Solar,1.0,,Studies Undergoing,0.095,45.514595,-122.667608,6/1/2029,,1.3,or:generator:4611398,,0.1235,2029,45.2,-122.8,0.3413175291264676
PacifiCorp:PIS095:PV,Solar,19.9,PacifiCorp,Studies Undergoing,0.016,44.58247,-121.152546,5/1/2029,,25.9,or:generator:4611399,,0.4144,2029,44.3,-121.0,0.32102894420285893
Commodus 2 Solar,Solar,502.1,Intersect Power,Studies Undergoing,0.09,34.426387,-101.351395,8/1/2029,,652.7,or:generator:4611401,,58.743,2029,34.4,-101.2,0.15367732361672
PacifiCorp:PIS098:PV,Solar,19.9,PacifiCorp,Studies Undergoing,0.095,44.431704,-121.305131,5/1/2029,,25.9,or:generator:4611403,,2.4605,2029,44.3,-121.0,0.3323414972238698
"Dominion Energy South Carolina, Inc:20230829007:PV",Solar,75.0,,Pre-Study,0.06,33.241606,-81.349508,9/1/2029,,97.5,or:generator:4611410,,5.85,2029,33.5,-81.4,0.2632810310295862
PacifiCorp:OCS107:PV,Solar,3.0,,Studies Undergoing,0.159,45.559873,-122.401821,6/1/2029,,3.9,or:generator:4611436,,0.6201,2029,45.2,-122.8,0.5367076412442806
"Dominion Energy South Carolina, Inc:20230829012:PV",Solar,75.0,,Pre-Study,0.06,33.434119,-81.175032,9/1/2029,,97.5,or:generator:4611442,,5.85,2029,33.5,-81.4,0.23441609839130392
PacifiCorp:OCS105:PV,Solar,1.0,,Studies Undergoing,0.01,42.488103,-121.293073,5/1/2029,,1.3,or:generator:4611486,,0.013,2029,42.5,-121.0,0.2933143739028211
AH1-667,Solar,18.0,,Studies Undergoing,0.21,40.910319,-78.389916,1/1/2029,,23.4,or:generator:4611520,,4.914,2029,40.7,-78.7,0.37468142310101443
GEN-2024-113,Solar,300.0,,Studies Undergoing,0.259,35.497335,-94.933175,2/1/2033,,390.0,or:generator:4611528,,101.01,2033,35.3,-94.9,0.20010417999132596
AH1-665,Solar,80.0,Recurrent Energy,Studies Undergoing,0.171,38.492804,-83.724389,1/1/2029,,104.0,or:generator:4611538,,17.784,2029,38.9,-84.1,0.5539785246171491
GEN-2024-124,Solar,420.0,,Studies Undergoing,0.015,33.112042,-103.214396,2/1/2033,,546.0,or:generator:4611539,,8.19,2033,33.5,-103.0,0.4432573232107907
AH1-672,Solar,75.0,Terraform Power,Studies Undergoing,0.509,38.452125,-75.161024,1/1/2029,,97.5,or:generator:4611541,,49.6275,2029,38.9,-75.1,0.4520132124186162
GEN-2024-122,Solar,160.0,,Studies Undergoing,0.3,32.776944,-94.045556,2/1/2033,,208.0,or:generator:4611555,,62.4,2033,32.6,-94.0,0.18271433515737084
GEN-2024-117,Solar,150.0,,Studies Undergoing,0.015,36.888279,-95.820154,2/1/2033,,195.0,or:generator:4611556,,2.925,2033,37.1,-95.8,0.21267807963446073
AH1-666,Solar,80.0,TotalEnergies,Studies Undergoing,0.01,38.489022,-83.927591,1/1/2029,,104.0,or:generator:4611571,,1.04,2029,38.9,-84.1,0.44567676601433437
AH1-664,Solar,100.0,Recurrent Energy,Studies Undergoing,0.01,38.357402,-83.820096,1/1/2029,,130.0,or:generator:4611577,,1.3,2029,38.0,-84.1,0.4539630368433023
GEN-2024-114,Solar,199.0,,Studies Undergoing,0.015,35.850611,-91.052829,2/1/2033,,258.7,or:generator:4611588,,3.8805,2033,36.2,-91.3,0.4279791777201302
GEN-2024-161,Solar,170.0,,Studies Undergoing,0.015,34.788793,-99.268776,2/1/2033,,221.0,or:generator:4611975,,3.315,2033,34.4,-99.4,0.4103409984695663
GEN-2024-231,Solar,65.0,,Studies Undergoing,0.038,40.001398,-95.927484,2/1/2033,,84.5,or:generator:4611994,,3.211,2033,39.8,-95.8,0.2383554586326991
GEN-2024-166,Solar,275.0,,Studies Undergoing,0.3,37.596939,-97.412474,2/1/2033,,357.5,or:generator:4612026,,107.25,2033,38.0,-97.6,0.44454940152585687
GEN-2024-218,Solar,199.0,,Studies Undergoing,0.015,37.141231,-100.704509,2/1/2033,,258.7,or:generator:4612038,,3.8805,2033,37.1,-100.3,0.4066048775433016
GEN-2024-220,Solar,55.0,,Studies Undergoing,0.015,33.000075,-93.982703,2/1/2033,,71.5,or:generator:4612039,,1.0725,2033,32.6,-94.0,0.4004487380851647
GEN-2024-162,Solar,110.0,,Studies Undergoing,0.035,42.416609,-96.503281,2/1/2033,,143.0,or:generator:4612051,,5.005,2033,42.5,-96.7,0.21366427834806748
GEN-2024-219,Solar,160.0,,Studies Undergoing,0.024,34.605694,-97.03615,2/1/2033,,208.0,or:generator:4612108,,4.992,2033,34.4,-96.7,0.3940898934710237
GEN-2024-215,Solar,300.0,,Studies Undergoing,0.254,39.503691,-97.546611,2/1/2033,,390.0,or:generator:4612116,,99.06,2033,39.8,-97.6,0.30108040255386237
GEN-2024-205,Solar,155.0,,Studies Undergoing,0.015,37.948695,-98.787272,2/1/2033,,201.5,or:generator:4612138,,3.0225,2033,38.0,-98.5,0.29181741724749877
GEN-2024-165,Solar,500.0,,Studies Undergoing,0.099,34.365653,-96.636782,2/1/2033,,650.0,or:generator:4612187,,64.35,2033,34.4,-96.7,0.07194603486642308
SouthernCompany:24C-IC-1270:PV,Solar,100.0,,Studies Undergoing,0.032,34.156,-85.4,5/1/2029,,130.0,or:generator:4625944,,4.16,2029,34.4,-85.0,0.4685466892423896
Broadleaf Solar: BLS,Solar,200.0,DESRI,Pre-Study,0.196,41.9241,-72.7824,11/1/2030,,260.0,or:generator:4625971,,50.96,2030,41.6,-72.4,0.5012689597411685
Kama 3: 18,Solar,86.0,Laketricity USA Inc.,Pre-Study,0.309,38.991116,-123.1027,9/1/2031,,111.8,or:generator:4625993,,34.5462,2031,38.9,-122.8,0.31611614235277646
Duke:Progress_Cluster:962635:PV,Solar,80.0,,Studies Undergoing,0.179,34.636732,-80.038966,5/1/2029,,104.0,or:generator:4626023,,18.616,2029,34.4,-79.6,0.49873158009094276
AC Ranch I: AC1S,Solar,75.0,Lydian Energy,Pre-Study,0.091,32.732263,-103.2748,1/1/2032,,97.5,or:generator:4626071,,8.8725,2032,32.6,-103.0,0.30497301711626873
Kama 1: 11,Solar,1.6,Laketricity USA Inc.,Pre-Study,0.309,38.991116,-123.1027,9/1/2031,,2.1,or:generator:4626126,,0.6489,2031,38.9,-122.8,0.31611614235277646
Bonneville:G1075:PV,Solar,1.0,,Studies Undergoing,0.191,43.989426,-123.159664,9/1/2029,,1.3,or:generator:4626129,,0.2483,2029,44.3,-122.8,0.47519932909464835
Duke:Progress_Cluster:962748:PV,Solar,80.0,,Studies Undergoing,0.179,35.016697,-77.286569,5/1/2029,,104.0,or:generator:4626130,,18.616,2029,35.3,-76.9,0.4792662950489985
Duke:Progress_Cluster:962925:PV,Solar,145.0,,Studies Undergoing,0.179,34.248341,-80.423439,5/1/2029,,188.5,or:generator:4626172,,33.7415,2029,34.4,-80.5,0.16988831331789195
Duke:Progress_Cluster:963472:PV,Solar,70.0,,Studies Undergoing,0.179,34.745366,-78.97515,5/1/2029,,91.0,or:generator:4626178,,16.289,2029,34.4,-78.7,0.4415712812853628
PNM:IA-PNM-2025-01:PV,Solar,371.0,,Studies Undergoing,0.016,34.706365,-106.727947,12/1/2030,,482.3,or:generator:4626184,,7.7168,2030,34.4,-106.6,0.33200895776168643
SR Marion Junction: MARJT,Solar,15.0,Silicon Ranch,Pre-Study,0.016,32.418685,-87.36171,9/1/2029,,19.5,or:generator:4626198,,0.312,2029,32.6,-87.7,0.3838166923480526
Duke:Progress_Cluster:963468:PV,Solar,80.0,,Studies Undergoing,0.179,35.669179,-77.932582,5/1/2029,,104.0,or:generator:4626207,,18.616,2029,35.3,-77.8,0.3922640956868239
Henry Solar: CHC1,Solar,206.0,Repsol Renewables NA,Pre-Study,0.037,41.474421,-84.11271,1/1/2030,,267.8,or:generator:4626209,,9.9086,2030,41.6,-84.1,0.12622055831361542
Duke:Progress_Cluster:962968:PV,Solar,75.0,,Studies Undergoing,0.179,34.058156,-79.289129,5/1/2029,,97.5,or:generator:4626218,,17.4525,2029,34.4,-79.6,0.46205854496697285
SR West Helena: WHELN,Solar,4.8,"SR West Helena, LLC",Pre-Study,0.026,34.552639,-90.68421,3/1/2031,,6.2,or:generator:4626222,,0.1612,2031,34.4,-90.4,0.3226050037135088
SR Magnolia: MAGNA,Solar,160.0,Silicon Ranch,Pre-Study,0.048,33.856467,-88.67488,9/1/2029,,208.0,or:generator:4626250,,9.984,2029,33.5,-88.6,0.36424680710886487
SR Sipsey: SIPSY,Solar,10.0,Silicon Ranch,Pre-Study,0.016,33.694556,-87.81805,9/1/2029,,13.0,or:generator:4626264,,0.208,2029,33.5,-87.7,0.22756941718077733
SR Middleton: MIDDN,Solar,55.0,Silicon Ranch,Pre-Study,0.048,35.176939,-88.87867,9/1/2029,,71.5,or:generator:4626278,,3.432,2029,35.3,-88.6,0.3046325304707344
Duke:Progress_Cluster:962965:PV,Solar,70.0,,Studies Undergoing,0.179,35.354657,-77.600139,5/1/2029,,91.0,or:generator:4626298,,16.289,2029,35.3,-77.8,0.20719992029438636
Duke:Progress_Cluster:962971:PV,Solar,80.0,,Studies Undergoing,0.179,34.87518,-77.791197,5/1/2029,,104.0,or:generator:4626299,,18.616,2029,35.3,-77.8,0.4249111968505859
SR Rochelle II: ROCH2,Solar,50.0,Silicon Ranch,Pre-Study,0.016,32.030665,-83.506,9/1/2029,,65.0,or:generator:4626325,,1.04,2029,31.7,-83.2,0.45052784844557414
SR Sunset: SUNST,Solar,4.3,Silicon Ranch,Pre-Study,0.074,30.421588,-92.07507,3/1/2031,,5.6,or:generator:4626331,,0.4144,2031,30.8,-92.2,0.3985011250222541
Clenera Snowflake B: PV,Solar,525.0,Clenera,IA Executed,0.7,34.936108,-110.30276,5/1/2029,,650.0,or:generator:4626335,,455.0,2029,35.3,-110.2,0.37812300282315625
Freedom Pine Solar: FPS,Solar,250.0,DESRI,Pre-Study,0.196,43.34779,-70.8974,11/1/2030,,325.0,or:generator:4626345,,63.7,2030,43.4,-70.6,0.30194808179553917
SouthernCompany:24S-IC-1195:PV,Solar,200.0,RWE Renewables,IA Executed,0.7,33.33136,-82.779259,9/1/2028,,260.0,or:generator:4626368,,182.0,2028,33.5,-83.2,0.4532796473271294
Duke:Progress_Cluster:961214:PV,Solar,48.0,,Studies Undergoing,0.179,34.741742,-80.129627,5/1/2029,,62.4,or:generator:4626376,,11.1696,2029,34.4,-80.5,0.5039481656807602
SR Puryear: PURYR,Solar,50.0,Silicon Ranch,Pre-Study,0.048,36.449856,-88.30107,9/1/2029,,65.0,or:generator:4626478,,3.12,2029,36.2,-88.6,0.3895987238634082
SR Ulm: ULM,Solar,4.8,Silicon Ranch,Pre-Study,0.026,34.577902,-91.45184,3/1/2031,,6.2,or:generator:4626589,,0.1612,2031,34.4,-91.3,0.23388994677840103
SR Forrest City: FORRC,Solar,4.8,Silicon Ranch,Pre-Study,0.026,34.984256,-90.78602,3/1/2031,,6.2,or:generator:4626659,,0.1612,2031,35.3,-90.4,0.4987040344091749
SR Durhamville: DURHM,Solar,66.0,Silicon Ranch,Pre-Study,0.048,35.626611,-89.46162,9/1/2029,,85.8,or:generator:4626661,,4.1184,2029,35.3,-89.5,0.3288582821231664
SR Lott: LOTT,Solar,8.3,Silicon Ranch,Pre-Study,0.016,30.940181,-88.29926,9/1/2029,,10.8,or:generator:4626817,,0.1728,2029,30.8,-88.6,0.3318060583548676
Shubuta Creek Solar,Solar,44.0,Grenergy,IA Executed,0.7,32.0023,-88.9551,11/1/2028,,57.2,or:generator:4626870,,40.04,2028,31.7,-88.6,0.466348903719098
GEN-2024-265,Solar,155.0,,Studies Undergoing,0.015,32.82806,-103.179684,2/1/2033,,201.5,or:generator:4626965,,3.0225,2033,32.6,-103.0,0.290340667933374
GEN-2024-259,Solar,199.8,,Studies Undergoing,0.017,37.361165,-94.591793,2/1/2033,,259.7,or:generator:4626973,,4.4149,2033,37.1,-94.9,0.4039786034853893
GEN-2024-267,Solar,195.0,,Studies Undergoing,0.015,34.093483,-96.30035,2/1/2033,,253.5,or:generator:4626976,,3.8025,2033,34.4,-96.7,0.5036594025618963
GEN-2024-304,Solar,500.0,,Studies Undergoing,0.015,33.90499,-103.27,2/1/2033,,650.0,or:generator:4626978,,9.75,2033,33.5,-103.0,0.48674110171629864
GEN-2024-266,Solar,500.0,,Studies Undergoing,0.015,35.560095,-101.932451,12/1/2033,,650.0,or:generator:4626980,,9.75,2033,35.3,-102.1,0.309389845382808
J3896,Solar,70.0,,Studies Undergoing,0.018,38.581542,-87.303333,8/1/2031,,91.0,or:generator:4626982,,1.638,2031,38.9,-87.7,0.5086847812280273
GEN-2024-294,Solar,500.0,,Studies Undergoing,0.219,36.1157,-95.3967,2/1/2033,,650.0,or:generator:4626987,,142.35,2033,36.2,-95.8,0.4120162375441073
GEN-2024-303,Solar,500.0,,Studies Undergoing,0.015,33.90499,-103.27,2/1/2033,,650.0,or:generator:4626995,,9.75,2033,33.5,-103.0,0.48674110171629864
GEN-2024-280,Solar,350.0,,Studies Undergoing,0.015,32.42642,-103.061812,2/1/2033,,455.0,or:generator:4627026,,6.825,2033,32.6,-103.0,0.1842572651050721
J3899,Solar,100.0,,Studies Undergoing,0.021,41.266946,-89.320491,6/1/2031,,130.0,or:generator:4627032,,2.73,2031,41.6,-89.5,0.37834963723651344
J3882,Solar,250.0,,Studies Undergoing,0.018,39.026812,-87.694197,8/1/2031,,325.0,or:generator:4627054,,5.85,2031,38.9,-87.7,0.12694470510029265
Broadleaf Solar,Solar,100.0,DESRI,IA Executed,0.65,41.911322,-72.75969,12/1/2028,,131.5,or:generator:4627062,,85.475,2028,41.6,-72.4,0.47570819184033236
J3879,Solar,200.0,,Studies Undergoing,0.186,39.025043,-85.885474,11/1/2030,,260.0,or:generator:4627068,,48.36,2030,38.9,-85.9,0.12588390097625513
GEN-2024-272,Solar,199.0,,Studies Undergoing,0.015,37.544111,-98.723344,2/1/2033,,258.7,or:generator:4627073,,3.8805,2033,37.1,-98.5,0.4971087634079672
GEN-2024-281,Solar,250.0,,Studies Undergoing,0.015,32.308414,-103.148656,2/1/2033,,325.0,or:generator:4627079,,4.875,2033,32.6,-103.0,0.3272934489598014
GEN-2024-271,Solar,250.0,,Studies Undergoing,0.015,33.471379,-104.450804,2/1/2033,,325.0,or:generator:4627082,,4.875,2033,33.5,-104.8,0.3503669619941277
GEN-2024-261,Solar,150.0,,Studies Undergoing,0.015,32.897229,-103.316398,2/1/2033,,195.0,or:generator:4627119,,2.925,2033,32.6,-103.0,0.4341114751362893
Apricot Sun Solar,Solar,201.0,Savion Energy,Studies Undergoing,0.054,27.261367,-98.529815,9/1/2029,,261.3,or:generator:4627171,,14.1102,2029,27.2,-98.5,0.06822640921226934
Kuy Creek Solar 1 SLF,Solar,235.0,EE North America,Studies Undergoing,0.054,28.723601,-97.208275,8/1/2029,,305.5,or:generator:4627172,,16.497,2029,29.0,-97.6,0.47942140422179313
Borden Dino Solar,Solar,120.5,"Borden Dino Solar, LLC",Studies Undergoing,0.054,32.648946,-101.398604,9/1/2029,,156.6,or:generator:4627178,,8.4564,2029,32.6,-101.2,0.20454647328174916
Oak Valley Solar: OAK,Solar,251.3,Oak Valley Solar LLC,Studies Undergoing,0.054,32.012951,-96.49974,9/1/2029,,326.7,or:generator:4627183,,17.6418,2029,31.7,-96.7,0.37154057113725975
Damia Solar,Solar,306.0,Samsung,Studies Undergoing,0.054,32.392462,-98.970085,9/1/2029,,397.8,or:generator:4627219,,21.4812,2029,32.6,-99.4,0.4773876084158521
Donelson Solar SLF,Solar,75.4,Donelson Solar,Studies Undergoing,0.054,33.639075,-95.154848,9/1/2029,,98.1,or:generator:4627224,,5.2974,2029,33.5,-94.9,0.29032629699873425
GEN-2024-362,Solar,140.0,,Studies Undergoing,0.015,35.262178,-97.862281,2/1/2033,,182.0,or:generator:4630248,,2.73,2033,35.3,-97.6,0.2649940124700947
Turning Sun Solar,Solar,100.0,Greenwood Sustainable Infrastructure,Studies Undergoing,0.398,49.160159,-103.009969,5/1/2029,,130.0,or:generator:4630259,,51.74,2029,48.8,-103.0,0.3602969417605458
GEN-2024-364,Solar,300.0,,Studies Undergoing,0.015,35.148959,-102.1,2/1/2033,,390.0,or:generator:4630262,,5.85,2033,35.3,-102.1,0.15104099999999931
GEN-2024-351,Solar,199.0,,Studies Undergoing,0.015,32.553538,-103.304525,2/1/2033,,258.7,or:generator:4630263,,3.8805,2033,32.6,-103.0,0.3080490108229512
GEN-2024-373,Solar,120.0,,Studies Undergoing,0.015,34.045583,-95.714094,2/1/2033,,156.0,or:generator:4630303,,2.34,2033,34.4,-95.8,0.3646796549370387
GEN-2024-337,Solar,250.0,,Studies Undergoing,0.015,34.346556,-97.377001,2/1/2033,,325.0,or:generator:4630311,,4.875,2033,34.4,-97.6,0.22931379185952644
GEN-2024-360,Solar,160.0,,Studies Undergoing,0.188,35.023598,-96.843096,2/1/2033,,208.0,or:generator:4630372,,39.104,2033,35.3,-96.7,0.3112467362399139
GEN-2024-336,Solar,300.0,,Studies Undergoing,0.015,32.995019,-102.96124,2/1/2033,,390.0,or:generator:4630378,,5.85,2033,32.6,-103.0,0.3969160464896802
GEN-2024-361,Solar,80.0,,Studies Undergoing,0.175,35.845491,-96.98367,2/1/2033,,104.0,or:generator:4630383,,18.2,2033,36.2,-96.7,0.4540322675548518
Greenalia Solar Power Blackwelder Ranch: BRGSP,Solar,199.7,Greenalia,Pre-Study,0.054,30.81256,-102.1865,6/1/2030,,259.6,or:generator:4636716,,14.0184,2030,30.8,-102.1,0.08740711412694147
SunEnergy1-Scotland Neck: TGCSN,Solar,3.0,SunEnergy1,Pre-Study,0.085,36.124961,-77.40909,1/1/2030,,4.0,or:generator:4636741,,0.34,2030,36.2,-77.8,0.39804708216615975
Stevens Mill Solar: STVML,Solar,80.0,Cypress Creek Renewables,Pre-Study,0.08,35.35546,-78.1192,9/1/2029,,104.0,or:generator:4636750,,8.32,2029,35.3,-77.8,0.32398217790490624
Hutcherson Solar: HUGSP,Solar,123.3,Greenalia,Pre-Study,0.09,34.02533,-99.26568,1/1/2030,,160.3,or:generator:4636874,,14.427,2030,34.4,-99.4,0.39801943583197297
Choco Solar: TGCCW,Solar,5.0,Choco Solar LLC,Pre-Study,0.08,35.482032,-77.11307,9/1/2029,,6.5,or:generator:4636974,,0.52,2029,35.3,-76.9,0.2802400291250245
SRP:Cluster 25:Q2517:PV,Solar,170.0,,Studies Undergoing,0.095,32.961925,-112.106544,8/1/2029,,221.0,or:generator:4636993,,20.995,2029,32.6,-112.0,0.3772814990971588
SRP:Cluster 25:Q2505:PV,Solar,200.0,,Studies Undergoing,0.095,33.371915,-112.913139,8/1/2029,,260.0,or:generator:4636996,,24.7,2029,33.5,-112.9,0.12875713784485712
SRP:Cluster 25:Q2504:PV,Solar,200.0,,Studies Undergoing,0.095,33.499814,-112.035981,8/1/2029,,260.0,or:generator:4637003,,24.7,2029,33.5,-112.0,0.035981480750526124
Loveland Area Project:2025-G2:PV,Solar,200.0,,Studies Undergoing,0.016,41.990061,-103.849037,8/1/2029,,260.0,or:generator:4637004,,4.16,2029,41.6,-103.9,0.39337616995694813
Arizona Public Service:Q561:PV,Solar,600.0,,Pre-Study,0.095,33.626358,-111.848339,9/1/2029,,780.0,or:generator:4637005,,74.1,2029,33.5,-112.0,0.19740162888132948
Arizona Public Service:Q569:PV,Solar,250.0,,Studies Undergoing,0.191,32.798924,-111.741031,5/1/2029,,325.0,or:generator:4637026,,62.075,2029,32.6,-112.0,0.3265512222255427
Loveland Area Project:2025-G1:PV,Solar,250.0,,Studies Undergoing,0.032,40.370536,-104.669885,5/1/2029,,325.0,or:generator:4637027,,10.4,2029,40.7,-104.8,0.35422653841998053
SR Dry Branch:PV,Solar,172.0,,Studies Undergoing,0.036,32.679307,-83.507917,7/1/2029,,223.6,or:generator:4637030,,8.0496,2029,32.6,-83.2,0.3179661603661655
SR Millen:PV,Solar,65.0,,Studies Undergoing,0.179,32.791587,-81.940368,7/1/2029,,84.5,or:generator:4637031,,15.1255,2029,32.6,-82.3,0.40748098605087407
Arizona Public Service:Q567:PV,Solar,225.0,,Pre-Study,0.12,33.410829,-112.189044,9/1/2029,,292.5,or:generator:4637034,,35.1,2029,33.5,-112.0,0.2090193799076975
SRP:Cluster 25:Q2506:PV,Solar,375.0,,Studies Undergoing,0.01,34.959154,-109.997522,8/1/2029,,487.5,or:generator:4637047,,4.875,2029,35.3,-110.2,0.3964509253362881
Draco Solar,Solar,500.0,Draco Solar LLC,Studies Undergoing,0.054,32.719655,-101.632536,9/1/2029,,650.0,or:generator:4637075,,35.1,2029,32.6,-101.2,0.44878136137878927
Gulf Gateway Solar One,Solar,301.4,"Gulf Gateway Solar, LLC",Studies Undergoing,0.054,27.968887,-97.426334,12/1/2029,,391.8,or:generator:4637080,,21.1572,2029,28.1,-97.6,0.2176016965122279
Amphion Solar Phase 3,Solar,115.4,Pine Gate Renewables,Studies Undergoing,0.054,28.369075,-98.803942,11/1/2029,,150.0,or:generator:4637082,,8.1,2029,28.1,-98.5,0.40593360909020876
Cherry Sage Solar 1 SLF,Solar,143.0,EE North America,Studies Undergoing,0.054,31.095634,-100.06587,10/1/2029,,185.9,or:generator:4637084,,10.0386,2029,30.8,-100.3,0.37711578971981097
Tall Saddle Solar,Solar,252.3,"Tall Saddle Solar, LLC",Studies Undergoing,0.054,27.085843,-97.778001,10/1/2029,,328.0,or:generator:4637087,,17.712,2029,27.2,-97.6,0.21146199812260097
GPlains Solar,Solar,151.3,Cypress Creek Renewables,Studies Undergoing,0.054,31.583988,-102.953332,9/1/2029,,196.7,or:generator:4637089,,10.6218,2029,31.7,-103.0,0.1250467367347073
Yellow Leaf Solar,Solar,103.2,Lightsource BP,Studies Undergoing,0.054,32.643541,-96.443609,10/1/2029,,134.1,or:generator:4637090,,7.2414,2029,32.6,-96.7,0.2600618456483069
Ashra Solar SLF,Solar,40.3,Birch Creek Development,Studies Undergoing,0.054,29.211043,-99.795219,9/1/2029,,52.3,or:generator:4637095,,2.8242,2029,29.0,-99.4,0.4480370585230623
Amphion Solar Phase 2,Solar,205.9,Pine Gate Renewables,Studies Undergoing,0.054,28.371381,-98.792566,9/1/2029,,267.7,or:generator:4637100,,14.4558,2029,28.1,-98.5,0.3990520160542924
Scrap Iron Solar,Solar,110.8,EnergieKontor,Studies Undergoing,0.054,30.354703,-96.034292,4/1/2029,,144.0,or:generator:4637104,,7.776,2029,30.8,-95.8,0.5031720972718959
Ponferrada Solar,Solar,148.9,Karol Solar VI,Studies Undergoing,0.054,32.082737,-96.522883,4/1/2029,,193.5,or:generator:4637114,,10.449,2029,31.7,-96.7,0.42173219329096184
Palomino Solar,Solar,301.2,Palomino Renewables,Studies Undergoing,0.054,33.099212,-95.037121,4/1/2029,,391.6,or:generator:4637116,,21.1464,2029,33.5,-94.9,0.423595549533983
Brahman Renewables Solar,Solar,101.0,Brahman Renewables,Studies Undergoing,0.054,30.598564,-97.08781,5/1/2029,,131.3,or:generator:4637138,,7.0902,2029,30.8,-96.7,0.43700464322018573
Zeus Rusk Solar,Solar,27.0,Zeus,Studies Undergoing,0.054,31.935973,-94.981566,4/1/2029,,35.1,or:generator:4637145,,1.8954,2029,31.7,-94.9,0.24967232342612553
Biggs Solar,Solar,400.0,Scout Clean Energy,Studies Undergoing,0.054,31.461123,-99.548477,4/1/2029,,520.0,or:generator:4637150,,28.08,2029,31.7,-99.4,0.28126080540665327
Sundance Solar,Solar,301.0,Cypress Creek Renewables,Studies Undergoing,0.09,33.643131,-99.422969,9/1/2029,,391.3,or:generator:4637157,,35.217,2029,33.5,-99.4,0.14496226447596142
Cielo Vista Solar,Solar,503.3,Titus Low Carbon Ventures,Studies Undergoing,0.054,28.70351,-98.479725,9/1/2029,,654.3,or:generator:4637159,,35.3322,2029,29.0,-98.5,0.29718242835840597
AH1-617,Solar,200.0,BrightNight,Studies Undergoing,0.073,37.220733,-82.990063,1/1/2030,,260.0,or:generator:4637217,,18.98,2030,37.1,-83.2,0.24217762336351153
AH1-570,Solar,25.0,Heelstone Energy,Studies Undergoing,0.045,38.168266,-84.077524,1/1/2030,,32.5,or:generator:4637237,,1.4625,2030,38.0,-84.1,0.16976047046353515
AH1-571,Solar,20.0,Heelstone Energy,Studies Undergoing,0.023,38.215483,-84.323148,1/1/2030,,26.0,or:generator:4637240,,0.598,2030,38.0,-84.1,0.31020630746811645
SouthernCompany:25-IC-1359:PV,Solar,130.0,,Studies Undergoing,0.032,32.136486,-90.946076,10/1/2029,,169.0,or:generator:4646626,,5.408,2029,31.7,-91.3,0.5619450382128071
SouthernCompany:25-IC-1380:PV,Solar,200.0,,Studies Undergoing,0.052,33.5042,-82.6884,10/1/2029,,260.0,or:generator:4646628,,13.52,2029,33.5,-82.3,0.38842270788408256
SouthernCompany:25-IC-1373:PV,Solar,120.0,,Studies Undergoing,0.052,33.078615,-84.424912,10/1/2029,,156.0,or:generator:4646631,,8.112,2029,33.5,-84.1,0.5321025521166087
SouthernCompany:25-IC-1372:PV,Solar,79.0,,Studies Undergoing,0.052,34.152433,-82.988786,3/1/2030,,102.7,or:generator:4646635,,5.3404,2030,34.4,-83.2,0.3254239900268533
SouthernCompany:25-IC-1378:PV,Solar,199.0,,Pre-Study,0.016,32.785271,-88.296056,10/1/2029,,258.7,or:generator:4646636,,4.1392,2029,32.6,-88.6,0.35595968673011397
SouthernCompany:25-IC-1326:PV,Solar,250.0,,Studies Undergoing,0.052,33.523643,-83.680056,8/1/2030,,325.0,or:generator:4646638,,16.9,2030,33.5,-84.1,0.42060902817818924
SouthernCompany:25-IC-1362:PV,Solar,195.0,,Studies Undergoing,0.032,33.517,-82.6877,10/1/2029,,253.5,or:generator:4646641,,8.112,2029,33.5,-82.3,0.38807253188032703
SouthernCompany:25-IC-1351:PV,Solar,190.0,,Pre-Study,0.016,31.914277,-85.604971,10/1/2029,,247.0,or:generator:4646646,,3.952,2029,31.7,-85.9,0.3646323402689336
SouthernCompany:25-IC-1361:PV,Solar,170.0,,Studies Undergoing,0.052,33.427,-82.6355,10/1/2029,,221.0,or:generator:4646647,,11.492,2029,33.5,-82.3,0.34335004004659364
SouthernCompany:25-IC-1376:PV,Solar,199.0,,Studies Undergoing,0.052,33.412,-82.6946,10/1/2029,,258.7,or:generator:4646649,,13.4524,2029,33.5,-82.3,0.4042934083063905
SouthernCompany:25-IC-1310:PV,Solar,261.0,,Studies Undergoing,0.032,33.413268,-82.652962,9/1/2029,,339.3,or:generator:4646650,,10.8576,2029,33.5,-82.3,0.3634619832499724
SouthernCompany:25-IC-1324:PV,Solar,120.0,,Studies Undergoing,0.052,32.106126,-83.076675,10/1/2029,,156.0,or:generator:4646655,,8.112,2029,31.7,-83.2,0.4244377262932753
SouthernCompany:25-IC-1360:PV,Solar,75.0,,Studies Undergoing,0.052,33.4805,-82.6977,10/1/2029,,97.5,or:generator:4646660,,5.07,2029,33.5,-82.3,0.39817777436717927
SouthernCompany:25-IC-1365:PV,Solar,195.0,,Studies Undergoing,0.052,33.4902,-82.6549,10/1/2029,,253.5,or:generator:4646661,,13.182,2029,33.5,-82.3,0.35503527993707956
SouthernCompany:25-IC-1355:PV,Solar,165.0,,Studies Undergoing,0.052,31.941676,-89.277952,10/1/2029,,214.5,or:generator:4646663,,11.154,2029,31.7,-89.5,0.3281959830345296
SouthernCompany:25-IC-1363:PV,Solar,195.0,,Pre-Study,0.016,32.240183,-82.011779,10/1/2029,,253.5,or:generator:4646665,,4.056,2029,32.6,-82.3,0.46102019297422936
SouthernCompany:25-IC-1366:PV,Solar,110.0,,Studies Undergoing,0.052,33.3832,-82.6872,10/1/2029,,143.0,or:generator:4646666,,7.436,2029,33.5,-82.3,0.4044330352481174
SouthernCompany:25-IC-1369:PV,Solar,80.0,,Pre-Study,0.016,32.19372,-86.331716,10/1/2029,,104.0,or:generator:4646670,,1.664,2029,32.6,-85.9,0.5928255587067727
SouthernCompany:25-IC-1345:PV,Solar,160.0,,Studies Undergoing,0.032,33.3676,-82.6142,8/1/2030,,208.0,or:generator:4646673,,6.656,2030,33.5,-82.3,0.34095659547807394
SouthernCompany:25-IC-1356:PV,Solar,199.0,,Studies Undergoing,0.052,33.3638,-82.7345,10/1/2029,,258.7,or:generator:4646676,,13.4524,2029,33.5,-82.3,0.45534677993810446
SouthernCompany:25-IC-1347:PV,Solar,169.0,,Studies Undergoing,0.052,33.5123,-82.6972,10/1/2029,,219.7,or:generator:4646678,,11.4244,2029,33.5,-82.3,0.3973903999846983
SouthernCompany:25-IC-1364:PV,Solar,175.0,,Studies Undergoing,0.032,33.376304,-82.734367,10/1/2029,,227.5,or:generator:4646682,,7.28,2029,33.5,-82.3,0.451636348299169
SouthernCompany:25-IC-1368:PV,Solar,200.0,,Studies Undergoing,0.052,33.3609,-82.6901,10/1/2029,,260.0,or:generator:4646695,,13.52,2029,33.5,-82.3,0.41415796503267055
SouthernCompany:25-IC-1357:PV,Solar,71.0,,Studies Undergoing,0.052,33.42,-82.6213,10/1/2029,,92.3,or:generator:4646700,,4.7996,2029,33.5,-82.3,0.33110978541868075
SouthernCompany:25-IC-1340:PV,Solar,175.0,,Studies Undergoing,0.259,33.241365,-82.161378,5/1/2030,,227.5,or:generator:4646702,,58.9225,2030,33.5,-82.3,0.29344185473275364
SouthernCompany:25-IC-1323:PV,Solar,150.0,,Studies Undergoing,0.052,32.138356,-83.138038,10/1/2029,,195.0,or:generator:4646703,,10.14,2029,31.7,-83.2,0.44271353286296
SouthernCompany:25-IC-1337:PV,Solar,100.0,,Studies Undergoing,0.052,31.748047,-88.592913,10/1/2029,,130.0,or:generator:4646704,,6.76,2029,31.7,-88.6,0.04856685884427792
SouthernCompany:25-IC-1341:PV,Solar,150.0,,Pre-Study,0.016,33.676283,-83.14968,10/1/2029,,195.0,or:generator:4646708,,3.12,2029,33.5,-83.2,0.1833242986867786
SouthernCompany:25-IC-1367:PV,Solar,195.0,,Studies Undergoing,0.032,33.4255,-82.7002,10/1/2029,,253.5,or:generator:4646711,,8.112,2029,33.5,-82.3,0.4070752878768233
SouthernCompany:25-IC-1379:PV,Solar,200.0,,Studies Undergoing,0.052,33.3852,-82.609,10/1/2029,,260.0,or:generator:4646712,,13.52,2029,33.5,-82.3,0.32963622373762114
SouthernCompany:25-IC-1336:PV,Solar,93.0,,Studies Undergoing,0.052,33.3515,-82.727,10/1/2029,,120.9,or:generator:4646713,,6.2868,2029,33.5,-82.3,0.4520854454635819
SouthernCompany:25-IC-1384:PV,Solar,88.0,,Studies Undergoing,0.052,31.364284,-83.571303,10/1/2029,,114.4,or:generator:4646715,,5.9488,2029,31.7,-83.2,0.5005708246242451
SouthernCompany:25-IC-1348:PV,Solar,320.0,,Studies Undergoing,0.032,33.498997,-82.813003,4/1/2031,,416.0,or:generator:4646724,,13.312,2031,33.5,-83.2,0.38699829976113104
SouthernCompany:25-IC-1338:PV,Solar,150.0,,Studies Undergoing,0.052,32.165098,-84.487771,10/1/2029,,195.0,or:generator:4646736,,10.14,2029,32.6,-84.1,0.5826715181343614
SouthernCompany:25-IC-1371:PV,Solar,80.0,,Studies Undergoing,0.032,33.4373,-82.7333,10/1/2029,,104.0,or:generator:4646738,,3.328,2029,33.5,-82.3,0.437812950927679
SouthernCompany:25-IC-1335:PV,Solar,80.0,,Studies Undergoing,0.032,32.389212,-90.699092,10/1/2029,,104.0,or:generator:4646739,,3.328,2029,32.6,-90.4,0.3659065528355469
SouthernCompany:25-IC-1353:PV,Solar,112.0,,Studies Undergoing,0.032,33.4952,-82.6212,10/1/2029,,145.6,or:generator:4646740,,4.6592,2029,33.5,-82.3,0.3212358635021983
SouthernCompany:25-IC-1315:PV,Solar,295.0,,Studies Undergoing,0.032,33.3829,-82.6849,10/1/2029,,383.5,or:generator:4646741,,12.272,2029,33.5,-82.3,0.40231880393538844
SouthernCompany:25-IC-1381:PV,Solar,156.0,,Studies Undergoing,0.032,33.3902,-82.6511,10/1/2029,,202.8,or:generator:4646749,,6.4896,2029,33.5,-82.3,0.36786852270886355
SouthernCompany:25-IC-1350:PV,Solar,150.0,,Studies Undergoing,0.032,33.394379,-82.564834,10/1/2029,,195.0,or:generator:4646756,,6.24,2029,33.5,-82.3,0.28511899830948456
SouthernCompany:25-IC-1354:PV,Solar,91.0,,Studies Undergoing,0.052,33.3998,-82.6506,10/1/2029,,118.3,or:generator:4646757,,6.1516,2029,33.5,-82.3,0.36463735409307724
SouthernCompany:25-IC-1383:PV,Solar,199.0,,Studies Undergoing,0.052,31.571633,-84.046869,10/1/2029,,258.7,or:generator:4646758,,13.4524,2029,31.7,-84.1,0.13892800239692318
SouthernCompany:25-IC-1342:PV,Solar,199.0,,Studies Undergoing,0.052,32.481656,-82.73418,10/1/2029,,258.7,or:generator:4646760,,13.4524,2029,32.6,-82.3,0.450019527060769
SouthernCompany:25-IC-1352:PV,Solar,148.0,,Studies Undergoing,0.032,33.5059,-82.6207,10/1/2029,,192.4,or:generator:4646770,,6.1568,2029,33.5,-82.3,0.3207542673137824
SouthernCompany:25-IC-1339:PV,Solar,165.0,,Studies Undergoing,0.052,33.167014,-83.003995,10/1/2029,,214.5,or:generator:4646771,,11.154,2029,33.5,-83.2,0.3863905229440788
Bridgewater 2: PV1,Solar,5.0,"Bridgewater Solar 2, LLC",Pre-Study,0.123,42.831613,-73.67479,1/1/2031,,6.5,or:generator:4649454,,0.7995,2031,42.5,-73.3,0.5004345370465567
Watson 2: PV1,Solar,4.9,Delaware River Solar,Pre-Study,0.123,42.124945,-75.99177,1/1/2031,,6.4,or:generator:4649464,,0.7872,2031,42.5,-76.0,0.37514528642247713
Bridgewater 1: PV1,Solar,5.0,"Bridgewater Solar, LLC",Pre-Study,0.123,42.831613,-73.67479,1/1/2031,,6.5,or:generator:4649474,,0.7995,2031,42.5,-73.3,0.5004345370465567
Glen Mary: PV1,Solar,3.4,"NY Tioga IV, LLC",Pre-Study,0.123,42.128604,-76.27895,1/1/2031,,4.4,or:generator:4649479,,0.5412,2031,42.5,-76.0,0.46448691188880115
Emerson NY: PV1,Solar,5.0,"Emerson Solar, LLC",Pre-Study,0.123,42.275414,-73.73512,1/1/2031,,6.5,or:generator:4649497,,0.7995,2031,42.5,-73.3,0.48966139912800866
Timber Mill Solar: TIMIL,Solar,80.0,Cypress Creek Renewables,Pre-Study,0.08,34.96634,-77.21299,9/1/2029,,104.0,or:generator:4649503,,8.32,2029,35.3,-76.9,0.45748413710203767
Watson 1: PV1,Solar,4.8,"NY Union I, LLC",Pre-Study,0.123,42.124945,-75.99177,1/1/2031,,6.2,or:generator:4649504,,0.7626,2031,42.5,-76.0,0.37514528642247713
Endicott: PV1,Solar,5.0,"Endicott NY Solar Farm, LLC",Pre-Study,0.123,42.139575,-76.09664,1/1/2031,,6.5,or:generator:4649509,,0.7995,2031,42.5,-76.0,0.373156093645807
Bloomfield Solar: PV1,Solar,5.0,"Bloomfield Solar, LLC",Pre-Study,0.123,42.989691,-73.88121,1/1/2031,,6.5,or:generator:4649514,,0.7995,2031,43.4,-74.2,0.5195965161363217
Cavern: PV1,Solar,2.0,"Cavern Solar, LLC",Pre-Study,0.112,44.711557,-73.54126,1/1/2031,,2.6,or:generator:4649516,,0.2912,2031,44.3,-73.3,0.477059274984776
Tully 4: PV1,Solar,5.0,CP Tully Four LLC,Pre-Study,0.123,42.810918,-76.12014,1/1/2031,,6.5,or:generator:4649517,,0.7995,2031,42.5,-76.0,0.3333220999633869
Tully 5: PV1,Solar,2.0,CP Tully Five LLC,Pre-Study,0.123,42.807619,-76.13114,1/1/2031,,2.6,or:generator:4649518,,0.3198,2031,42.5,-76.0,0.33440566496547586
J3963,Solar,490.0,,Studies Undergoing,0.123,44.389264,-96.529298,10/1/2031,,637.0,or:generator:4649637,,78.351,2031,44.3,-96.7,0.19263238175343714
J4001,Solar,245.0,,Studies Undergoing,0.161,39.915116,-91.69807,10/1/2031,,318.5,or:generator:4649657,,51.2785,2031,39.8,-91.3,0.4143807649445174
J3908,Solar,196.0,,Pre-Study,0.138,42.070517,-85.444503,9/1/2031,,254.8,or:generator:4649661,,35.1624,2031,42.5,-85.0,0.6180926826115932
J3911,Solar,250.0,,Studies Undergoing,0.033,41.310125,-91.278664,8/1/2031,,325.0,or:generator:4649664,,10.725,2031,41.6,-91.3,0.2906591483525004
Solar Prairie:PV,Solar,200.0,,Studies Undergoing,0.155,38.992889,-87.455056,10/1/2031,,260.0,or:generator:4649679,,40.3,2031,38.9,-87.7,0.26196551196102474
J3949,Solar,245.0,,Studies Undergoing,0.205,39.651871,-90.385888,10/1/2031,,318.5,or:generator:4649690,,65.2925,2031,39.8,-90.4,0.14879969484175537
J3942,Solar,365.0,,Studies Undergoing,0.14,39.550478,-87.501419,8/1/2031,,474.5,or:generator:4649692,,66.43,2031,39.8,-87.7,0.318897541610156
J3931,Solar,500.0,,Studies Undergoing,0.201,40.772579,-87.023123,8/1/2031,,650.0,or:generator:4649700,,130.65,2031,40.7,-86.8,0.23463074046254065
Solar Prairie:PV,Solar,200.0,,Studies Undergoing,0.155,38.987367,-87.453799,10/1/2031,,260.0,or:generator:4649704,,40.3,2031,38.9,-87.7,0.2612430383570052
J3959,Solar,200.0,,Studies Undergoing,0.04,40.1046,-93.3637,10/1/2031,,260.0,or:generator:4649711,,10.4,2031,39.8,-93.1,0.4028881358392183
J3975,Solar,416.5,,Studies Undergoing,0.262,45.383,-91.023,9/1/2031,,541.5,or:generator:4649714,,141.873,2031,45.2,-91.3,0.33199096373244935
J3964,Solar,490.0,,Studies Undergoing,0.123,44.276064,-96.535561,10/1/2031,,637.0,or:generator:4649743,,78.351,2031,44.3,-96.7,0.16617194954925596
Solar Prairie:PV,Solar,200.0,,Studies Undergoing,0.155,38.992889,-87.455056,10/1/2031,,260.0,or:generator:4649745,,40.3,2031,38.9,-87.7,0.26196551196102474
J3945,Solar,245.0,,Pre-Study,0.138,42.21592,-83.941488,10/1/2031,,318.5,or:generator:4649746,,43.953,2031,42.5,-84.1,0.3253113901233674
J3954,Solar,250.0,,Studies Undergoing,0.397,39.5425,-89.4763,10/1/2031,,325.0,or:generator:4649751,,129.025,2031,39.8,-89.5,0.25858836014020503
J3916,Solar,100.0,,Studies Undergoing,0.01,37.770397,-88.650924,4/1/2031,,130.0,or:generator:4649755,,1.3,2031,38.0,-88.6,0.23518246402527487
Solar Prairie:PV,Solar,200.0,,Studies Undergoing,0.155,38.992889,-87.455056,10/1/2031,,260.0,or:generator:4649756,,40.3,2031,38.9,-87.7,0.26196551196102474
J3925,Solar,70.0,,Studies Undergoing,0.018,38.581542,-87.303333,8/1/2031,,91.0,or:generator:4649761,,1.638,2031,38.9,-87.7,0.5086847812280273
J3957,Solar,300.0,,Studies Undergoing,0.058,40.1046,-93.3637,10/1/2031,,390.0,or:generator:4649767,,22.62,2031,39.8,-93.1,0.4028881358392183
J4003,Solar,200.0,,Studies Undergoing,0.166,39.529999,-87.690002,10/1/2031,,260.0,or:generator:4649802,,43.16,2031,39.8,-87.7,0.2701860470213076
J4000,Solar,343.0,,Studies Undergoing,0.205,39.651871,-90.385888,10/1/2031,,445.9,or:generator:4649803,,91.4095,2031,39.8,-90.4,0.14879969484175537
Pawnee Solar :PV,Solar,250.0,Xcel Energy,Pre-Study,0.024,40.182734,-103.613905,9/1/2029,,325.0,or:generator:4652714,,7.8,2029,39.8,-103.9,0.47784481139906354
Public Service Co of Colorado:5RSC-2024-04:PV,Solar,100.0,,Pre-Study,0.024,38.305802,-104.718475,9/1/2029,,130.0,or:generator:4652716,,3.12,2029,38.0,-104.8,0.3164825253137996
Public Service Co of Colorado:5RSC-2024-22:PV,Solar,500.0,,Pre-Study,0.024,38.414742,-103.727895,9/1/2029,,650.0,or:generator:4652718,,15.6,2029,38.0,-103.9,0.4490334704551522
Public Service Co of Colorado:5RSC-2024-23:PV,Solar,200.0,,Pre-Study,0.024,38.337265,-104.556004,9/1/2029,,260.0,or:generator:4652744,,6.24,2029,38.0,-104.8,0.41627121956844354
Colt Creek Solar,Solar,400.0,,Studies Undergoing,0.064,38.269076,-103.654117,5/1/2029,,520.0,or:generator:4652747,,33.28,2029,38.0,-103.9,0.364500128209857
Public Service Co of Colorado:5RSC-2024-24:PV,Solar,199.0,,Pre-Study,0.024,39.90753,-104.048407,9/1/2029,,258.7,or:generator:4652755,,6.2088,2029,39.8,-103.9,0.18326848760493017
Duke:NC_Cluster:048968:PV,Solar,70.0,,Studies Undergoing,0.278,34.693234,-81.292722,5/1/2029,,91.0,or:generator:4653169,,25.298,2029,34.4,-81.4,0.31224148994007933
Bonneville:G1077:PV,Solar,1.0,,Studies Undergoing,0.191,44.25431,-122.788223,10/1/2029,,0.0,or:generator:4653348,,0.0,2029,44.3,-122.8,0.04718340628865115
Bonneville:G0864:PV,Solar,500.0,,Studies Undergoing,0.04,45.366473,-120.687684,5/1/2029,,650.0,or:generator:4656780,,26.0,2029,45.2,-121.0,0.35391318650905906
Bonneville:G1072:PV,Solar,183.0,,Pre-Study,0.119,46.736067,-122.147814,9/1/2029,,237.9,or:generator:4656861,,28.3101,2029,47.0,-121.9,0.36203923417910994
SV CSG East St Louis: EAST1,Solar,5.0,SV CSG East St Louis LLC,Pre-Study,0.087,38.6056,-90.0705,3/1/2031,,6.5,or:generator:4656956,,0.5655,2031,38.9,-90.4,0.44186152808318163
Desert Sand BESS: DESA1,Solar,300.0,BrightNight,Pre-Study,0.095,33.497049,-113.0514,9/1/2029,,390.0,or:generator:4656961,,37.05,2029,33.5,-112.9,0.15142875684954493
New Frontiers Solar: PVSI,Solar,100.0,EDP Renewables,Pre-Study,0.154,37.79502,-86.5068,3/1/2031,,130.0,or:generator:4656997,,20.02,2031,38.0,-86.8,0.357747173853266
SV CSG Roxana 1: ROX1,Solar,2.5,SV CSG Roxana 1 LLC,Pre-Study,0.087,38.836055,-90.03685,3/1/2031,,3.3,or:generator:4657013,,0.2871,2031,38.9,-90.4,0.3687368784445121
J4009,Solar,80.0,,Studies Undergoing,0.01,48.290691,-96.436722,10/1/2031,,104.0,or:generator:4657049,,1.04,2031,47.9,-96.7,0.47112075178769497
R5063,Solar,170.0,,Pre-Study,0.138,42.997967,-84.03625,11/1/2031,,221.0,or:generator:4657113,,30.498,2031,43.4,-84.1,0.40705601038308786
J4017,Solar,299.0,,Studies Undergoing,0.095,44.068296,-94.294251,11/1/2031,,388.7,or:generator:4657130,,36.9265,2031,44.3,-94.0,0.3745268943841041
Velociraptor Solar II,Solar,242.0,Greyhound Solar 3 LLC,Studies Undergoing,0.054,31.829264,-102.327258,12/1/2029,,314.6,or:generator:4657196,,16.9884,2029,31.7,-102.1,0.26144861877623793
Neal Solar,Solar,146.6,CH Neal Solar LLC,Studies Undergoing,0.054,29.242142,-96.231665,11/1/2029,,190.6,or:generator:4657200,,10.2924,2029,29.0,-95.8,0.49494183535947817
Gypsum Plains Solar,Solar,503.1,Cypress Creek Renewables,Studies Undergoing,0.054,31.5904,-102.960462,11/1/2029,,654.1,or:generator:4657203,,35.3214,2029,31.7,-103.0,0.11651357622182722
Zeus Scurry Solar,Solar,504.0,"Scurry Solar, LLC",Studies Undergoing,0.054,32.905892,-101.008185,11/1/2029,,655.2,or:generator:4657205,,35.3808,2029,32.6,-101.2,0.36105804227160226
Dog Star Solar II,Solar,502.6,Dog Star Solar LLC,Studies Undergoing,0.054,32.525738,-99.828506,12/1/2029,,653.4,or:generator:4657207,,35.2836,2029,32.6,-99.4,0.43489336242347915
Paolo Sole Gustine Solar,Solar,40.3,"Viridian Power Development, LLC",Studies Undergoing,0.054,31.819516,-98.344872,11/1/2029,,52.4,or:generator:4657211,,2.8296,2029,31.7,-98.5,0.19582842143060258
Cazadores Solar: 73509,Solar,300.0,OCI Energy,Studies Undergoing,0.054,27.392246,-98.50107,12/1/2029,,390.0,or:generator:4657216,,21.06,2029,27.2,-98.5,0.19224897767218507
Bell Song Solar 2,Solar,167.6,"Bell Song Solar, LLC 2",Studies Undergoing,0.054,27.262948,-98.517706,3/1/2030,,217.9,or:generator:4657221,,11.7666,2030,27.2,-98.5,0.06539077259063714
Iron Cowboy Solar,Solar,121.0,"Vaquero II Solar, LLC",Studies Undergoing,0.054,28.103056,-97.496355,10/1/2029,,157.3,or:generator:4657229,,8.4942,2029,28.1,-97.6,0.1036900436927289
Carpet Tech Solar One,Solar,110.7,CT Solar One,Studies Undergoing,0.054,32.911025,-101.000524,12/1/2029,,143.9,or:generator:4657230,,7.7706,2029,32.6,-101.2,0.3694959068799033
Roboman Solar,Solar,272.6,"Roboman Solar, LLC",Studies Undergoing,0.054,31.50596,-100.598934,12/1/2029,,354.4,or:generator:4657237,,19.1376,2029,31.7,-100.3,0.356388913907266
Bell Song Solar,Solar,167.6,"Bell Song Solar, LLC",Studies Undergoing,0.054,27.261617,-98.520475,11/1/2029,,217.9,or:generator:4657238,,11.7666,2029,27.2,-98.5,0.06492981067275966
Gulf Prairie Solar,Solar,202.2,Gulf Prairie Energy LLC,Studies Undergoing,0.054,29.056069,-95.346071,11/1/2029,,262.8,or:generator:4657239,,14.1912,2029,29.0,-94.9,0.4495809935951368
Dry Creek Solar II,Solar,203.4,Oak Hill Solar II LLC,Studies Undergoing,0.054,32.251221,-94.577706,12/1/2029,,264.5,or:generator:4657255,,14.283,2029,32.6,-94.9,0.4748896853765092
Zeus Mitchell Solar,Solar,805.0,Zeus,Studies Undergoing,0.285,32.334127,-100.916107,4/1/2029,,1046.5,or:generator:4657260,,298.2525,2029,32.6,-101.2,0.38895203763189495
Bell Song Solar 3,Solar,167.6,"Bell Song Solar, LLC_3",Studies Undergoing,0.054,27.271404,-98.524613,8/1/2030,,217.9,or:generator:4657261,,11.7666,2030,27.2,-98.5,0.07552702155520415
Paolo Sole Hamilton Solar,Solar,40.6,"Viridian Power Development, LLC",Studies Undergoing,0.054,31.684055,-98.115586,11/1/2029,,52.8,or:generator:4657264,,2.8512,2029,31.7,-98.5,0.3847445469672119
Dog Star Solar I,Solar,502.6,Dog Star Solar LLC,Studies Undergoing,0.054,32.520476,-99.830155,12/1/2029,,653.4,or:generator:4657265,,35.2836,2029,32.6,-99.4,0.4374441571229397
NV:Company PO:PV,Solar,140.0,,Studies Undergoing,0.018,39.932513,-116.584633,5/1/2029,,182.0,or:generator:4657306,,3.276,2029,39.8,-116.5,0.1572337109464768
Amargosa Solar Phase 2:PV,Solar,600.0,NV Energy,Studies Undergoing,0.358,36.518156,-116.432785,9/1/2032,,780.0,or:generator:4657325,,279.24,2032,36.2,-116.5,0.32517856104146425
Avista Corp:CS23-13:PV,Solar,40.0,,IA Executed,0.7,47.576064,-117.941641,9/1/2028,,52.0,or:generator:4657328,,36.4,2028,47.9,-118.3,0.48306904783580634
LADWP:250605000000:PV,Solar,250.0,,Pre-Study,0.119,36.067178,-115.292323,11/1/2029,,325.0,or:generator:4657338,,38.675,2029,36.2,-115.6,0.33512209717206065
NV:Company QC:PV,Solar,200.0,,Studies Undergoing,0.018,40.785264,-118.323316,5/1/2029,,260.0,or:generator:4657358,,4.68,2029,40.7,-118.3,0.08839448824445763
IPCO:775:PV,Solar,50.0,,Studies Undergoing,0.127,43.218391,-112.475617,12/1/2029,,65.0,or:generator:4657366,,8.255,2029,43.4,-112.9,0.46160888159783675
IPCO:770:PV,Solar,56.0,,Pre-Study,0.159,42.769532,-113.63587,12/1/2029,,72.8,or:generator:4657372,,11.5752,2029,42.5,-113.8,0.31557274268225227
IPCO:769:PV,Solar,199.0,,Studies Undergoing,0.318,42.596125,-113.63385,12/1/2029,,258.7,or:generator:4657378,,82.2666,2029,42.5,-113.8,0.19195269762366127
IPCO:771:PV,Solar,325.0,,Pre-Study,0.016,44.9641,-117.870054,12/1/2029,,422.5,or:generator:4657387,,6.76,2029,45.2,-118.3,0.49041041273203134
IPCO:785:PV,Solar,199.0,,Pre-Study,0.064,39.883998,-112.197338,10/1/2029,,258.7,or:generator:4657402,,16.5568,2029,39.8,-112.0,0.21447132733305163
Avista Corp:CS24-01:PV,Solar,1.0,,IA Executed,0.7,47.079516,-118.885668,9/1/2028,,1.3,or:generator:4657419,,0.91,2028,47.0,-119.2,0.32423355853459146
IPCO:790:PV,Solar,122.0,,Pre-Study,0.016,44.392405,-116.878257,12/1/2030,,158.6,or:generator:4657423,,2.5376,2030,44.3,-116.5,0.3893803308771562
NV:Company 238:PV,Solar,1000.0,,Studies Undergoing,0.215,38.771408,-115.484473,5/1/2029,,1300.0,or:generator:4657430,,279.5,2029,38.9,-115.6,0.17286523708657972
IPCO:773:PV,Solar,130.0,,Pre-Study,0.159,43.518877,-116.413327,1/1/2030,,169.0,or:generator:4657431,,26.871,2030,43.4,-116.5,0.14711882971938686
IPCO:774:PV,Solar,50.0,,Studies Undergoing,0.127,43.402818,-112.211266,12/1/2029,,65.0,or:generator:4657453,,8.255,2029,43.4,-112.0,0.21128479330041208
NV:Company 256:PV,Solar,500.0,,Studies Undergoing,0.358,36.194044,-115.949537,8/1/2029,,650.0,or:generator:4657491,,232.7,2029,36.2,-115.6,0.3495877404958712
IPCO:793:PV,Solar,250.0,,Studies Undergoing,0.159,43.709503,-116.250366,12/1/2029,,325.0,or:generator:4657497,,51.675,2029,43.4,-116.5,0.39762952728010503
NV:Company 253:PV,Solar,169.0,,Studies Undergoing,0.358,35.486573,-115.185544,5/1/2029,,219.7,or:generator:4657503,,78.6526,2029,35.3,-115.6,0.4545143124974197
Avista Corp:CS24-07:PV,Solar,2.0,,IA Executed,0.7,46.789317,-119.268438,10/1/2028,,2.6,or:generator:4657507,,1.82,2028,47.0,-119.2,0.22151994567758757
Amargosa Solar Phase 1:PV,Solar,600.0,NV Energy,IA Executed,0.7,36.492328,-116.42319,9/1/2032,,780.0,or:generator:4657509,,546.0,2032,36.2,-116.5,0.30225061734262487
Avista Corp:CS24-14:PV,Solar,40.0,,IA Executed,0.7,47.808089,-117.625296,10/1/2028,,52.0,or:generator:4657516,,36.4,2028,47.9,-117.4,0.24332266548145356
IPCO:772:PV,Solar,300.0,,Pre-Study,0.159,42.978345,-116.013599,1/1/2030,,390.0,or:generator:4657556,,62.01,2030,43.4,-115.6,0.5906412378305507
Avista Corp:CS23-14:PV,Solar,40.0,,IA Executed,0.7,47.632411,-117.709755,9/1/2028,,52.0,or:generator:4657561,,36.4,2028,47.9,-117.4,0.4093312020186071
IPCO:787:PV,Solar,70.0,,Pre-Study,0.159,43.398082,-115.830405,10/1/2029,,91.0,or:generator:4657576,,14.469,2029,43.4,-115.6,0.23041298303047533
IPCO:791:PV,Solar,199.0,,Studies Undergoing,0.318,42.13315,-115.258118,9/1/2029,,258.7,or:generator:4657579,,82.2666,2029,42.5,-115.6,0.5014600925537329
IPCO:786:PV,Solar,199.0,,Pre-Study,0.159,43.526042,-116.410212,10/1/2029,,258.7,or:generator:4657586,,41.1333,2029,43.4,-116.5,0.15475293440836366
Tampa Electric:123:PV,Solar,20.0,,Studies Undergoing,0.127,27.793776,-81.720301,11/1/2029,,26.0,or:generator:4657703,,3.302,2029,28.1,-81.4,0.4431318864367589
PGE:SPQ0294:PV,Solar,1.6,,Studies Undergoing,0.215,45.465423,-122.397654,6/1/2029,,2.0,or:generator:4657716,,0.43,2029,45.2,-122.8,0.4820079591095925
PGE:SPQ0292:PV,Solar,1.9,,Studies Undergoing,0.358,45.540828,-122.29158,6/1/2029,,2.5,or:generator:4657718,,0.895,2029,45.2,-121.9,0.5191325668689926
Tampa Electric:122:PV,Solar,75.0,,Studies Undergoing,0.127,27.671963,-82.216232,11/1/2029,,97.5,or:generator:4657733,,12.3825,2029,28.1,-82.3,0.4361567965686176
PGE:CSQ0018:PV,Solar,1.0,,Studies Undergoing,0.191,45.24084,-122.920924,5/1/2029,,1.3,or:generator:4657735,,0.2483,2029,45.2,-122.8,0.12763431895850033
PGE:SPQ0286:PV,Solar,1.0,,Studies Undergoing,0.318,45.624984,-122.733355,6/1/2029,,1.3,or:generator:4657742,,0.4134,2029,45.2,-122.8,0.43017781937356425
PGE:SPQ0301:PV,Solar,3.0,,Studies Undergoing,0.191,45.409342,-122.35529,10/1/2029,,3.9,or:generator:4657743,,0.7449,2029,45.2,-122.8,0.4915191319409656
PGE:CSQ0017:PV,Solar,3.0,,Studies Undergoing,0.191,45.44472,-123.262318,5/1/2029,,3.9,or:generator:4657780,,0.7449,2029,45.2,-123.7,0.501451305237114
Tampa Electric:121:PV,Solar,75.0,,Studies Undergoing,0.127,27.821911,-82.363354,11/1/2029,,97.5,or:generator:4657793,,12.3825,2029,28.1,-82.3,0.28521434262147694
PGE:CSQ0020:PV,Solar,2.0,,Studies Undergoing,0.215,45.178763,-123.385075,8/1/2029,,2.6,or:generator:4657802,,0.559,2029,45.2,-123.7,0.3156402474241866
PGE:SPQ0293:PV,Solar,1.6,,Studies Undergoing,0.358,45.534626,-122.670834,6/1/2029,,2.0,or:generator:4657813,,0.716,2029,45.2,-122.8,0.35868985967266975
IPA:220401000002:PV,Solar,400.0,,Pre-Study,0.018,38.973483,-112.319872,9/1/2029,,520.0,or:generator:4657837,,9.36,2029,38.9,-112.0,0.3282039726648701
IPA:221215000000:PV,Solar,400.0,,Pre-Study,0.018,38.991929,-112.360373,9/1/2029,,520.0,or:generator:4657839,,9.36,2029,38.9,-112.0,0.3719134847918221
IPA:211027000000:PV,Solar,275.0,,Pre-Study,0.048,39.72059,-111.952212,9/1/2029,,357.5,or:generator:4657847,,17.16,2029,39.8,-112.0,0.09268031637839313
Misty:PV,Solar,1000.0,Copia Power,Pre-Study,0.018,39.371124,-112.715676,9/1/2029,,1300.0,or:generator:4657849,,23.4,2029,39.8,-112.9,0.4668082693697675
IPA:230608000001:PV,Solar,600.0,,Pre-Study,0.018,39.45704,-112.278705,9/1/2029,,780.0,or:generator:4657852,,14.04,2029,39.8,-112.0,0.44192537676060173
IPA:230608000000:PV,Solar,400.0,,Pre-Study,0.018,38.930083,-112.41802,9/1/2029,,520.0,or:generator:4657854,,9.36,2029,38.9,-112.0,0.41910107049374024
RP Farmers Coop 1: FARM1,Solar,1.1,"RP Farmers Coop 1, LLC",Pre-Study,0.17,36.248,-120.23,9/1/2031,,1.4,or:generator:4657907,,0.238,2031,36.2,-120.1,0.1385784976105673
Radial O'Neil Tracker 1: OTRK1,Solar,1.1,"Radial O'Neil Tracker 1, LLC",Pre-Study,0.17,36.612,-119.473,9/1/2031,,1.4,or:generator:4657959,,0.238,2031,36.2,-119.2,0.49423982033016833
Radial Harris Ag 3: HAR3,Solar,1.1,"Radial Harris Ag 3, LLC",Pre-Study,0.17,37.345,-120.301,9/1/2031,,1.4,or:generator:4657977,,0.238,2031,37.1,-120.1,0.3169006153354736
TEP:173:PV,Solar,200.0,,Pre-Study,0.02,32.830174,-109.054491,9/1/2029,,260.0,or:generator:4658133,,5.2,2029,32.6,-109.3,0.33653341491893246
El Paso Electric Co:Q25-LG-6-11-1:PV,Solar,199.0,,Pre-Study,0.016,31.935334,-106.346442,12/1/2029,,258.7,or:generator:4658135,,4.1392,2029,31.7,-106.6,0.34593894102861544
El Paso Electric Co:Q25-LG-6-10-4:PV,Solar,150.0,,Pre-Study,0.016,32.240207,-107.198549,12/1/2029,,195.0,or:generator:4658137,,3.12,2029,31.7,-106.6,0.8062781829182812
El Paso Electric Co:VS90SB:PV,Solar,90.0,,Pre-Study,0.016,32.255915,-106.734893,11/1/2029,,117.0,or:generator:4658139,,1.872,2029,31.7,-106.6,0.5720468588096643
El Paso Electric Co:Ho75SB:PV,Solar,75.0,,Pre-Study,0.016,32.589493,-105.44586,12/1/2029,,97.5,or:generator:4658142,,1.56,2029,32.6,-105.7,0.25435710457740995
El Paso Electric Co:Q25-LG-5-13:PV,Solar,250.0,,Pre-Study,0.016,33.406607,-107.793048,11/1/2029,,325.0,or:generator:4658150,,5.2,2029,33.5,-108.4,0.6140952554392585
El Paso Electric Co:Q25-LG-6-10-2:PV,Solar,199.0,,Pre-Study,0.016,31.981419,-106.552968,12/1/2029,,258.7,or:generator:4658153,,4.1392,2029,31.7,-106.6,0.28532203312222243
El Paso Electric Co:Wi-Al3-199SB:PV,Solar,199.0,,Pre-Study,0.016,31.83883,-106.09812,12/1/2029,,258.7,or:generator:4658160,,4.1392,2029,31.7,-105.7,0.42163171524447013
El Paso Electric Co:LH225S:PV,Solar,225.0,,Pre-Study,0.016,32.544064,-107.618818,12/1/2030,,292.5,or:generator:4658161,,4.68,2030,32.6,-108.4,0.7831820690107774
El Paso Electric Co:Q25-LG-5-22:PV,Solar,195.0,,Pre-Study,0.016,32.30098,-106.845842,11/1/2029,,253.5,or:generator:4658164,,4.056,2029,31.7,-106.6,0.6493190659175265
6505 US Hwy 221:PV,Solar,110.0,,Studies Undergoing,0.036,33.226902,-82.301735,10/1/2029,,143.0,or:generator:4658168,,5.148,2029,33.5,-82.3,0.27310351119859033
El Paso Electric Co:AE199SB:PV,Solar,199.0,,Pre-Study,0.016,33.48918,-104.354739,12/1/2029,,258.7,or:generator:4658179,,4.1392,2029,33.5,-104.8,0.4453924455140679
El Paso Electric Co:Me195SB:PV,Solar,195.0,,Pre-Study,0.016,32.56779,-107.687801,12/1/2029,,253.5,or:generator:4658181,,4.056,2029,32.6,-108.4,0.712926994650236
Sawmill Junction:PV,Solar,120.0,,Studies Undergoing,0.032,32.240766,-83.191554,9/1/2029,,156.0,or:generator:4658186,,4.992,2029,32.6,-83.2,0.3593332738169409
MRR Solar,Solar,500.0,NextEra Energy Resources,Studies Undergoing,0.054,30.955733,-103.35833,7/1/2030,,650.0,or:generator:4658193,,35.1,2030,30.8,-103.0,0.39070853099080893
Duke:Progress_Cluster:977873:PV,Solar,75.0,,Studies Undergoing,0.159,34.591188,-79.927037,12/1/2029,,97.5,or:generator:4658202,,15.5025,2029,34.4,-79.6,0.3788219248050517
J4029,Solar,85.0,,Studies Undergoing,0.01,35.671955,-89.96253,12/1/2031,,110.5,or:generator:4658203,,1.105,2031,35.3,-90.4,0.5742216670633423
Duke:NC_Cluster:968482:PV,Solar,3.0,,Studies Undergoing,0.159,34.745164,-82.500592,8/1/2029,,3.9,or:generator:4658230,,0.6201,2029,34.4,-82.3,0.39921840809261655
Duke:NC_Cluster:977885:PV,Solar,20.0,,Studies Undergoing,0.159,34.367635,-82.249262,12/1/2029,,26.0,or:generator:4658233,,4.134,2029,34.4,-82.3,0.06018170709608906
Caesar Solar,Solar,182.0,Cypress Creek Renewables,Studies Undergoing,0.054,32.576232,-101.684827,1/1/2030,,236.6,or:generator:4658236,,12.7764,2030,32.6,-102.1,0.4158527837504478
Indigo Solar 3,Solar,800.0,Indigo solar 3,Studies Undergoing,0.054,32.534752,-100.693393,4/1/2029,,1040.0,or:generator:4658253,,56.16,2029,32.6,-100.3,0.39876729298301666
Duke:Progress_Cluster:968543:PV,Solar,4.0,,Studies Undergoing,0.159,34.377822,-79.354082,8/1/2029,,5.2,or:generator:4658261,,0.8268,2029,34.4,-79.6,0.2469160310874821
Tilton Solar,Solar,188.0,Earthrise Energy,Pre-Study,0.173,40.106206,-87.654258,11/1/2031,,244.4,or:generator:4658263,,42.2812,2031,39.8,-87.7,0.3096036902234892
Duke:Progress_Cluster:977889:PV,Solar,5.0,,Studies Undergoing,0.159,34.77766,-79.486305,12/1/2029,,6.5,or:generator:4658274,,1.0335,2029,34.4,-79.6,0.3944028760354029
Duke:NC_Cluster:968499:PV,Solar,2.0,,Studies Undergoing,0.159,34.173274,-81.954142,8/1/2029,,2.6,or:generator:4658296,,0.4134,2029,34.4,-82.3,0.41354858872929867
Duke:NC_Cluster:966893:PV,Solar,3.0,,Studies Undergoing,0.159,34.982849,-82.035301,8/1/2029,,3.9,or:generator:4658307,,0.6201,2029,35.3,-82.3,0.41309843548722563
Duke:Progress_Cluster:977879:PV,Solar,5.0,,Studies Undergoing,0.159,34.213809,-79.695506,12/1/2029,,6.5,or:generator:4658323,,1.0335,2029,34.4,-79.6,0.2092569820029917
Duke:Progress_Cluster:977272:PV,Solar,80.0,,Studies Undergoing,0.159,35.462583,-77.843941,12/1/2029,,104.0,or:generator:4658335,,16.536,2029,35.3,-77.8,0.16841628000286066
Treehouse Solar,Solar,282.0,"Treehouse Solar, LLC",Studies Undergoing,0.054,31.372573,-96.131886,1/1/2030,,366.6,or:generator:4658342,,19.7964,2030,31.7,-95.8,0.46621535509354284
Duke:Progress_Cluster:977893:PV,Solar,5.0,,Studies Undergoing,0.159,34.731643,-79.36644,12/1/2029,,6.5,or:generator:4658349,,1.0335,2029,34.4,-79.6,0.4056320414476628
Duke:Progress_Cluster:977832:PV,Solar,75.0,,Studies Undergoing,0.159,36.342442,-78.632091,12/1/2029,,97.5,or:generator:4658360,,15.5025,2029,36.2,-78.7,0.1578016338476847
J4034,Solar,70.0,,Pre-Study,0.154,39.546636,-87.501347,12/1/2031,,91.0,or:generator:4658371,,14.014,2031,39.8,-87.7,0.32195703270001996
Duke:Progress_Cluster:977892:PV,Solar,5.0,,Studies Undergoing,0.159,36.543733,-78.198948,12/1/2029,,6.5,or:generator:4658383,,1.0335,2029,36.2,-77.8,0.5266041036613782
PRI Solar,Solar,63.8,"BHER Power Resources, Inc.",Studies Undergoing,0.054,32.278208,-101.424487,1/1/2030,,83.0,or:generator:4658395,,4.482,2030,32.6,-101.2,0.392357623136087
Duke:Progress_Cluster:977894:PV,Solar,5.0,,Studies Undergoing,0.159,34.872769,-79.007576,12/1/2029,,6.5,or:generator:4658423,,1.0335,2029,35.3,-78.7,0.52643073916423
Duke:NC_Cluster:977896:PV,Solar,4.0,,Studies Undergoing,0.159,35.47347,-81.631438,12/1/2029,,5.2,or:generator:4658424,,0.8268,2029,35.3,-81.4,0.2892324130245421
Duke:Progress_Cluster:968547:PV,Solar,10.0,,Studies Undergoing,0.159,34.613921,-79.710214,8/1/2029,,13.0,or:generator:4658433,,2.067,2029,34.4,-79.6,0.24064355390701708
Gridline Solar,Solar,400.0,Big Lake Ranch LLC,Studies Undergoing,0.054,30.966365,-101.453005,1/1/2030,,520.0,or:generator:4658434,,28.08,2030,30.8,-101.2,0.30280165661700154
Duke:Progress_Cluster:977914:PV,Solar,80.0,,Studies Undergoing,0.159,34.45686,-78.815962,12/1/2029,,104.0,or:generator:4658438,,16.536,2029,34.4,-78.7,0.1291520229961542
Duke:NC_Cluster:977888:PV,Solar,5.0,,Studies Undergoing,0.159,36.332636,-79.544444,12/1/2029,,6.5,or:generator:4658473,,1.0335,2029,36.2,-79.6,0.14380117395904315
Duke:Progress_Cluster:977878:PV,Solar,3.0,,Studies Undergoing,0.159,34.132345,-79.401489,12/1/2029,,3.9,or:generator:4658488,,0.6201,2029,34.4,-79.6,0.33323537649234863
Duke:Progress_Cluster:977864:PV,Solar,5.0,,Studies Undergoing,0.159,34.060932,-79.773772,12/1/2029,,6.5,or:generator:4658492,,1.0335,2029,34.4,-79.6,0.38100369631802544
Duke:NC_Cluster:977884:PV,Solar,20.0,,Studies Undergoing,0.159,34.703361,-81.186277,12/1/2029,,26.0,or:generator:4658496,,4.134,2029,34.4,-81.4,0.3710868052760731
Duke:Progress_Cluster:977876:PV,Solar,5.0,,Studies Undergoing,0.159,33.420663,-79.780557,12/1/2029,,6.5,or:generator:4658499,,1.0335,2029,33.5,-79.6,0.1972186345607409
Duke:NC_Cluster:977127:PV,Solar,2.0,,Studies Undergoing,0.159,34.664672,-82.535976,12/1/2029,,2.6,or:generator:4658542,,0.4134,2029,34.4,-82.3,0.35459263974313693
Duke:Progress_Cluster:977121:PV,Solar,6.0,,Studies Undergoing,0.159,33.522364,-79.673412,12/1/2029,,7.8,or:generator:4658555,,1.2402,2029,33.5,-79.6,0.07674288396979118
Duke:Progress_Cluster:977895:PV,Solar,5.0,,Studies Undergoing,0.159,35.983738,-78.73865,12/1/2029,,6.5,or:generator:4658565,,1.0335,2029,36.2,-78.7,0.2196885867404142
Duke:NC_Cluster:972410:PV,Solar,2.0,,Studies Undergoing,0.159,34.381665,-82.563395,9/1/2029,,2.6,or:generator:4658591,,0.4134,2029,34.4,-82.3,0.26403238106338667
Duke:Progress_Cluster:977882:PV,Solar,75.0,,Studies Undergoing,0.159,35.132139,-78.823358,12/1/2029,,97.5,or:generator:4658636,,15.5025,2029,35.3,-78.7,0.2083134932859543
Bayou Creek Solar,Solar,255.5,Ferrovial,Studies Undergoing,0.054,28.131559,-97.777485,6/1/2029,,332.1,or:generator:4658637,,17.9334,2029,28.1,-97.6,0.1802689538051447
J4031,Solar,245.0,,Studies Undergoing,0.205,39.651871,-90.385888,11/1/2031,,318.5,or:generator:4658651,,65.2925,2031,39.8,-90.4,0.14879969484175537
J3903,Solar,185.0,,Studies Undergoing,0.082,43.57528,-92.76626,8/1/2031,,240.5,or:generator:4658666,,19.721,2031,43.4,-93.1,0.37696878650625004
Arizona Public Service:Q579:PV,Solar,100.0,,Studies Undergoing,0.191,32.982576,-111.487465,10/1/2029,,130.0,or:generator:4658695,,24.83,2029,32.6,-111.1,0.5445121871923573
Duke:Progress_Cluster:977831:PV,Solar,50.0,,Studies Undergoing,0.159,34.899336,-79.190788,12/1/2029,,65.0,or:generator:4658855,,10.335,2029,35.3,-79.6,0.5727007087825162
Duke:Progress_Cluster:968459:PV,Solar,5.0,,Studies Undergoing,0.159,34.499062,-79.869469,8/1/2029,,6.5,or:generator:4658869,,1.0335,2029,34.4,-79.6,0.2871007171795312
Soluce Cotton Solar,Solar,203.0,CS Renewables,Studies Undergoing,0.09,33.779097,-100.87984,8/1/2029,,263.9,or:generator:4659071,,23.751,2029,33.5,-101.2,0.4247323404321844
Platte River Power Authority:25‐041825:PV,Solar,50.0,,Pre-Study,0.024,40.583473,-105.490059,10/1/2029,,65.0,or:generator:4659146,,1.56,2029,40.7,-105.7,0.24011198472796272
"Associated Electric Cooperative, Inc.:GI-86:PV",Solar,100.0,,IA Executed,0.7,39.479941,-94.23989,9/1/2028,,130.0,or:generator:4659147,,91.0,2028,39.8,-94.0,0.39998121903534617
SMUD:Queue 26:PV,Solar,275.0,,Studies Undergoing,0.398,38.401206,-121.217449,8/1/2030,,357.5,or:generator:4659161,,142.285,2030,38.0,-121.0,0.4563445212084861
"Associated Electric Cooperative, Inc.:GI-91:PV",Solar,96.0,,IA Executed,0.7,39.606025,-93.688293,9/1/2028,,124.8,or:generator:4659162,,87.36,2028,39.8,-94.0,0.3671342458474787
"Associated Electric Cooperative, Inc.:GI-90:PV",Solar,100.0,,IA Executed,0.7,39.523541,-92.38471,9/1/2028,,130.0,or:generator:4659168,,91.0,2028,39.8,-92.2,0.3324866354923095
"Associated Electric Cooperative, Inc.:GI-120:PV",Solar,245.0,,IA Executed,0.7,39.412133,-92.680459,1/1/2031,,318.5,or:generator:4659172,,222.95,2031,39.8,-93.1,0.5713628097540091
Oakhurst Solar Farm:PV,Solar,200.0,,Studies Undergoing,0.052,31.215691,-84.385704,2/1/2029,,260.0,or:generator:4659358,,13.52,2029,30.8,-84.1,0.5044063670266313
Fornax,Solar,103.1,,Pre-Study,0.309,37.568181,-121.108566,12/1/2031,,134.1,or:generator:4659359,,41.4369,2031,38.0,-121.0,0.44525748182034725
Reflex,Solar,125.0,,Pre-Study,0.062,33.60618,-114.59979,1/1/2029,,162.5,or:generator:4659361,,10.075,2029,33.5,-114.7,0.14600080992926456
Nelson Hills,Solar,200.0,,Pre-Study,0.17,36.864666,-116.777726,6/1/2031,,260.0,or:generator:4659362,,44.2,2031,36.2,-116.5,0.7203558999772242
Nelson,Solar,100.0,,Pre-Study,0.17,38.828163,-115.674648,6/1/2031,,130.0,or:generator:4659363,,22.1,2031,38.9,-115.6,0.1035996065291797
Octans,Solar,103.2,,Pre-Study,0.17,36.886799,-120.654999,12/1/2031,,134.2,or:generator:4659365,,22.814,2031,37.1,-121.0,0.40556177877358784
Hacienda,Solar,156.5,,Pre-Study,0.062,34.653955,-116.214943,12/1/2030,,203.5,or:generator:4659367,,12.617,2030,34.4,-116.5,0.3817730153821764
Box,Solar,63.4,,Pre-Study,0.309,33.73843,-117.15632,1/1/2029,,82.5,or:generator:4659369,,25.4925,2029,33.5,-117.4,0.34092346252495775
PNM:SGI-PNM-2014-03:PV,Solar,10.0,,IA Executed,0.7,34.894768,-108.20656,9/1/2028,,13.0,or:generator:4659382,,9.1,2028,35.3,-108.4,0.4490345280977868
PNM:SGI-PNM-2010-13:PV,Solar,9.0,,IA Executed,0.7,32.285031,-107.816201,9/1/2028,,11.7,or:generator:4659386,,8.19,2028,32.6,-108.4,0.6633451163323674
PNM:IA-PNM-2025-06:PV,Solar,250.0,,Studies Undergoing,0.016,34.887232,-106.236105,12/1/2031,,325.0,or:generator:4659387,,5.2,2031,35.3,-106.6,0.550269927262066
PNM:SGI-PNM-2013-03:PV,Solar,9.0,,IA Executed,0.7,35.219208,-106.713188,9/1/2028,,11.7,or:generator:4659390,,8.19,2028,35.3,-106.6,0.13906426790517062
PNM:SGI-PNM-2014-01:PV,Solar,10.0,,IA Executed,0.7,34.866979,-106.696788,9/1/2028,,13.0,or:generator:4659392,,9.1,2028,35.3,-106.6,0.4437061002341502
PNM:SGI-PNM-2010-16:PV,Solar,1.0,,IA Executed,0.7,34.981489,-106.256576,9/1/2028,,1.3,or:generator:4659393,,0.91,2028,35.3,-106.6,0.46839011613930887
PNM:SGI-PNM-2014-09:PV,Solar,11.0,,IA Executed,0.7,35.063081,-106.647557,9/1/2028,,14.3,or:generator:4659394,,10.01,2028,35.3,-106.6,0.24164494782635387
PNM:IA-PNM-2025-10:PV,Solar,400.0,,Studies Undergoing,0.016,35.145299,-106.653046,10/1/2029,,520.0,or:generator:4659396,,8.32,2029,35.3,-106.6,0.16354289197944266
PNM:SGI-PNM-2010-09:PV,Solar,5.0,,IA Executed,0.7,32.821829,-105.956461,9/1/2028,,6.5,or:generator:4659398,,4.55,2028,32.6,-105.7,0.33908752522320934
PNM:IA-PNM-2025-05:PV,Solar,150.0,,Studies Undergoing,0.016,35.095255,-106.77541,1/1/2030,,195.0,or:generator:4659399,,3.12,2030,35.3,-106.6,0.26960931572369295
PNM:SGI-PNM-2010-06:PV,Solar,3.0,,IA Executed,0.7,34.953369,-106.344918,9/1/2028,,3.9,or:generator:4659403,,2.73,2028,35.3,-106.6,0.43037178913700896
PNM:IA-PNM-2025-04:PV,Solar,150.0,,Studies Undergoing,0.016,35.083585,-106.737984,9/1/2029,,195.0,or:generator:4659407,,3.12,2029,35.3,-106.6,0.2566613264225833
PNM:SGI-PNM-2010-08:PV,Solar,9.0,,IA Executed,0.7,34.500397,-106.627969,9/1/2028,,11.7,or:generator:4659414,,8.19,2028,34.4,-106.6,0.10422006798117206
PNM:IA-PNM-2015-02:PV,Solar,60.0,,IA Executed,0.7,34.716809,-106.108281,9/1/2028,,78.0,or:generator:4659416,,54.6,2028,34.4,-105.7,0.5167797571906251
PNM:SGI-PNM-2014-05:PV,Solar,10.0,,IA Executed,0.7,35.525718,-106.223025,9/1/2028,,13.0,or:generator:4659423,,9.1,2028,35.3,-106.6,0.43938453107613007
PNM:IA-PNM-2025-02:PV,Solar,199.0,,Studies Undergoing,0.016,34.620689,-106.667524,12/1/2030,,258.7,or:generator:4659429,,4.1392,2030,34.4,-106.6,0.230788052760538
PNM:SGI-PNM-2012-06:PV,Solar,9.0,,IA Executed,0.7,32.914538,-105.454338,9/1/2028,,11.7,or:generator:4659432,,8.19,2028,32.6,-105.7,0.39910396100264056
PNM:SGI-PNM-2010-11:PV,Solar,10.0,,IA Executed,0.7,35.611391,-105.132138,9/1/2028,,13.0,or:generator:4659433,,9.1,2028,35.3,-104.8,0.45528014005115636
PNM:SGI-PNM-2013-02:PV,Solar,9.0,,IA Executed,0.7,34.665603,-106.849387,9/1/2028,,11.7,or:generator:4659435,,8.19,2028,34.4,-106.6,0.3643334041479022
PNM:SGI-PNM-2012-02:PV,Solar,9.0,,IA Executed,0.7,34.65835,-106.8502,9/1/2028,,11.7,or:generator:4659437,,8.19,2028,34.4,-106.6,0.35964532876155
Radial Harris Ag 1: HAR1,Solar,1.1,Radial Harris Ag 1 LLC,Pre-Study,0.17,37.360955,-120.238,9/1/2031,,1.4,or:generator:4659507,,0.238,2031,37.1,-120.1,0.2951974119551172
Rustic Hills Solar II: RH2PV,Solar,100.0,Clenera,IA Executed,0.4,37.974259,-87.32197,8/1/2028,,130.0,or:generator:4659571,,52.0,2028,38.0,-87.7,0.37890537074711295
Barkley Creek Solar,Solar,312.4,Hanwha Renewables,Studies Undergoing,0.054,31.388123,-98.362933,2/1/2030,,406.1,or:generator:4659625,,21.9294,2030,31.7,-98.5,0.34066791104828165
"Associated Electric Cooperative, Inc.:GI-127:PV",Solar,80.0,,Studies Undergoing,0.052,39.33776,-91.71694,11/1/2029,,104.0,or:generator:4659626,,5.408,2029,38.9,-91.3,0.6045434485626332
El Paso Electric Co:Q25-LG-6-13-4:PV,Solar,200.0,,Pre-Study,0.016,32.233397,-107.846936,12/1/2029,,260.0,or:generator:4659629,,4.16,2029,32.6,-108.4,0.6635341345439664
Bonneville:G1083:PV,Solar,400.0,,Pre-Study,0.119,46.429877,-120.209501,6/1/2032,,520.0,or:generator:4659630,,61.88,2032,46.1,-120.1,0.3475763284949069
J4044,Solar,190.0,,Pre-Study,0.173,41.95775,-84.15035,2/1/2032,,247.0,or:generator:4659647,,42.731,2032,41.6,-84.1,0.36127577416704526
SR Norwood III:PV,Solar,150.0,,Studies Undergoing,0.032,33.390506,-82.704221,1/1/2030,,195.0,or:generator:4659651,,6.24,2030,33.5,-82.3,0.4187881957230947
Bonneville:G1082:PV,Solar,400.0,,Pre-Study,0.119,46.403355,-119.950549,6/1/2032,,520.0,or:generator:4659655,,61.88,2032,46.1,-120.1,0.338171343295078
Muy Grande Solar,Solar,502.7,AES,Studies Undergoing,0.054,27.265966,-98.520595,5/1/2029,,653.5,or:generator:4659660,,35.289,2029,27.2,-98.5,0.06910620218909402
Clyde:PV,Solar,600.0,Copia Power,Studies Undergoing,0.018,40.951498,-117.804631,1/1/2030,,780.0,or:generator:4659661,,14.04,2030,40.7,-117.4,0.47642154670522074
J4038,Solar,80.0,,Studies Undergoing,0.01,34.933508,-91.019572,12/1/2031,,104.0,or:generator:4659667,,1.04,2031,35.3,-91.3,0.46147182931138475
Bonneville:G1080:PV,Solar,400.0,,Pre-Study,0.119,46.605126,-120.384712,6/1/2032,,520.0,or:generator:4659668,,61.88,2032,47.0,-120.1,0.4868124883566573
Star Of Texas Solar,Solar,415.0,NextEra Energy Resources,Studies Undergoing,0.054,30.946586,-103.360136,2/1/2030,,539.5,or:generator:4659678,,29.133,2030,30.8,-103.0,0.3888256600225835
Sweetheart Solar,Solar,301.1,"Sweetheart Energy, LLC",Studies Undergoing,0.054,33.141172,-98.619251,2/1/2030,,391.5,or:generator:4659683,,21.141,2030,33.5,-98.5,0.3781247606081929
J4043,Solar,178.0,,Pre-Study,0.173,42.629942,-84.816198,2/1/2032,,231.4,or:generator:4659685,,40.0322,2032,42.5,-85.0,0.22509575422028721
NV:25-00420:PV,Solar,500.0,,Studies Undergoing,0.358,36.138591,-115.287217,1/1/2030,,650.0,or:generator:4659720,,232.7,2030,36.2,-115.6,0.3187542476109112
Bonneville:G1081:PV,Solar,400.0,,Pre-Study,0.119,46.635782,-120.577119,6/1/2032,,520.0,or:generator:4659723,,61.88,2032,47.0,-121.0,0.5581067027773489
White Wing Solar,Solar,127.4,"White Wing Solar, LLC",Studies Undergoing,0.09,34.370243,-100.089049,1/1/2030,,165.6,or:generator:4659725,,14.904,2030,34.4,-100.3,0.21303944106666586
Amphibole:PV,Solar,600.0,Copia Power,Studies Undergoing,0.018,39.692729,-119.702559,1/1/2030,,780.0,or:generator:4659742,,14.04,2030,39.8,-120.1,0.41166298828289133
J4039,Solar,200.0,,Pre-Study,0.154,40.045975,-87.091594,12/1/2031,,260.0,or:generator:4659753,,40.04,2031,39.8,-86.8,0.38148494263994576
S1114,Solar,168.8,,Pre-Study,0.173,39.56936,-90.43594,2/1/2032,,219.4,or:generator:4659761,,37.9562,2032,39.8,-90.4,0.2334234204187681
Galaxy I Solar,Solar,99.4,Pattern Energy,Studies Undergoing,0.054,32.538254,-96.730468,10/1/2029,,129.2,or:generator:4659787,,6.9768,2029,32.6,-96.7,0.06885395805616312
J4041,Solar,220.0,,Pre-Study,0.173,39.99178,-89.607192,12/1/2031,,286.0,or:generator:4659788,,49.478,2031,39.8,-89.5,0.21970364872709794
Tennessee Valley Authority:25RSC-003:PV,Solar,68.0,,Pre-Study,0.048,35.614757,-84.562956,6/1/2031,,88.4,or:generator:4805488,,4.2432,2031,35.3,-85.0,0.5385902217688326
WAPA:2024-G8:PV,Solar,200.0,,Studies Undergoing,0.159,36.273048,-115.585751,6/1/2029,,260.0,or:generator:4805495,,41.34,2029,36.2,-115.6,0.07442475599556765
J4048,Solar,110.0,,Pre-Study,0.173,43.74927,-86.339129,2/1/2032,,143.0,or:generator:4805496,,24.739,2032,43.4,-85.9,0.5610916249071962
Tennessee Valley Authority:25RSC-010:PV,Solar,140.0,,Pre-Study,0.048,36.873615,-88.737358,1/1/2031,,182.0,or:generator:4805497,,8.736,2031,37.1,-88.6,0.26479688138080837
J4059,Solar,129.0,,Studies Undergoing,0.334,44.811522,-94.143404,2/1/2032,,167.7,or:generator:4805507,,56.0118,2032,45.2,-94.0,0.41410127227528054
Tennessee Valley Authority:671:PV,Solar,75.0,,Studies Undergoing,0.095,33.820528,-88.561733,8/1/2029,,97.5,or:generator:4805508,,9.2625,2029,33.5,-88.6,0.3228042163185004
J4047,Solar,160.0,,Pre-Study,0.173,43.332583,-83.629504,2/1/2032,,208.0,or:generator:4805509,,35.984,2032,43.4,-83.2,0.4347628524897165
J4050,Solar,220.0,,Studies Undergoing,0.021,30.401963,-92.929158,3/1/2032,,286.0,or:generator:4805511,,6.006,2032,30.8,-93.1,0.4331517543921523
J4051,Solar,220.0,,Studies Undergoing,0.021,30.401963,-92.929158,3/1/2032,,286.0,or:generator:4805516,,6.006,2032,30.8,-93.1,0.4331517543921523
Tennessee Valley Authority:25RSC-006:PV,Solar,62.0,,Pre-Study,0.048,35.21037,-88.777471,1/1/2030,,80.6,or:generator:4805523,,3.8688,2030,35.3,-88.6,0.1988202523411635
J4061,Solar,150.0,,Pre-Study,0.173,41.873878,-84.327583,2/1/2032,,195.0,or:generator:4805530,,33.735,2032,41.6,-84.1,0.35609434251754474
Tennessee Valley Authority:25RSC-009:PV,Solar,250.0,,Pre-Study,0.048,35.024495,-88.880648,1/1/2031,,325.0,or:generator:4805537,,15.6,2031,35.3,-88.6,0.3932763721977169
Bonneville:G1086:PV,Solar,177.0,,Pre-Study,0.01,46.552263,-117.971979,2/1/2030,,230.1,or:generator:4805539,,2.301,2030,47.0,-118.3,0.5550371137230302
PUD No 2 of Grant County (WA):10:PV,Solar,300.0,,Studies Undergoing,0.02,47.193987,-119.347031,9/1/2030,,390.0,or:generator:5014163,,7.8,2030,47.0,-119.2,0.24341132087476844
PUD No 2 of Grant County (WA):8:PV,Solar,200.0,,Studies Undergoing,0.022,47.183583,-119.786753,7/1/2029,,260.0,or:generator:5014164,,5.72,2029,47.0,-120.1,0.3630790559891787
Brazos Bend Solar SLF,Solar,243.0,Grenergy,Studies Undergoing,0.054,31.084358,-96.691463,2/1/2030,,315.9,or:generator:5014167,,17.0586,2030,30.8,-96.7,0.28448612010606183
7L Solar SLF,Solar,71.6,Birch Creek Development,Studies Undergoing,0.054,28.541247,-99.742962,3/1/2030,,93.1,or:generator:5014174,,5.0274,2030,28.1,-99.4,0.5588576280708687
Texas Sun Solar,Solar,71.7,Pigg Grounds LLC,Studies Undergoing,0.054,29.072026,-96.554866,2/1/2030,,93.2,or:generator:5014175,,5.0328,2030,29.0,-96.7,0.16202352493388048
PUD No 2 of Grant County (WA):9:PV,Solar,300.0,,Studies Undergoing,0.02,47.300544,-119.099547,9/1/2030,,390.0,or:generator:5014177,,7.8,2030,47.0,-119.2,0.3168872057136445
Elk Ridge Solar,Solar,503.0,NextEra Energy Resources,Studies Undergoing,0.054,30.950501,-103.357051,7/1/2030,,653.9,or:generator:5014178,,35.3106,2030,30.8,-103.0,0.387473828280051
Big Field Solar,Solar,506.2,Invenergy,Studies Undergoing,0.09,34.08206,-99.151418,12/1/2029,,658.0,or:generator:5014189,,59.22,2029,34.4,-99.4,0.40358252480007056
Glass Mountain Solar 2,Solar,304.3,Apex Clean Energy,Studies Undergoing,0.054,30.952374,-103.367114,2/1/2030,,395.6,or:generator:5014196,,21.3624,2030,30.8,-103.0,0.39748021947261736
Gardner Draw 2 Solar,Solar,100.0,RWE Renewables,Studies Undergoing,0.054,32.000661,-101.277627,3/1/2030,,130.0,or:generator:5014198,,7.02,2030,31.7,-101.2,0.31052051148032045
Galaxy Solar 2,Solar,301.6,Geronimo Power,Studies Undergoing,0.054,32.448605,-97.082124,12/1/2029,,392.1,or:generator:5014199,,21.1734,2029,32.6,-96.7,0.4110221373612289
Rattlesnake Gap Solar SLF,Solar,93.0,ET Fuels US Inc.,Studies Undergoing,0.054,32.474111,-101.685964,3/1/2030,,120.9,or:generator:5014201,,6.5286,2030,32.6,-102.1,0.4327514871343561
PUD No 2 of Grant County (WA):7:PV,Solar,200.0,,Studies Undergoing,0.022,47.790185,-118.991462,5/1/2029,,260.0,or:generator:5014203,,5.72,2029,47.9,-119.2,0.2356850263996448
Glass Mountain Solar Solstice,Solar,304.0,Apex Clean Energy,Studies Undergoing,0.054,30.945898,-103.372254,2/1/2030,,395.2,or:generator:5014204,,21.3408,2030,30.8,-103.0,0.39982404494977325
Blue Spring Solar,Solar,301.0,"Flat Creek Solar, LLC",Studies Undergoing,0.054,33.006785,-99.602195,2/1/2030,,391.3,or:generator:5014211,,21.1302,2030,32.6,-99.4,0.4542651805388511
Prairie Branch Solar,Solar,301.1,Orion Renewables,Studies Undergoing,0.054,33.332071,-97.30927,3/1/2030,,391.5,or:generator:5014223,,21.141,2030,33.5,-97.6,0.33574407208616236
Glass Mountain Solar 1,Solar,304.3,Apex Clean Energy,Studies Undergoing,0.054,30.940963,-103.36464,2/1/2030,,395.6,or:generator:5014228,,21.3624,2030,30.8,-103.0,0.3909384823332127
SSM Hybrid PV and BESS Facility,Solar,324.0,,Pre-Study,0.15,46.538666,-84.325877,8/1/2029,,421.2,or:generator:5015851,,63.18,2029,46.1,-84.1,0.49340478178165553
ERAS-2025-020,Solar,400.0,,Studies Undergoing,0.32,33.003925,-103.110811,9/1/2033,,520.0,or:generator:5065225,,166.4,2033,32.6,-103.0,0.4188489982630976
ERAS-2025-015,Solar,400.0,,Studies Undergoing,0.32,37.92627,-100.972,9/1/2033,,520.0,or:generator:5065229,,166.4,2033,38.0,-101.2,0.23962494214919194
ERAS-2025-018,Solar,256.0,,Studies Undergoing,0.194,34.302695,-103.33848,9/1/2033,,332.8,or:generator:5065263,,64.5632,2033,34.4,-103.0,0.35218883205604706
ERAS-2025-005,Solar,150.0,,Studies Undergoing,0.277,35.080404,-93.44,9/1/2033,,195.0,or:generator:5065281,,54.015,2033,35.3,-93.1,0.40474980323157717
SouthernCompany:25-IC-1387:PV,Solar,92.0,,Studies Undergoing,0.052,31.92017,-84.205217,10/1/2029,,119.6,or:generator:5069990,,6.2192,2029,31.7,-84.1,0.24401935576712344
PGE:SPQ0323:PV,Solar,3.0,,Studies Undergoing,0.517,45.710359,-123.272376,12/1/2029,,3.9,or:generator:5070008,,2.0163,2029,46.1,-123.7,0.5785174105046546
PacifiCorp:OCS110:PV,Solar,1.0,,Studies Undergoing,0.095,45.525481,-122.748554,10/1/2029,,1.3,or:generator:5070010,,0.1235,2029,45.2,-122.8,0.3295217326323068
PGE:SPQ0316:PV,Solar,3.0,,Pre-Study,0.095,44.830347,-123.631334,11/1/2029,,3.9,or:generator:5070017,,0.3705,2029,45.2,-123.7,0.37597654177488343
PGE:SPQ0312:PV,Solar,3.0,,Pre-Study,0.095,45.18587,-122.863644,11/1/2029,,3.9,or:generator:5070019,,0.3705,2029,45.2,-122.8,0.06519367788366902
PGE:SPQ0331:PV,Solar,1.1,,Studies Undergoing,0.191,45.10381,-122.457961,12/1/2029,,1.4,or:generator:5070025,,0.2674,2029,45.2,-122.8,0.3553071820565971
PGE:SPQ0318:PV,Solar,6.0,,Pre-Study,0.095,44.927116,-123.229735,11/1/2029,,7.8,or:generator:5070029,,0.741,2029,45.2,-122.8,0.5090558394528143
PGE:SPQ0324:PV,Solar,10.0,,Pre-Study,0.072,44.928509,-123.110362,12/1/2029,,13.0,or:generator:5070032,,0.936,2029,45.2,-122.8,0.4123492865581328
PGE:SPQ0328:PV,Solar,12.0,,Pre-Study,0.072,45.145772,-122.651949,12/1/2029,,15.6,or:generator:5070039,,1.1232,2029,45.2,-122.8,0.15766982775724342
PGE:SPQ0330:PV,Solar,0.6,,Studies Undergoing,0.191,45.292401,-122.574035,12/1/2029,,0.8,or:generator:5070041,,0.1528,2029,45.2,-122.8,0.2441272742362068
ATLAS Solar XI: ATL11,Solar,200.0,TransGrid Energy,Pre-Study,0.062,33.553361,-113.5803,9/1/2031,,260.0,or:generator:5070072,,16.12,2031,33.5,-113.8,0.22608734223967875
Southern Springs Solar Project,Solar,105.0,Potentia Renewables,IA Executed,0.7,49.001156,-106.367496,2/1/2029,,136.5,or:generator:5070076,,95.55,2029,48.8,-106.6,0.3074440540195857
SV CSG Ottawa 1: OTTA1,Solar,3.0,SunVest Solar,Pre-Study,0.173,41.340799,-88.77689,3/1/2031,,3.9,or:generator:5070086,,0.6747,2031,41.6,-88.6,0.31380763295529057
PGE:SPQ0311:PV,Solar,6.0,,Pre-Study,0.095,45.448042,-122.346813,11/1/2029,,7.8,or:generator:5070089,,0.741,2029,45.2,-121.9,0.5110447052196037
PGE:SPQ0319:PV,Solar,12.0,,Pre-Study,0.095,45.388565,-122.669211,11/1/2029,,15.6,or:generator:5070096,,1.482,2029,45.2,-122.8,0.22948316222763931
PGE:SPQ0313:PV,Solar,12.0,,Pre-Study,0.095,44.86205,-123.215949,11/1/2029,,15.6,or:generator:5070101,,1.482,2029,45.2,-122.8,0.5359326199262343
PGE:SPQ0325:PV,Solar,9.0,,Pre-Study,0.072,44.78951,-122.985441,12/1/2029,,11.7,or:generator:5070107,,0.8424,2029,45.2,-122.8,0.45043357399399236
PGE:SPQ0326:PV,Solar,5.0,,Pre-Study,0.095,44.798936,-122.924629,12/1/2029,,6.5,or:generator:5070113,,0.6175,2029,45.2,-122.8,0.41998180881676755
PGE:SPQ0321:PV,Solar,3.0,,Studies Undergoing,0.31,45.355354,-122.228495,11/1/2029,,3.9,or:generator:5070117,,1.209,2029,45.2,-121.9,0.36337835700684173
ATLAS Solar X: ATL10,Solar,225.0,TransGrid Energy,Pre-Study,0.062,33.546706,-113.5562,9/1/2031,,292.5,or:generator:5070132,,18.135,2031,33.5,-113.8,0.24823354011091386
PGE:SPQ0322:PV,Solar,10.0,,Pre-Study,0.095,44.904783,-123.162064,12/1/2029,,13.0,or:generator:5070133,,1.235,2029,45.2,-122.8,0.46716529963708053
PGE:SPQ0314:PV,Solar,12.0,,Pre-Study,0.095,44.995319,-123.37234,11/1/2029,,15.6,or:generator:5070155,,1.482,2029,45.2,-123.7,0.3863358478849795
PGE:SPQ0327:PV,Solar,6.0,,Pre-Study,0.072,45.345286,-122.832936,12/1/2029,,7.8,or:generator:5070170,,0.5616,2029,45.2,-122.8,0.148972487030324
PGE:SPQ0315:PV,Solar,3.0,,Pre-Study,0.095,45.066191,-123.189514,11/1/2029,,3.9,or:generator:5070206,,0.3705,2029,45.2,-122.8,0.41185677689823696
SouthernCompany:25-IC-1370:PV,Solar,160.0,,Studies Undergoing,0.052,33.372,-82.7221,10/1/2029,,208.0,or:generator:5070222,,10.816,2029,33.5,-82.3,0.4410809562880723
PGE:SPQ0303:PV,Solar,5.4,,Pre-Study,0.095,45.32517,-122.170732,10/1/2029,,7.0,or:generator:5070232,,0.665,2029,45.2,-121.9,0.29826723709451686
PGE:SPQ0320:PV,Solar,6.0,,Pre-Study,0.072,45.206309,-122.938835,11/1/2029,,7.8,or:generator:5070233,,0.5616,2029,45.2,-122.8,0.13897827422298784
PGE:SPQ0317:PV,Solar,6.0,,Pre-Study,0.095,44.969251,-123.129027,11/1/2029,,7.8,or:generator:5070253,,0.741,2029,45.2,-122.8,0.40187543807752046
Duke:Progress_Cluster:981147:PV,Solar,75.0,,Pre-Study,0.08,34.444163,-80.76779,3/1/2030,,97.5,or:generator:5070294,,7.8,2030,34.4,-80.5,0.27140717505070333
Duke:Progress_Cluster:982771:PV,Solar,65.0,,Pre-Study,0.08,36.179186,-78.129753,3/1/2030,,84.5,or:generator:5070296,,6.76,2030,36.2,-77.8,0.3304092365612648
Duke:Progress_Cluster:983566:PV,Solar,145.0,,Pre-Study,0.08,34.938908,-80.203934,3/1/2030,,188.5,or:generator:5070298,,15.08,2030,35.3,-80.5,0.4669502209229558
Duke:Progress_Cluster:983673:PV,Solar,75.0,,Pre-Study,0.08,34.64453,-79.613753,3/1/2030,,97.5,or:generator:5070301,,7.8,2030,34.4,-79.6,0.24491644679155886
Tri-State G&T:GI-CS-2025-21:PV,Solar,325.0,,Studies Undergoing,0.064,37.958186,-104.753641,3/1/2030,,422.5,or:generator:5070303,,27.04,2030,38.0,-104.8,0.062430501175305
Duke:Progress_Cluster:983100:PV,Solar,75.0,,Pre-Study,0.08,36.217684,-78.739752,3/1/2030,,97.5,or:generator:5070307,,7.8,2030,36.2,-78.7,0.043507991909524854
Tri-State G&T:GI-CS-2025-23:PV,Solar,150.0,,Studies Undergoing,0.064,37.319473,-104.443298,3/1/2030,,195.0,or:generator:5070309,,12.48,2030,37.1,-104.8,0.41881346030541955
Duke:Progress_Cluster:982773:PV,Solar,80.0,,Pre-Study,0.08,35.146399,-77.06644,3/1/2030,,104.0,or:generator:5070312,,8.32,2030,35.3,-76.9,0.22648518892191719
Tri-State G&T:GI-CS-2025-09:PV,Solar,199.0,,Studies Undergoing,0.016,37.645907,-105.98303,3/1/2030,,258.7,or:generator:5070313,,4.1392,2030,38.0,-105.7,0.4533076588245529
Tri-State G&T:GI-CS-2025-22:PV,Solar,150.0,,Studies Undergoing,0.064,37.76043,-105.075,3/1/2030,,195.0,or:generator:5070314,,12.48,2030,38.0,-104.8,0.36471740416383114
Duke:Progress_Cluster:983565:PV,Solar,275.0,,Pre-Study,0.08,34.941542,-80.045715,3/1/2030,,357.5,or:generator:5070315,,28.6,2030,35.3,-79.6,0.571973774738847
Duke:Progress_Cluster:981486:PV,Solar,75.0,,Pre-Study,0.08,34.371518,-79.981814,3/1/2030,,97.5,or:generator:5070317,,7.8,2030,34.4,-79.6,0.3828748554292958
Duke:Progress_Cluster:983672:PV,Solar,80.0,,Pre-Study,0.08,34.956769,-79.444919,3/1/2030,,104.0,or:generator:5070320,,8.32,2030,35.3,-79.6,0.3766399287409605
Duke:Progress_Cluster:983734:PV,Solar,140.0,,Pre-Study,0.08,35.134855,-78.771523,3/1/2030,,182.0,or:generator:5070321,,14.56,2030,35.3,-78.7,0.1799678042150828
Duke:Progress_Cluster:983568:PV,Solar,60.0,,Pre-Study,0.08,36.2467,-78.336996,3/1/2030,,78.0,or:generator:5070324,,6.24,2030,36.2,-78.7,0.36599562021423443
Duke:Progress_Cluster:982485:PV,Solar,200.0,,Pre-Study,0.08,34.388619,-77.59914,3/1/2030,,260.0,or:generator:5070348,,20.8,2030,34.4,-77.8,0.2011821730695755
Tri-State G&T:GI-CS-2025-28:PV,Solar,110.0,,Studies Undergoing,0.064,37.727365,-102.501961,4/1/2030,,143.0,or:generator:5070350,,9.152,2030,38.0,-102.1,0.48569793982062615
Tri-State G&T:GI-CS-2025-12:PV,Solar,165.0,,Studies Undergoing,0.064,37.238123,-104.688441,3/1/2030,,214.5,or:generator:5070352,,13.728,2030,37.1,-104.8,0.1775482289689199
Duke:Progress_Cluster:982775:PV,Solar,65.0,,Pre-Study,0.08,35.083219,-77.5675,3/1/2030,,84.5,or:generator:5070353,,6.76,2030,35.3,-77.8,0.3178840228149249
Duke:Progress_Cluster:981045:PV,Solar,130.0,,Pre-Study,0.08,35.338564,-77.930556,3/1/2030,,169.0,or:generator:5070354,,13.52,2030,35.3,-77.8,0.13613247677170828
Duke:Progress_Cluster:982774:PV,Solar,50.0,,Pre-Study,0.08,35.934303,-78.0356,3/1/2030,,65.0,or:generator:5070357,,5.2,2030,36.2,-77.8,0.35510879432788484
Tri-State G&T:GI-CS-2025-10:PV,Solar,100.0,,Studies Undergoing,0.064,38.128306,-104.053826,3/1/2030,,130.0,or:generator:5070359,,8.32,2030,38.0,-103.9,0.20031192653459012
Duke:Progress_Cluster:983674:PV,Solar,75.0,,Pre-Study,0.08,35.435232,-77.354266,3/1/2030,,97.5,or:generator:5070362,,7.8,2030,35.3,-77.8,0.4657966214776595
Duke:Progress_Cluster:983675:PV,Solar,70.0,,Pre-Study,0.08,34.76109,-77.547458,3/1/2030,,91.0,or:generator:5070372,,7.28,2030,34.4,-77.8,0.4406398187454224
Duke:Progress_Cluster:983676:PV,Solar,120.0,,Pre-Study,0.08,35.11931,-77.400394,3/1/2030,,156.0,or:generator:5070380,,12.48,2030,35.3,-77.8,0.4385588117185569
J4086,Solar,120.0,,Pre-Study,0.173,41.094726,-92.579156,4/1/2032,,156.0,or:generator:5070612,,26.988,2032,40.7,-92.2,0.5473279523393584
Duke:NC_Cluster:983627:PV,Solar,44.0,,Pre-Study,0.08,34.671176,-82.441361,3/1/2030,,57.2,or:generator:5070615,,4.576,2030,34.4,-82.3,0.30580934468554616
SANBORN 5 HYBRID,Solar,560.3,,IA Executed,0.8,35.27395,-118.655692,7/1/2029,,728.4,or:generator:5070624,,582.72,2029,35.3,-118.3,0.35664464297673576
GEN-2024-079,Solar,250.0,,Studies Undergoing,0.015,33.990485,-103.886997,10/1/2032,,325.0,or:generator:5070628,,4.875,2032,34.4,-103.9,0.40972138488733956
Duke:Progress_Cluster:982242:PV,Solar,70.0,,Pre-Study,0.08,34.336534,-79.928195,3/1/2030,,91.0,or:generator:5070629,,7.28,2030,34.4,-79.6,0.3342751728456737
Duke:Progress_Cluster:983170:PV,Solar,75.0,,Pre-Study,0.08,34.373692,-79.847923,3/1/2030,,97.5,or:generator:5070632,,7.8,2030,34.4,-79.6,0.24931491089182786
Duke:NC_Cluster:983628:PV,Solar,60.0,,Pre-Study,0.08,34.67567,-81.37777,3/1/2030,,78.0,or:generator:5070641,,6.24,2030,34.4,-81.4,0.27656486002382746
Duke:NC_Cluster:982384:PV,Solar,75.0,,Pre-Study,0.08,34.093632,-82.166442,3/1/2030,,97.5,or:generator:5070648,,7.8,2030,34.4,-82.3,0.3342141391204114
Duke:Progress_Cluster:983233:PV,Solar,80.0,,Pre-Study,0.08,34.788536,-79.284234,3/1/2030,,104.0,or:generator:5070650,,8.32,2030,34.4,-79.6,0.5006679439029418
Duke:Progress_Cluster:983305:PV,Solar,75.0,,Pre-Study,0.08,34.466723,-79.604683,3/1/2030,,97.5,or:generator:5070653,,7.8,2030,34.4,-79.6,0.06688713791156284
Duke:NC_Cluster:982770:PV,Solar,40.0,,Pre-Study,0.08,34.341572,-81.444526,3/1/2030,,52.0,or:generator:5070658,,4.16,2030,34.4,-81.4,0.07346016512368501
GEN-2024-080,Solar,250.0,,Studies Undergoing,0.015,33.990485,-103.886997,10/1/2032,,325.0,or:generator:5070663,,4.875,2032,34.4,-103.9,0.40972138488733956
Chugwater Energy Project:PV,Solar,150.0,NextEra Energy Resources,IA Executed,0.7,41.740691,-104.7118,1/1/2028,,195.0,or:generator:5070680,,136.5,2028,41.6,-104.8,0.16605179156214842
Duke:NC_Cluster:983311:PV,Solar,35.0,,Pre-Study,0.08,34.755406,-82.576987,3/1/2030,,45.5,or:generator:5070689,,3.64,2030,34.4,-82.3,0.45059429979195753
Duke:Progress_Cluster:983098:PV,Solar,70.0,,Pre-Study,0.08,35.210453,-79.111604,3/1/2030,,91.0,or:generator:5070703,,7.28,2030,35.3,-78.7,0.42123214267787873
Duke:NC_Cluster:983286:PV,Solar,104.0,,Pre-Study,0.08,34.018712,-82.460078,3/1/2030,,135.2,or:generator:5070705,,10.816,2030,34.4,-82.3,0.41352811878758367
Duke:NC_Cluster:983464:PV,Solar,68.0,,Pre-Study,0.016,34.112259,-82.581578,3/1/2030,,88.4,or:generator:5070707,,1.4144,2030,34.4,-82.3,0.40259291246244766
Duke:NC_Cluster:982653:PV,Solar,48.0,,Pre-Study,0.08,34.353994,-81.614129,3/1/2030,,62.4,or:generator:5070711,,4.992,2030,34.4,-81.4,0.21901548045058314
Duke:NC_Cluster:983183:PV,Solar,60.0,,Pre-Study,0.08,35.34354,-81.928322,3/1/2030,,78.0,or:generator:5070713,,6.24,2030,35.3,-82.3,0.3742195442303917
Duke:Progress_Cluster:983590:PV,Solar,80.0,,Pre-Study,0.08,35.430617,-76.638556,3/1/2030,,104.0,or:generator:5070718,,8.32,2030,35.3,-76.9,0.29225633581670435
Duke:NC_Cluster:983181:PV,Solar,44.0,,Pre-Study,0.08,34.570113,-81.362331,3/1/2030,,57.2,or:generator:5070728,,4.576,2030,34.4,-81.4,0.17423371180687403
S1096,Solar,50.3,,Pre-Study,0.164,44.234712,-89.853707,11/1/2031,,65.4,or:generator:5070733,,10.7256,2031,44.3,-89.5,0.3596820329026728
J4070,Solar,40.0,,Pre-Study,0.173,46.289969,-100.258091,4/1/2032,,52.0,or:generator:5070737,,8.996,2032,46.1,-100.3,0.19453684803141927
Duke:Progress_Cluster:983241:PV,Solar,65.0,,Pre-Study,0.08,34.396581,-80.155957,3/1/2030,,84.5,or:generator:5070740,,6.76,2030,34.4,-80.5,0.3440599880980052
Duke:Progress_Cluster:983569:PV,Solar,75.0,,Pre-Study,0.08,34.377587,-80.668702,3/1/2030,,97.5,or:generator:5070741,,7.8,2030,34.4,-80.5,0.17018433351222054
Duke:Progress_Cluster:983629:PV,Solar,72.0,,Pre-Study,0.08,35.370391,-77.866158,3/1/2030,,93.6,or:generator:5070752,,7.488,2030,35.3,-77.8,0.09660110685183843
Duke:Progress_Cluster:983295:PV,Solar,75.0,,Pre-Study,0.08,34.758278,-79.820914,3/1/2030,,97.5,or:generator:5070754,,7.8,2030,34.4,-79.6,0.4209110602965932
J4085,Solar,42.0,,Studies Undergoing,0.41,45.9942,-87.9594,4/1/2032,,54.6,or:generator:5070763,,22.386,2032,46.1,-87.7,0.28014639030335575
J4077,Solar,45.0,,Pre-Study,0.173,46.285151,-100.25241,4/1/2032,,58.5,or:generator:5070789,,10.1205,2032,46.1,-100.3,0.19116929905452676
Duke:Progress_Cluster:983501:PV,Solar,80.0,,Pre-Study,0.08,35.118783,-79.689564,3/1/2030,,104.0,or:generator:5070800,,8.32,2030,35.3,-79.6,0.20214180959168382
J4069,Solar,169.9,,Studies Undergoing,0.403,44.995612,-89.548247,4/1/2032,,220.9,or:generator:5070823,,89.0227,2032,45.2,-89.5,0.21000530363064876
Duke:NC_Cluster:983103:PV,Solar,275.0,,Pre-Study,0.08,34.024745,-82.037296,3/1/2030,,357.5,or:generator:5070825,,28.6,2030,34.4,-82.3,0.4580717265243473
GEN-2024-140,Solar,250.0,,Studies Undergoing,0.3,42.112464,-97.660997,12/1/2033,,325.0,or:generator:5075015,,97.5,2033,42.5,-97.6,0.39230700389490614
GEN-2024-083,Solar,250.0,,Studies Undergoing,0.074,34.019273,-95.312281,10/1/2032,,325.0,or:generator:5075017,,24.05,2032,34.4,-94.9,0.5611850599312088
GEN-2024-376,Solar,142.2,,Studies Undergoing,0.262,31.353694,-93.832945,2/1/2033,,184.8,or:generator:5075018,,48.4176,2033,31.7,-94.0,0.38449345724082296
GEN-2024-068,Solar,300.0,,Studies Undergoing,0.015,33.322504,-94.708659,10/1/2032,,390.0,or:generator:5075019,,5.85,2032,33.5,-94.9,0.26099082033091214
GEN-2024-229,Solar,200.0,,Studies Undergoing,0.015,34.18502,-98.97975,2/1/2033,,260.0,or:generator:5075020,,3.9,2033,34.4,-99.4,0.47204497974240456
GEN-2024-123,Solar,120.0,,Studies Undergoing,0.074,31.924735,-94.23019,2/1/2033,,156.0,or:generator:5075021,,11.544,2033,31.7,-94.0,0.32170367782323606
GEN-2024-210,Solar,150.0,,Studies Undergoing,0.015,39.8141,-101.8004,2/1/2033,,195.0,or:generator:5075022,,2.925,2033,39.8,-102.1,0.2999316088710875
ERAS-2025-025,Solar,175.0,,Studies Undergoing,0.307,35.109365,-98.3806,9/1/2033,,227.5,or:generator:5075023,,69.8425,2033,35.3,-98.5,0.22494013253530337
GEN-2024-077,Solar,300.0,,Studies Undergoing,0.015,35.994992,-101.391994,10/1/2032,,390.0,or:generator:5075025,,5.85,2032,36.2,-101.2,0.2808735945225137
GEN-2024-154,Solar,200.0,,Studies Undergoing,0.015,35.377264,-99.719742,2/1/2033,,260.0,or:generator:5075027,,3.9,2033,35.3,-99.4,0.3289447860355809
GEN-2024-168,Solar,200.0,,Studies Undergoing,0.298,40.560619,-97.615514,12/1/2033,,260.0,or:generator:5075030,,77.48,2033,40.7,-97.6,0.14024174612789295
GEN-2024-317,Solar,300.0,,Studies Undergoing,0.015,33.93959,-100.123362,2/1/2033,,390.0,or:generator:5075031,,5.85,2033,33.5,-100.3,0.47375136004448704
GEN-2024-283,Solar,150.0,,Studies Undergoing,0.015,44.546249,-102.768661,2/1/2033,,195.0,or:generator:5075033,,2.925,2033,44.3,-103.0,0.3378702456890892
ERAS-2025-028,Solar,384.0,,Studies Undergoing,0.32,33.399971,-102.289631,9/1/2033,,499.2,or:generator:5075035,,159.744,2033,33.5,-102.1,0.2143961683472958
GEN-2024-311,Solar,225.0,,Studies Undergoing,0.015,33.170688,-104.241004,2/1/2033,,292.5,or:generator:5075036,,4.3875,2033,33.5,-103.9,0.47405708660455625
GEN-2024-273,Solar,16.2,,Studies Undergoing,0.015,32.58645,-103.51571,2/1/2033,,21.1,or:generator:5075037,,0.3165,2033,32.6,-103.9,0.3845288111442438
GEN-2024-287,Solar,199.8,,Studies Undergoing,0.175,37.651111,-94.9075,2/1/2033,,259.7,or:generator:5075038,,45.4475,2033,38.0,-94.9,0.34896960372072483
GEN-2024-153,Solar,250.0,,Studies Undergoing,0.015,35.148959,-102.1,2/1/2033,,325.0,or:generator:5075039,,4.875,2033,35.3,-102.1,0.15104099999999931
GEN-2024-209,Solar,199.0,,Studies Undergoing,0.078,39.4282,-97.0411,2/1/2033,,258.7,or:generator:5075041,,20.1786,2033,39.8,-96.7,0.5045636233419909
GEN-2024-063,Solar,256.0,,Studies Undergoing,0.015,34.166187,-102.41,10/1/2032,,332.8,or:generator:5075044,,4.992,2032,34.4,-102.1,0.3882892207736398
GEN-2024-136,Solar,400.0,,Studies Undergoing,0.015,38.486006,-100.97045,2/1/2033,,520.0,or:generator:5075045,,7.8,2033,38.9,-101.2,0.47337536325414914
GEN-2024-297,Solar,167.0,,Studies Undergoing,0.034,35.285985,-95.885553,2/1/2033,,217.1,or:generator:5075046,,7.3814,2033,35.3,-95.8,0.0866933448080115
GEN-2024-232,Solar,250.0,,Studies Undergoing,0.158,31.318021,-95.409648,2/1/2033,,325.0,or:generator:5075049,,51.35,2033,31.7,-95.8,0.5461525797293213
ERAS-2025-019,Solar,80.0,,Studies Undergoing,0.184,37.985712,-99.405085,9/1/2033,,104.0,or:generator:5075050,,19.136,2033,38.0,-99.4,0.015165888335338423
GEN-2024-072,Solar,160.0,,Studies Undergoing,0.015,39.546012,-98.096967,10/1/2032,,208.0,or:generator:5075051,,3.12,2032,39.8,-98.5,0.4763879755335924
GEN-2024-159,Solar,300.0,,Studies Undergoing,0.015,34.302695,-103.33848,2/1/2033,,390.0,or:generator:5075052,,5.85,2033,34.4,-103.0,0.35218883205604706
GEN-2024-078,Solar,300.0,,Studies Undergoing,0.015,35.994992,-101.391994,10/1/2032,,390.0,or:generator:5075053,,5.85,2032,36.2,-101.2,0.2808735945225137
GEN-2024-298,Solar,167.0,,Studies Undergoing,0.034,35.285985,-95.885553,2/1/2033,,217.1,or:generator:5075054,,7.3814,2033,35.3,-95.8,0.0866933448080115
GEN-2024-374,Solar,225.0,,Studies Undergoing,0.288,41.798172,-103.961851,2/1/2033,,292.5,or:generator:5075055,,84.24,2033,41.6,-103.9,0.20759982607169644
GEN-2024-338,Solar,350.0,,Studies Undergoing,0.015,34.365653,-96.636782,2/1/2033,,455.0,or:generator:5075056,,6.825,2033,34.4,-96.7,0.07194603486642308
GEN-2024-045,Solar,345.0,,Studies Undergoing,0.015,36.109316,-101.618994,10/1/2032,,448.5,or:generator:5075057,,6.7275,2032,36.2,-101.2,0.4286951829587064
GEN-2024-099,Solar,300.0,,Studies Undergoing,0.015,34.467269,-102.069328,2/1/2033,,390.0,or:generator:5075061,,5.85,2033,34.4,-102.1,0.07393165725858004
GEN-2024-139,Solar,250.0,,Studies Undergoing,0.211,37.651111,-94.9075,12/1/2033,,325.0,or:generator:5075062,,68.575,2033,38.0,-94.9,0.34896960372072483
GEN-2024-274,Solar,175.0,,Studies Undergoing,0.015,37.225972,-98.030357,2/1/2033,,227.5,or:generator:5075067,,3.4125,2033,37.1,-97.6,0.4484150892119934
GEN-2024-226,Solar,300.0,,Studies Undergoing,0.015,33.655988,-93.815546,2/1/2033,,390.0,or:generator:5075069,,5.85,2033,33.5,-94.0,0.2415689016823173
GEN-2024-282,Solar,150.0,,Studies Undergoing,0.015,44.546249,-102.768661,2/1/2033,,195.0,or:generator:5075071,,2.925,2033,44.3,-103.0,0.3378702456890892
GEN-2024-157,Solar,140.0,,Studies Undergoing,0.015,34.788793,-99.268776,2/1/2033,,182.0,or:generator:5075072,,2.73,2033,34.4,-99.4,0.4103409984695663
GEN-2024-055,Solar,175.0,,Studies Undergoing,0.244,38.01129,-94.374615,10/1/2032,,227.5,or:generator:5075073,,55.51,2032,38.0,-94.0,0.3747850881838875
GEN-2024-046,Solar,345.0,,Studies Undergoing,0.015,36.109316,-101.618994,10/1/2032,,448.5,or:generator:5075074,,6.7275,2032,36.2,-101.2,0.4286951829587064
GEN-2024-268,Solar,390.0,,Studies Undergoing,0.209,35.595403,-95.339999,2/1/2033,,507.0,or:generator:5075075,,105.963,2033,35.3,-94.9,0.5299641991776429
GEN-2024-158,Solar,190.0,,Studies Undergoing,0.015,34.608569,-99.26386,2/1/2033,,247.0,or:generator:5075077,,3.705,2033,34.4,-99.4,0.24906851940983016
GEN-2024-067,Solar,380.0,,Studies Undergoing,0.17,39.38008,-97.560801,10/1/2032,,494.0,or:generator:5075085,,83.98,2032,39.8,-97.6,0.4217456200140053
GEN-2024-241,Solar,100.0,,Studies Undergoing,0.132,33.43307,-94.721066,2/1/2033,,130.0,or:generator:5075086,,17.16,2033,33.5,-94.9,0.19104188351250184
GEN-2024-288,Solar,130.0,,Studies Undergoing,0.157,39.61252,-97.486944,2/1/2033,,169.0,or:generator:5075097,,26.533,2033,39.8,-97.6,0.218930147617905
GEN-2024-284,Solar,199.0,,Studies Undergoing,0.015,47.307043,-101.955608,2/1/2033,,258.7,or:generator:5075098,,3.8805,2033,47.0,-102.1,0.3392999462319425
GEN-2024-228,Solar,200.0,,Studies Undergoing,0.015,38.22221,-98.02204,2/1/2033,,260.0,or:generator:5075099,,3.9,2033,38.0,-97.6,0.4769644071626381
GEN-2024-054,Solar,120.0,,Studies Undergoing,0.3,38.800476,-92.929755,10/1/2032,,156.0,or:generator:5075100,,46.8,2032,38.9,-93.1,0.19720138590029507
GEN-2024-234,Solar,200.0,,Studies Undergoing,0.3,41.894293,-96.32039,2/1/2033,,260.0,or:generator:5075101,,78.0,2033,41.6,-96.7,0.4803250169926582
GEN-2024-056,Solar,120.0,,Studies Undergoing,0.015,36.253765,-97.157183,10/1/2032,,156.0,or:generator:5075102,,2.34,2032,36.2,-97.6,0.44606902012355865
GEN-2024-085,Solar,160.0,,Studies Undergoing,0.015,38.559444,-99.1075,10/1/2032,,208.0,or:generator:5075107,,3.12,2032,38.9,-99.4,0.4489260954054709
GEN-2024-125,Solar,400.0,,Studies Undergoing,0.26,37.4204,-96.1415,2/1/2033,,520.0,or:generator:5075109,,135.2,2033,37.1,-95.8,0.4682717266715951
GEN-2024-312,Solar,50.0,,Studies Undergoing,0.015,35.526367,-93.708275,2/1/2033,,65.0,or:generator:5075110,,0.975,2033,35.3,-94.0,0.3692499076695907
GEN-2024-296,Solar,167.0,,Studies Undergoing,0.034,35.285985,-95.885553,2/1/2033,,217.1,or:generator:5075111,,7.3814,2033,35.3,-95.8,0.0866933448080115
GEN-2024-076,Solar,130.0,,Studies Undergoing,0.3,37.845997,-95.014997,10/1/2032,,169.0,or:generator:5075117,,50.7,2032,38.0,-94.9,0.19220102501807376
GEN-2024-289,Solar,350.0,,Studies Undergoing,0.121,38.342564,-94.006736,2/1/2033,,455.0,or:generator:5075118,,55.055,2033,38.0,-94.0,0.34263022019664596
SMUD:SC1Q33:PV,Solar,250.0,,Pre-Study,0.159,38.485576,-121.154889,12/1/2030,,325.0,or:generator:5075441,,51.675,2030,38.9,-121.0,0.4424227097437432
Duke:Florida:FC100012:PV,Solar,74.9,,Studies Undergoing,0.127,30.541296,-82.719437,5/1/2029,,97.4,or:generator:5081976,,12.3698,2029,30.8,-82.3,0.49280336503011274
Duke:Florida:FC100017:PV,Solar,74.9,,Studies Undergoing,0.127,30.231387,-82.837892,5/1/2029,,97.4,or:generator:5082010,,12.3698,2029,29.9,-83.2,0.4908559334804934
Duke:Florida:FC100011:PV,Solar,74.9,,Studies Undergoing,0.127,29.715105,-82.153956,5/1/2029,,97.4,or:generator:5082062,,12.3698,2029,29.9,-82.3,0.235616236624304
Duke:Florida:FC100006:PV,Solar,74.9,,Studies Undergoing,0.127,30.61502,-83.473069,5/1/2029,,97.4,or:generator:5082065,,12.3698,2029,30.8,-83.2,0.32982461879155667
Oregon Trail Solar: OTS,Solar,41.0,Avangrid,Pre-Study,0.016,45.553436,-120.1861,9/1/2029,,53.3,or:generator:5082073,,0.8528,2029,45.2,-120.1,0.363772203578004
Duke:Florida:FC100018:PV,Solar,74.9,,Studies Undergoing,0.032,30.586494,-84.906725,5/1/2029,,97.4,or:generator:5082090,,3.1168,2029,30.8,-85.0,0.23299149697146046
AB Van Nuys: PV1,Solar,1.6,True Green Capital,Pre-Study,0.084,34.220959,-118.4768,9/1/2029,,2.1,or:generator:5082135,,0.1764,2029,34.4,-118.3,0.2516225738700709
Duke:Florida:FC100016:PV,Solar,74.9,,Studies Undergoing,0.127,30.463426,-83.10557,5/1/2029,,97.4,or:generator:5082142,,12.3698,2029,30.8,-83.2,0.3495698533569537
Duke:Florida:FC100004:PV,Solar,74.9,,Studies Undergoing,0.127,28.941446,-81.957179,5/1/2029,,97.4,or:generator:5082146,,12.3698,2029,29.0,-82.3,0.34778557899516277
San Pedro Public Market (SPPM): PV1,Solar,1.2,True Green Capital,Pre-Study,0.084,33.731297,-118.2795,9/1/2029,,1.6,or:generator:5082148,,0.1344,2029,33.5,-118.3,0.23220368689794516
High Spring Solar Energy: HSS,Solar,400.0,NextEra Energy Resources,IA Executed,0.75,35.576674,-95.65816,3/1/2028,,520.0,or:generator:5082232,,390.0,2028,35.3,-95.8,0.31091331247793247
NV:Company 193:PV,Solar,57.0,,IA Executed,0.7,36.151253,-115.120164,9/1/2028,,74.1,or:generator:5082238,,51.87,2028,36.2,-114.7,0.42298233639834226
NV:Company HP:PV,Solar,79.0,,IA Executed,0.7,40.21701,-116.621545,9/1/2028,,102.7,or:generator:5082247,,71.89,2028,39.8,-116.5,0.43436220729364033
Winston Energy:PV,Solar,400.0,EDF Renewables,IA Executed,0.7,39.135006,-119.164264,12/1/2029,,520.0,or:generator:5082267,,364.0,2029,38.9,-119.2,0.23770755505873029
NV:Company NR:PV,Solar,250.0,,IA Executed,0.7,40.524923,-120.232916,12/1/2030,,325.0,or:generator:5082273,,227.5,2030,40.7,-120.1,0.2198149653344897
NV:Company ME:PV,Solar,500.0,,IA Executed,0.7,39.061203,-119.058083,12/1/2029,,650.0,or:generator:5082287,,455.0,2029,38.9,-119.2,0.21477160449650223
NV:Company IF:PV,Solar,350.0,,IA Executed,0.7,41.811966,-117.204149,9/1/2028,,455.0,or:generator:5082293,,318.5,2028,41.6,-117.4,0.28859521714158826
Dry Lake East II:PV,Solar,200.0,NextEra Energy Resources,IA Executed,0.7,36.283457,-115.336977,9/1/2028,,260.0,or:generator:5082298,,182.0,2028,36.2,-115.6,0.2759459537264388
Southern Bighorn Solar 2: 425LM,Solar,100.0,,IA Executed,0.7,36.56117,-114.7413,5/1/2029,,130.0,or:generator:5082301,,91.0,2029,36.2,-114.7,0.36352367034348015
NV:Company 168:PV,Solar,150.0,,IA Executed,0.7,35.930548,-115.15263,9/1/2028,,195.0,or:generator:5082302,,136.5,2028,36.2,-115.6,0.5222492673082402
NV:Company 165:PV,Solar,300.0,,IA Executed,0.7,35.835151,-115.43238,9/1/2028,,390.0,or:generator:5082304,,273.0,2028,36.2,-115.6,0.40151121678105023
NV:Company MI:PV,Solar,700.0,,IA Executed,0.7,39.44382,-118.742791,9/1/2028,,910.0,or:generator:5082313,,637.0,2028,39.8,-118.3,0.5682675972471034
NV:Company IL:PV,Solar,200.0,,IA Executed,0.7,39.789464,-119.812325,9/1/2028,,260.0,or:generator:5082330,,182.0,2028,39.8,-120.1,0.287867874068983
NV:Company MN:PV,Solar,1.0,,IA Executed,0.7,39.277431,-119.5723,9/1/2028,,1.3,or:generator:5082354,,0.91,2028,38.9,-119.2,0.5301522892160306
NV:Company MG:PV,Solar,170.0,,IA Executed,0.7,40.978827,-117.736585,9/1/2028,,221.0,or:generator:5082368,,154.7,2028,40.7,-117.4,0.43707431651150525
NV:Company MW:PV,Solar,400.0,,IA Executed,0.7,38.998018,-115.127492,12/1/2030,,520.0,or:generator:5082377,,364.0,2030,38.9,-114.7,0.43858515522986113
NV:Company 174:PV,Solar,100.0,,IA Executed,0.7,36.603635,-114.344797,9/1/2028,,130.0,or:generator:5082378,,91.0,2028,36.2,-114.7,0.5376712605616907
NV:Company LW:PV,Solar,550.0,,IA Executed,0.7,38.415978,-118.673145,12/1/2029,,715.0,or:generator:5082392,,500.5,2029,38.9,-118.3,0.6111583162397466
NV:Company MH:PV,Solar,300.0,,IA Executed,0.7,39.48757,-118.616272,9/1/2028,,390.0,or:generator:5082393,,273.0,2028,39.8,-118.3,0.4445677483623819
NV:Company LX:PV,Solar,400.0,,IA Executed,0.7,38.530642,-118.616409,12/1/2029,,520.0,or:generator:5082405,,364.0,2029,38.9,-118.3,0.48635376779151546
Coyote Springs I:PA,Solar,600.0,Estuary Power,IA Executed,0.7,36.997674,-114.893084,5/1/2029,,780.0,or:generator:5082407,,546.0,2029,37.1,-114.7,0.21852240464537992
NV:Company HL:PV,Solar,100.0,,IA Executed,0.7,40.630996,-116.950257,9/1/2028,,130.0,or:generator:5082408,,91.0,2028,40.7,-117.4,0.45500584398995464
NV:Company 147:PV,Solar,82.0,,IA Executed,0.7,35.853899,-115.693405,9/1/2028,,106.6,or:generator:5082412,,74.62,2028,36.2,-115.6,0.3584834671585342
NV:Company LG:PV,Solar,200.0,,IA Executed,0.7,38.881907,-119.167701,12/1/2029,,260.0,or:generator:5082420,,182.0,2029,38.9,-119.2,0.037021372881088456
NV:Company KR:PV,Solar,300.0,,IA Executed,0.7,38.909126,-115.059442,12/1/2028,,390.0,or:generator:5082428,,273.0,2028,38.9,-114.7,0.35955783295598087
NV:Company NS:PV,Solar,300.0,,IA Executed,0.7,40.489363,-116.534748,11/1/2029,,390.0,or:generator:5082435,,273.0,2029,40.7,-116.5,0.21348388527709034
NV:Company 140:PV,Solar,100.0,,IA Executed,0.7,36.149255,-115.166122,9/1/2028,,130.0,or:generator:5082437,,91.0,2028,36.2,-115.6,0.4368354082592143
NV:Company MB:PV,Solar,300.0,,IA Executed,0.7,39.483304,-115.075232,12/1/2028,,390.0,or:generator:5082439,,273.0,2028,39.8,-114.7,0.4910146741595386
NV:Company IA:PV,Solar,120.0,,IA Executed,0.7,40.766204,-119.409587,9/1/2028,,156.0,or:generator:5082454,,109.2,2028,40.7,-119.2,0.21979463183844933
NV:Company JK:PV,Solar,500.0,,IA Executed,0.7,39.51548,-118.97234,9/1/2028,,650.0,or:generator:5082460,,455.0,2028,39.8,-119.2,0.36439086980878155
NV:Company JE:PV,Solar,125.0,,IA Executed,0.7,39.480911,-118.811534,9/1/2028,,162.5,or:generator:5082465,,113.75,2028,39.8,-119.2,0.5027162450896183
NV:Company HK:PV,Solar,70.0,,IA Executed,0.7,40.506261,-116.691919,9/1/2028,,91.0,or:generator:5082488,,63.7,2028,40.7,-116.5,0.27270442365682257
NV:Company NB:PV,Solar,350.0,,IA Executed,0.7,39.265351,-114.843791,12/1/2030,,455.0,or:generator:5082489,,318.5,2030,38.9,-114.7,0.39262858388303945
NV:Company JI:PV,Solar,400.0,,IA Executed,0.7,40.150257,-119.954252,9/1/2028,,520.0,or:generator:5082490,,364.0,2028,39.8,-120.1,0.37937111850140054
NV:Company LK:PV,Solar,200.0,,IA Executed,0.7,38.748507,-119.00744,12/1/2029,,260.0,or:generator:5082499,,182.0,2029,38.9,-119.2,0.24500914809247581
NV:Company KN:PV,Solar,250.0,,IA Executed,0.7,41.77539,-118.23877,9/1/2028,,325.0,or:generator:5082504,,227.5,2028,41.6,-118.3,0.18577073235577077
NV:Company MK:PV,Solar,200.0,,IA Executed,0.7,39.357358,-119.389731,12/1/2029,,260.0,or:generator:5082544,,182.0,2029,39.8,-119.2,0.4815908974690006
NV:Company IG:PV,Solar,150.0,,IA Executed,0.7,41.239372,-117.645052,9/1/2028,,195.0,or:generator:5082547,,136.5,2028,41.6,-117.4,0.43600806998036107
NV:Company MA:PV,Solar,300.0,,IA Executed,0.7,39.068562,-114.456712,12/1/2028,,390.0,or:generator:5082555,,273.0,2028,38.9,-114.7,0.29597668622376966
Duke:Florida:FC100015:PV,Solar,74.9,,Studies Undergoing,0.127,30.365691,-82.739014,5/1/2029,,97.4,or:generator:5083080,,12.3698,2029,30.8,-82.3,0.617541577286096
PGE:SPQ0338:PV,Solar,1.0,,Studies Undergoing,0.191,44.752639,-122.497285,3/1/2030,,0.0,or:generator:5083092,,0.0,2030,45.2,-122.8,0.5401557511921871
PGE:SPQ0335:PV,Solar,8.0,,Studies Undergoing,0.215,45.255853,-122.938193,3/1/2030,,10.4,or:generator:5083097,,2.236,2030,45.2,-122.8,0.1490532215619649
IPA:250809000000:PV,Solar,345.0,,Pre-Study,0.048,39.494793,-111.877796,2/1/2030,,448.5,or:generator:5083109,,21.528,2030,39.8,-112.0,0.32876303086721376
PGE:SPQ0337:PV,Solar,5.0,,Studies Undergoing,0.215,44.751344,-123.141288,3/1/2030,,6.5,or:generator:5083110,,1.3975,2030,45.2,-122.8,0.5637106574121192
Duke:Florida:FC100010:PV,Solar,74.9,,Studies Undergoing,0.127,29.827032,-82.27379,5/1/2029,,97.4,or:generator:5083112,,12.3698,2029,29.9,-82.3,0.07753252945699306
Duke:Florida:FC100001:PV,Solar,74.5,,Studies Undergoing,0.127,29.233768,-82.886908,12/1/2029,,96.9,or:generator:5083114,,12.3063,2029,29.0,-83.2,0.3907353046347348
PGE:SPQ0341:PV,Solar,16.0,,Studies Undergoing,0.191,45.311047,-122.542749,4/1/2030,,20.8,or:generator:5083117,,3.9728,2030,45.2,-122.8,0.28019549105936387
Duke:Florida:FC100005:PV,Solar,74.9,,Studies Undergoing,0.127,27.628038,-81.408454,5/1/2029,,97.4,or:generator:5083130,,12.3698,2029,27.2,-81.4,0.42812147757383145
Duke:Florida:FC100007:PV,Solar,74.9,,Studies Undergoing,0.127,30.458447,-83.433415,5/1/2029,,97.4,or:generator:5083154,,12.3698,2029,30.8,-83.2,0.41369193131362597
ERAS-2025-032,Solar,150.0,,Studies Undergoing,0.194,37.948695,-98.787272,9/1/2033,,195.0,or:generator:5083530,,37.83,2033,38.0,-98.5,0.29181741724749877
J4101,Solar,71.0,,Studies Undergoing,0.021,42.855864,-88.729467,4/1/2032,,92.3,or:generator:5083531,,1.9383,2032,42.5,-88.6,0.3786831004745249
J4158,Solar,100.0,,Pre-Study,0.173,40.052383,-88.97486,4/1/2032,,130.0,or:generator:5083551,,22.49,2032,39.8,-88.6,0.4519039702071782
J4150,Solar,42.2,,Studies Undergoing,0.021,41.196032,-94.721899,4/1/2032,,54.9,or:generator:5083553,,1.1529,2032,41.6,-94.9,0.44148625258891533
J4151,Solar,225.0,,Studies Undergoing,0.333,44.45724,-95.410032,4/1/2032,,292.5,or:generator:5083569,,97.4025,2032,44.3,-95.8,0.42047527706631865
J4124,Solar,100.0,,Studies Undergoing,0.021,30.985618,-95.126981,2/1/2032,,130.0,or:generator:5083585,,2.73,2032,30.8,-94.9,0.2932139428557193
J4170,Solar,172.0,,Pre-Study,0.173,46.275389,-96.657728,4/1/2032,,223.6,or:generator:5083607,,38.6828,2032,46.1,-96.7,0.18041126158030765
S1125,Solar,400.0,,Pre-Study,0.173,35.030247,-90.255373,4/1/2032,,520.0,or:generator:5083610,,89.96,2032,35.3,-90.4,0.30607784979968233
J4102,Solar,539.0,,Pre-Study,0.173,42.004219,-85.795852,4/1/2032,,700.7,or:generator:5083619,,121.2211,2032,41.6,-85.9,0.4174204186009592
J4148,Solar,245.0,,Studies Undergoing,0.41,46.666964,-96.378431,4/1/2032,,318.5,or:generator:5083623,,130.585,2032,47.0,-96.7,0.462946648175573
ERAS-2025-030,Solar,350.0,,Studies Undergoing,0.32,33.3712,-104.3008,9/1/2033,,455.0,or:generator:5083631,,145.6,2033,33.5,-103.9,0.42098703067908305
J4127,Solar,100.0,,Studies Undergoing,0.021,45.238,-91.881,3/1/2032,,130.0,or:generator:5083632,,2.73,2032,45.2,-92.2,0.3212553501500036
J4088,Solar,340.0,,Studies Undergoing,0.021,34.887008,-91.043831,4/1/2032,,442.0,or:generator:5083633,,9.282,2032,35.3,-91.3,0.4859886301396323
J4097,Solar,71.5,,Studies Undergoing,0.41,42.843647,-89.111774,4/1/2032,,93.0,or:generator:5083639,,38.13,2032,42.5,-89.5,0.518471491680112
J4092,Solar,200.0,,Pre-Study,0.173,30.680844,-93.241156,4/1/2032,,260.0,or:generator:5083647,,44.98,2032,30.8,-93.1,0.18472457517071927
S1120,Solar,150.0,,Pre-Study,0.173,38.692248,-87.288472,3/1/2032,,195.0,or:generator:5083653,,33.735,2032,38.9,-87.7,0.4609947811938906
J4130,Solar,110.0,,Studies Undergoing,0.365,44.611473,-92.05056,3/1/2032,,143.0,or:generator:5083654,,52.195,2032,44.3,-92.2,0.3454674273053817
J4147,Solar,245.0,,Studies Undergoing,0.41,46.69644,-96.378431,4/1/2032,,318.5,or:generator:5083684,,130.585,2032,47.0,-96.7,0.4422163445204126
J4152,Solar,250.0,,Pre-Study,0.173,44.457433,-95.143497,4/1/2032,,325.0,or:generator:5083708,,56.225,2032,44.3,-94.9,0.2899585116839941
J4169,Solar,6.0,,Studies Undergoing,0.41,45.9942,-87.9594,4/1/2032,,7.8,or:generator:5083709,,3.198,2032,46.1,-87.7,0.28014639030335575
Solgen Solar,Solar,160.2,Lampasas Hybrid Energy,Studies Undergoing,0.054,31.225133,-98.162112,10/1/2029,,208.3,or:generator:5137843,,11.2482,2029,30.8,-98.5,0.5430528226913138
Spurland Solar II,Solar,201.6,Zelestra,Studies Undergoing,0.09,33.330881,-100.954074,4/1/2030,,262.1,or:generator:5137847,,23.589,2030,33.5,-101.2,0.2984641245392808
Paintbrush PV1,Solar,251.5,Renew Development,Studies Undergoing,0.054,31.535498,-99.195763,10/1/2031,,327.0,or:generator:5137850,,17.658,2031,31.7,-99.4,0.26224732634099845
Roan Solar Phase 2,Solar,205.9,Pine Gate Renewables,Studies Undergoing,0.054,31.865609,-100.776683,4/1/2030,,267.7,or:generator:5137854,,14.4558,2030,31.7,-101.2,0.4545587127863656
Radiant Plains Energy Center  Solar,Solar,100.0,Adapture Renewables,Studies Undergoing,0.054,29.689307,-96.779022,12/1/2029,,130.0,or:generator:5137856,,7.02,2029,29.9,-96.7,0.22502448029714192
Roan Solar Phase 1,Solar,205.9,Pine Gate Renewables,Studies Undergoing,0.054,31.876339,-100.782295,4/1/2030,,267.7,or:generator:5137857,,14.4558,2030,31.7,-101.2,0.4534014886896592
Paintbrush PV2,Solar,251.5,Renew Development,Studies Undergoing,0.054,31.540038,-99.187255,10/1/2031,,327.0,or:generator:5137867,,17.658,2031,31.7,-99.4,0.2661733954943757
Paintbrush PV3,Solar,251.5,Renew Development,Studies Undergoing,0.18,31.534395,-99.200376,10/1/2032,,327.0,or:generator:5137868,,58.86,2032,31.7,-99.4,0.2593737793243561
Reunion Solar,Solar,600.9,Geronimo Power,Studies Undergoing,0.09,34.380805,-100.088624,9/1/2029,,781.2,or:generator:5137871,,70.308,2029,34.4,-100.3,0.21224575708597906
Grayback Solar,Solar,221.8,"Grayback Solar, LLC",Studies Undergoing,0.09,34.08082,-99.136774,5/1/2030,,288.4,or:generator:5137879,,25.956,2030,34.4,-99.4,0.413719469539444
Paintbrush PV4,Solar,251.5,Renew Development,Studies Undergoing,0.18,31.531347,-99.199002,10/1/2032,,327.0,or:generator:5137886,,58.86,2032,31.7,-99.4,0.26238145973563903
Spurland Solar I,Solar,302.1,Zelestra,Studies Undergoing,0.09,33.329969,-100.951265,4/1/2030,,392.7,or:generator:5137887,,35.343,2030,33.5,-101.2,0.301296600023961
Cenizo Solar,Solar,301.4,Clearway Energy,Studies Undergoing,0.054,27.335445,-99.406314,5/1/2030,,391.8,or:generator:5137891,,21.1572,2030,27.2,-99.4,0.13559208907971015
Chimney Creek Solar,Solar,203.9,Nadara,Studies Undergoing,0.054,32.640329,-99.542631,5/1/2030,,265.0,or:generator:5137893,,14.31,2030,32.6,-99.4,0.1482229078179159
Aquila Solar,Solar,500.0,Ben Milam Solar 5,Studies Undergoing,0.054,30.897134,-96.737358,5/1/2030,,650.0,or:generator:5137894,,35.1,2030,30.8,-96.7,0.10407033256408818
Pease River Solar: 58441,Solar,300.0,OCI Energy,Studies Undergoing,0.09,33.991957,-99.69277,5/1/2030,,390.0,or:generator:5137895,,35.1,2030,34.4,-99.4,0.5022084853414901
Soluce Bravo Solar,Solar,80.8,CS Renewables,Studies Undergoing,0.054,31.543182,-99.188752,9/1/2029,,105.1,or:generator:5137901,,5.6754,2029,31.7,-99.4,0.2630923842075332
Bunting Solar Project,Solar,126.1,H4 Solar Project LLC,Studies Undergoing,0.054,28.845266,-99.183213,3/1/2030,,163.9,or:generator:5137902,,8.8506,2030,29.0,-99.4,0.26634416480374606
Sawtooth Solar,Solar,201.4,"Sawtooth Solar, LLC",Studies Undergoing,0.054,31.888392,-99.84745,8/1/2030,,261.8,or:generator:5137917,,14.1372,2030,31.7,-99.4,0.4854925830164561
Velveteen Solar I,Solar,502.2,Zelestra,Studies Undergoing,0.09,33.640626,-99.420463,6/1/2030,,652.9,or:generator:5145532,,58.761,2030,33.5,-99.4,0.14210702391155397
Spectra Solar,Solar,1200.0,SB Energy,IA Executed,0.8,32.581535,-100.920734,6/1/2030,,1560.0,or:generator:5145533,,1248.0,2030,32.6,-101.2,0.2798757849136002
Two Step Solar,Solar,402.1,"Two Step Solar, LLC",Studies Undergoing,0.054,32.449221,-97.078462,6/1/2030,,522.7,or:generator:5145534,,28.2258,2030,32.6,-96.7,0.4073914484681769
Maratua Solar,Solar,100.5,Invenergy,Studies Undergoing,0.054,30.519393,-96.072451,3/1/2030,,130.7,or:generator:5145537,,7.0578,2030,30.8,-95.8,0.3911135843332496
Bonneville:G1087:PV,Solar,500.0,,Pre-Study,0.01,46.536095,-120.300532,12/1/2031,,650.0,or:generator:5145542,,6.5,2031,46.1,-120.1,0.47999159581080725
J4188,Solar,140.0,,Studies Undergoing,0.021,30.667599,-93.344822,4/1/2032,,182.0,or:generator:5145559,,3.822,2032,30.8,-93.1,0.2783304447684443
Velveteen Solar II,Solar,300.9,Zelestra,Studies Undergoing,0.09,33.652187,-99.425166,6/1/2030,,391.2,or:generator:5145560,,35.208,2030,33.5,-99.4,0.15425372126791392
Zunkerville Solar,Solar,200.7,"Zunkerville Energy, LLC",Studies Undergoing,0.054,28.738427,-98.015678,6/1/2030,,260.9,or:generator:5145561,,14.0886,2030,29.0,-97.6,0.4911299563384411
Peach Creek Solar,Solar,300.0,Acciona,Studies Undergoing,0.054,29.193905,-95.993999,9/1/2029,,390.0,or:generator:5145571,,21.06,2029,29.0,-95.8,0.2742895569029239
Dilley Solar,Solar,200.7,Aggreko,Studies Undergoing,0.054,28.675082,-99.197952,6/1/2030,,260.9,or:generator:5145572,,14.0886,2030,29.0,-99.4,0.38261612750641094
Main Horn Solar: 69363,Solar,100.0,Main Horn Solar LLC,Studies Undergoing,0.054,31.984498,-96.36558,6/1/2030,,130.0,or:generator:5145574,,7.02,2030,31.7,-96.7,0.43906246526434634
Lytton Springs Solar,Solar,55.3,SMT Lytton Springs LLC,Studies Undergoing,0.054,30.010044,-97.672234,6/1/2030,,71.9,or:generator:5145575,,3.8826,2030,29.9,-97.6,0.13163370651927156
Miller Bend Energy Solar,Solar,531.7,Miller Bend Energy,Studies Undergoing,0.054,33.142151,-98.616737,6/1/2030,,691.2,or:generator:5145579,,37.3248,2030,33.5,-98.5,0.3764085997556396
Oak Belt Solar,Solar,181.0,Zelestra,Studies Undergoing,0.054,28.86368,-96.849022,6/1/2030,,235.3,or:generator:5145586,,12.7062,2030,29.0,-96.7,0.20196707376203932
PacifiCorp:FT031:PV,Solar,1.0,,Studies Undergoing,0.01,42.679417,-122.04423,6/1/2030,,1.3,or:generator:5145605,,0.013,2030,42.5,-121.9,0.23020154818983804
AG2-406,Solar,11.0,EDP Renewables,Studies Undergoing,0.225,41.125085,-84.734268,1/1/2030,,14.3,or:generator:5145662,,3.2175,2030,40.7,-85.0,0.5013090394646762
AG2-479,Solar,4.1,Lightsource BP,Studies Undergoing,0.3,40.814388,-77.015844,1/1/2030,,5.3,or:generator:5145683,,1.59,2030,40.7,-76.9,0.1628018638713899
AG2-487,Solar,10.6,,Studies Undergoing,0.225,40.045227,-85.410988,1/1/2030,,13.8,or:generator:5145689,,3.105,2030,39.8,-85.0,0.47858898615931666
AH1-304,Solar,9.8,,Studies Undergoing,0.225,40.08793,-85.544596,1/1/2030,,12.7,or:generator:5145696,,2.8575,2030,39.8,-85.9,0.4574010145550694
AH1-305,Solar,35.7,,Studies Undergoing,0.075,41.11339,-86.729558,1/1/2030,,46.4,or:generator:5145726,,3.48,2030,40.7,-86.8,0.41934874205605976
AG2-125,Solar,15.4,Open Road Renewables,Studies Undergoing,0.225,39.698921,-84.639819,1/1/2030,,20.1,or:generator:5145740,,4.5225,2030,39.8,-85.0,0.37409533143571533
AG2-401,Solar,44.0,,Studies Undergoing,0.225,40.005298,-84.897913,1/1/2030,,57.2,or:generator:5145753,,12.87,2030,39.8,-85.0,0.229279358802754
Cottontail Solar 2,Solar,0.1,Lightsource BP,Studies Undergoing,0.3,39.989973,-76.73523,1/1/2030,,0.1,or:generator:5145758,,0.03,2030,39.8,-76.9,0.25147344517662723
AH1-328,Solar,21.3,,Studies Undergoing,0.225,40.303018,-83.740387,1/1/2030,,27.7,or:generator:5145810,,6.2325,2030,40.7,-84.1,0.5356456086751744
AG2-481,Solar,4.1,Lightsource BP,Studies Undergoing,0.3,40.92209,-76.840696,1/1/2030,,5.3,or:generator:5145870,,1.59,2030,40.7,-76.9,0.22987155656148253
AG2-405,Solar,11.0,,Studies Undergoing,0.225,40.905445,-84.385485,1/1/2030,,14.3,or:generator:5145886,,3.2175,2030,40.7,-84.1,0.3517233760357758
AH1-306,Solar,28.8,,Studies Undergoing,0.225,40.591419,-85.618145,1/1/2030,,37.4,or:generator:5145888,,8.415,2030,40.7,-85.9,0.3020464775262316
Cottontail Solar 8,Solar,0.5,Lightsource BP,Studies Undergoing,0.3,39.777132,-76.789483,1/1/2030,,0.7,or:generator:5146027,,0.21,2030,39.8,-76.9,0.11285810876051455
AH1-311,Solar,2.3,Invenergy,Studies Undergoing,0.21,35.879435,-77.645271,1/1/2030,,2.9,or:generator:5146043,,0.609,2030,36.2,-77.8,0.3559536243192395
Cottontail Solar 1,Solar,0.5,Lightsource BP,Studies Undergoing,0.3,39.874757,-76.382089,1/1/2030,,0.7,or:generator:5146076,,0.21,2030,39.8,-76.0,0.38933354976163537
AG2-484,Solar,4.6,Lightsource BP,Studies Undergoing,0.3,40.681187,-77.121667,1/1/2030,,6.0,or:generator:5146087,,1.8,2030,40.7,-76.9,0.22246390237069588
AH1-327,Solar,8.4,Invenergy,Studies Undergoing,0.225,40.619502,-83.464646,1/1/2030,,11.0,or:generator:5146098,,2.475,2030,40.7,-83.2,0.2766178470742631
AH1-292,Solar,44.0,,Studies Undergoing,0.09,38.903103,-87.458025,1/1/2030,,57.2,or:generator:5146156,,5.148,2030,38.9,-87.7,0.24199489505772293
AG2-216,Solar,25.9,,Studies Undergoing,0.225,40.20197,-83.770679,1/1/2030,,33.7,or:generator:5146206,,7.5825,2030,39.8,-84.1,0.5196462276789855
AG2-124,Solar,33.3,,Studies Undergoing,0.21,37.637542,-76.719878,1/1/2030,,43.3,or:generator:5146252,,9.093,2030,38.0,-76.9,0.40474650912392274
NV:25N-SG6:PV,Solar,19.0,,Studies Undergoing,0.358,39.210539,-119.651487,4/1/2030,,24.7,or:generator:5146349,,8.8426,2030,38.9,-120.1,0.5455257846243304
GEN-2024-032,Solar,250.0,,Studies Undergoing,0.015,37.199399,-101.3749,10/1/2032,,325.0,or:generator:5147843,,4.875,2032,37.1,-101.2,0.20117199407720124
Muon: PV,Solar,1150.0,,Pre-Study,0.17,36.216713,-120.59649,9/1/2028,,1495.0,or:generator:5147845,,254.15,2028,36.2,-121.0,0.4038559699558712
GEN-2024-316,Solar,300.0,,Studies Undergoing,0.015,34.577331,-95.736723,2/1/2033,,390.0,or:generator:5147849,,5.85,2033,34.4,-95.8,0.1882824003724213
GEN-2024-038,Solar,300.0,,Studies Undergoing,0.015,40.3567,-95.852886,10/1/2032,,390.0,or:generator:5147850,,5.85,2032,40.7,-95.8,0.3473497070619241
GEN-2024-025,Solar,300.0,,Studies Undergoing,0.092,33.43307,-94.721066,10/1/2032,,390.0,or:generator:5147860,,35.88,2032,33.5,-94.9,0.19104188351250184
GEN-2024-039,Solar,250.0,,Studies Undergoing,0.015,40.284811,-95.926478,10/1/2032,,325.0,or:generator:5147862,,4.875,2032,40.7,-95.8,0.4340260248015155
GEN-2024-040,Solar,174.0,,Studies Undergoing,0.068,40.471589,-95.793722,10/1/2032,,226.2,or:generator:5147865,,15.3816,2032,40.7,-95.8,0.22849726082603378
ERAS-2025-033,Solar,150.0,,Studies Undergoing,0.32,37.731965,-99.950871,9/1/2033,,195.0,or:generator:5147876,,62.4,2033,38.0,-100.3,0.4401520417605628
GEN-2024-030,Solar,150.0,,Studies Undergoing,0.015,37.810187,-100.505825,10/1/2032,,195.0,or:generator:5147889,,2.925,2032,38.0,-100.3,0.2799873311312534
Duke:Florida:FC100384:PV,Solar,75.0,,Studies Undergoing,0.127,30.132598,-82.795911,6/1/2030,,97.5,or:generator:5149077,,12.3825,2030,29.9,-83.2,0.46625073675545076
Duke:Florida:FC100383:PV,Solar,75.0,,Studies Undergoing,0.032,30.385116,-84.978142,6/1/2030,,97.5,or:generator:5149079,,3.12,2030,30.8,-85.0,0.4154593910600654
Bonneville:G1088:PV,Solar,386.0,,Pre-Study,0.01,45.876314,-119.205371,12/1/2031,,501.8,or:generator:5149080,,5.018,2031,46.1,-119.2,0.22375047315480762
Bonneville:G1089:PV,Solar,150.0,,Pre-Study,0.012,45.53145,-118.484419,12/1/2030,,195.0,or:generator:5149083,,2.34,2030,45.2,-118.3,0.379301291931625
Duke:Florida:FC100385:PV,Solar,75.0,,Studies Undergoing,0.127,30.388939,-82.95411,6/1/2030,,97.5,or:generator:5149109,,12.3825,2030,30.8,-83.2,0.47899168867632924
Duke:Florida:193 19870:PV,Solar,70.0,,Studies Undergoing,0.127,29.240281,-82.679436,5/1/2029,,91.0,or:generator:5149121,,11.557,2029,29.0,-82.3,0.4491176205149365
Duke:Florida:218 20330:PV,Solar,75.0,,Studies Undergoing,0.127,30.042961,-82.94058,5/1/2029,,97.5,or:generator:5149124,,12.3825,2029,29.9,-83.2,0.2962036190207724
Duke:Florida:269 45980:PV,Solar,75.0,,Studies Undergoing,0.127,29.239165,-82.102264,5/1/2029,,97.5,or:generator:5149130,,12.3825,2029,29.0,-82.3,0.3103214831767158
Duke:Florida:284 74588:PV,Solar,75.0,,Studies Undergoing,0.127,29.519434,-82.531329,5/1/2029,,97.5,or:generator:5149131,,12.3825,2029,29.9,-82.3,0.44535781860993495
Duke:Florida:236 24057:PV,Solar,75.0,,Studies Undergoing,0.032,30.550489,-84.766701,5/1/2029,,97.5,or:generator:5149135,,3.12,2029,30.8,-85.0,0.34159063588160904
Duke:Florida:237 24059:PV,Solar,75.0,,Studies Undergoing,0.127,28.288318,-82.143669,5/1/2029,,97.5,or:generator:5149140,,12.3825,2029,28.1,-82.3,0.24475099731154895
Rising Star Solar: 3572,Solar,500.0,NextEra Energy Resources,Pre-Study,0.054,26.382105,-98.61544,4/1/2029,,650.0,or:generator:5153316,,35.1,2029,26.3,-98.5,0.14166024362890703
Sinnissippi Solar Energy: SNSPI,Solar,100.0,Invenergy,Pre-Study,0.164,43.12592,-88.67098,3/1/2031,,130.0,or:generator:5153322,,21.32,2031,43.4,-88.6,0.2831218938902459
Peach Wood Solar: 74964,Solar,261.0,OCI Energy,Pre-Study,0.016,31.343419,-84.21269,12/1/2030,,339.3,or:generator:5153373,,5.4288,2030,31.7,-84.1,0.3739639630512532
Triune Solar: 16777,Solar,100.0,OCI Energy,Pre-Study,0.074,30.996927,-95.12384,3/1/2031,,130.0,or:generator:5153398,,9.62,2031,30.8,-94.9,0.2981351856607964
Deep Space Solar: 60215,Solar,300.0,OCI Energy,Pre-Study,0.032,38.402141,-103.286,12/1/2030,,390.0,or:generator:5153433,,12.48,2030,38.0,-103.0,0.49347075281216113
Landshark Energy Generation Facility: 11767,Solar,160.0,OCI Energy,Pre-Study,0.069,33.898797,-89.14577,3/1/2031,,208.0,or:generator:5153439,,14.352,2031,33.5,-89.5,0.5334022310686395
Lion Solar: 99757,Solar,200.0,OCI Energy,Pre-Study,0.026,34.324581,-91.9253,3/1/2031,,260.0,or:generator:5153463,,6.76,2031,34.4,-92.2,0.2848650830849666
Chester Solar Technology Park: CSTP,Solar,160.0,,Pre-Study,0.085,37.317,-77.466,1/1/2030,,208.0,or:generator:5153503,,17.68,2030,37.1,-77.8,0.3983026487484129
Bonneville:G1091:PV,Solar,1.0,,Studies Undergoing,0.318,48.151834,-122.358883,7/1/2030,,0.0,or:generator:5155766,,0.0,2030,47.9,-122.8,0.5079415037629762
Bonneville:G1090:PV,Solar,1.0,,Studies Undergoing,0.318,47.036714,-122.235691,8/1/2030,,1.3,or:generator:5155768,,0.4134,2030,47.0,-121.9,0.33769270835627807
Bonneville:G1093:PV,Solar,1.0,,Studies Undergoing,0.032,44.078328,-121.200936,8/1/2030,,1.3,or:generator:5155771,,0.0416,2030,44.3,-121.0,0.2991884885486048
Bonneville:G1092:PV,Solar,13.0,,Studies Undergoing,0.016,46.29688,-119.623986,8/1/2030,,16.9,or:generator:5155773,,0.2704,2030,46.1,-119.2,0.4674674989729227
CRYSTAL FLATS,Solar,103.5,,IA Executed,0.8,35.29667,-118.86163,12/1/2030,,134.5,or:generator:5155787,,107.6,2030,35.3,-119.2,0.3383863853644209
Bluejacket Solar,Solar,205.0,,Studies Undergoing,0.245,41.148995,-89.608624,5/1/2032,,266.5,or:generator:5156146,,65.2925,2032,40.7,-89.5,0.46194770634888765
Au Gres Solar,Solar,180.0,DTE Energy,Studies Undergoing,0.245,44.008649,-83.760944,2/1/2032,,234.0,or:generator:5156148,,57.33,2032,44.3,-84.1,0.4470395690953977
Steamboat Energy Storage,Solar,508.0,NextEra Energy Resources,Studies Undergoing,0.245,30.40261,-90.673707,6/1/2032,,660.4,or:generator:5156152,,161.798,2032,30.8,-90.4,0.4825291016601945
Benton Solar II,Solar,106.0,NextEra Energy Resources,Studies Undergoing,0.245,45.809607,-93.913462,2/1/2032,,137.8,or:generator:5156160,,33.761,2032,46.1,-94.0,0.3030130688485263
Pumpkin Patch,Solar,204.0,,Studies Undergoing,0.245,39.46109,-90.504334,5/1/2032,,265.2,or:generator:5156200,,64.974,2032,39.8,-90.4,0.3546062205545721
S1040,Solar,135.0,,Pre-Study,0.173,40.642905,-88.125342,3/1/2031,,175.5,or:generator:5156309,,30.3615,2031,40.7,-87.7,0.4291569130155087
S1032,Solar,90.0,,Pre-Study,0.138,43.749717,-84.987159,3/1/2031,,117.0,or:generator:5156313,,16.146,2031,43.4,-85.0,0.3499526701855533
S1031,Solar,90.0,,Pre-Study,0.138,43.655092,-84.929069,3/1/2031,,117.0,or:generator:5156317,,16.146,2031,43.4,-85.0,0.2647699666219767
S1041,Solar,135.0,,Pre-Study,0.173,40.482472,-88.43012,3/1/2031,,175.5,or:generator:5156321,,30.3615,2031,40.7,-88.6,0.2760029803897015
REPL-2025-001,Solar,335.0,,Studies Undergoing,0.064,38.170759,-104.562014,1/1/2028,,435.5,or:generator:5156362,,27.872,2028,38.0,-104.8,0.2929094950270394
Pine River Wind Park: 1,Solar,80.0,,Pre-Study,0.138,43.524324,-84.69678,3/1/2031,,104.0,or:generator:5156371,,14.352,2031,43.4,-85.0,0.32771760004003136
Polaris Wind Park: 1,Solar,100.0,,Pre-Study,0.138,43.262611,-84.49984,3/1/2031,,130.0,or:generator:5156372,,17.94,2031,43.4,-84.1,0.42278571749884014
Gratiot Wind Park: 1,Solar,50.0,,Pre-Study,0.138,43.433889,-84.4975,3/1/2031,,65.0,or:generator:5156377,,8.97,2031,43.4,-84.1,0.3989419936795404
Merricourt Wind Energy Center: 1,Solar,9.0,,Pre-Study,0.052,46.1075,-99.0592,3/1/2031,,11.7,or:generator:5157886,,0.6084,2031,46.1,-99.4,0.3408825164187818
Sterlington: 6,Solar,49.0,,Pre-Study,0.069,32.7047,-92.0792,3/1/2031,,63.7,or:generator:5157887,,4.3953,2031,32.6,-92.2,0.15985846865274572
Dolet Hills: 1,Solar,330.0,,Pre-Study,0.074,32.030556,-93.56917,3/1/2031,,429.0,or:generator:5157893,,31.746,2031,31.7,-94.0,0.543030163099619
2022-G7,Solar,80.0,,Studies Undergoing,0.078,40.0229,-104.39433,5/1/2030,,104.0,or:generator:5157949,,8.112,2030,39.8,-104.8,0.4628742365913248
Ebba Solar:PV1,Solar,150.0,,Studies Undergoing,0.43,39.20376,-103.702077,4/1/2032,,195.0,or:generator:5157953,,83.85,2032,38.9,-103.9,0.3625515846455558
2023-G3,Solar,150.0,,Studies Undergoing,0.078,41.071921,-105.314281,11/1/2030,,195.0,or:generator:5157957,,15.21,2030,40.7,-105.7,0.5358212175735552
South Spur Solar,Solar,158.0,,IA Executed,0.75,39.568576,-102.24054,5/1/2030,,205.4,or:generator:5157958,,154.05,2030,39.8,-102.1,0.2707555343404803
SRP:Cluster 26:Q2603:PV,Solar,612.0,,Studies Undergoing,0.095,33.202301,-111.646829,8/1/2030,,795.6,or:generator:5157964,,75.582,2030,33.5,-112.0,0.46190307407723885
SRP:Cluster 26:Q2606:PV,Solar,426.0,,Studies Undergoing,0.095,33.467467,-111.658252,8/1/2030,,553.8,or:generator:5157969,,52.611,2030,33.5,-112.0,0.3432930112789903
GEN-2023-241,Solar,93.0,,Studies Undergoing,0.13,32.958972,-95.279083,9/1/2031,,120.9,or:generator:5157972,,15.717,2031,32.6,-94.9,0.5220774058250335
Fortress 1: PV,Solar,199.0,,IA Executed,0.7,40.020768,-104.396789,2/1/2029,,258.7,or:generator:5157985,,181.09,2029,39.8,-104.8,0.45969296312321223
GEN-2024-257,Solar,220.0,,Studies Undergoing,0.015,37.681673,-98.483854,2/1/2033,,286.0,or:generator:5157993,,4.29,2033,38.0,-98.5,0.3187362110664522
Sandy Hill Solar,Solar,398.0,,Studies Undergoing,0.43,39.02366,-104.006517,5/1/2032,,517.4,or:generator:5157994,,222.482,2032,38.9,-103.9,0.16321049870948723
SRP:Cluster 26:Q2613:PV,Solar,515.0,,Studies Undergoing,0.095,33.177921,-111.541338,12/1/2031,,669.5,or:generator:5158000,,63.6025,2031,33.5,-111.1,0.546364450239035
GI-TC-2024-10,Solar,199.0,,Studies Undergoing,0.43,39.357227,-102.242867,5/1/2032,,258.7,or:generator:5158003,,111.241,2032,39.8,-102.1,0.46525144730349705
GI-TC-2024-21,Solar,125.0,,Studies Undergoing,0.43,37.357175,-108.54745,5/1/2032,,162.5,or:generator:5158008,,69.875,2032,37.1,-108.4,0.29644642538744825
GI-TC-2024-07,Solar,199.0,,Studies Undergoing,0.129,38.658403,-102.185334,5/1/2031,,258.7,or:generator:5158011,,33.3723,2031,38.9,-102.1,0.2562245147619562
SRP:Cluster 26:Q2616:PV,Solar,408.0,,Studies Undergoing,0.095,32.638273,-110.792629,8/1/2030,,530.4,or:generator:5158015,,50.388,2030,32.6,-111.1,0.3097446596311115
GI-DISIS-2022-22,Solar,30.0,,IA Executed,0.75,39.534671,-102.591794,5/1/2030,,39.0,or:generator:5158018,,29.25,2030,39.8,-103.0,0.48685892892808547
GI-TC-2024-28,Solar,222.3,,Studies Undergoing,0.129,40.930515,-104.391844,5/1/2031,,289.0,or:generator:5158023,,37.281,2031,40.7,-104.8,0.4687520512605692
Garnet Mesa Solar,Solar,80.0,,IA Executed,0.7,38.725829,-108.009926,9/1/2028,,104.0,or:generator:5158027,,72.8,2028,38.9,-108.4,0.4271923017997987
Ebba Solar:PV2,Solar,150.0,,Studies Undergoing,0.43,39.20376,-103.702077,4/1/2032,,195.0,or:generator:5158030,,83.85,2032,38.9,-103.9,0.3625515846455558
Dolores Canyon Solar,Solar,110.0,,IA Executed,0.75,37.710487,-108.741336,3/1/2029,,143.0,or:generator:5158036,,107.25,2029,38.0,-108.4,0.4475802074097988
GI-DISIS-2022-02,Solar,199.0,,IA Executed,0.75,40.74285,-104.227391,5/1/2030,,258.7,or:generator:5158041,,194.025,2030,40.7,-103.9,0.3301832663552076
SRP:Cluster 26:Q2615:PV,Solar,408.0,,Studies Undergoing,0.095,33.119744,-111.579975,8/1/2030,,530.4,or:generator:5158043,,50.388,2030,33.5,-112.0,0.5665824089759568
SRP:Cluster 26:Q2614:PV,Solar,411.0,,Studies Undergoing,0.01,34.564617,-109.862284,1/1/2031,,534.3,or:generator:5158053,,5.343,2031,34.4,-110.2,0.3757004835570486
GI-TC-2024-26,Solar,199.0,,Studies Undergoing,0.129,39.046389,-103.968522,5/1/2031,,258.7,or:generator:5158068,,33.3723,2031,38.9,-103.9,0.1616323105229831
GI-TC-2024-09,Solar,199.0,,Studies Undergoing,0.129,40.262614,-102.738131,5/1/2031,,258.7,or:generator:5158069,,33.3723,2031,40.7,-103.0,0.509786118050507
GI-TC-2024-22,Solar,140.0,,Studies Undergoing,0.43,40.930515,-104.391844,5/1/2032,,182.0,or:generator:5158073,,78.26,2032,40.7,-104.8,0.4687520512605692
R5088,Solar,325.0,,Pre-Study,0.173,30.331461,-93.168082,5/1/2032,,422.5,or:generator:5158080,,73.0925,2032,29.9,-93.1,0.43679944281672634
CSUT-2025-2,Solar,100.0,,Studies Undergoing,0.182,38.631861,-104.702333,3/1/2033,,130.0,or:generator:5158109,,23.66,2033,38.9,-104.8,0.28537232908955823
CSU-2020-3,Solar,200.0,,Studies Undergoing,0.078,38.63025,-104.629917,3/1/2029,,260.0,or:generator:5158122,,20.28,2029,38.9,-104.8,0.31889385285545724
2023-G1,Solar,400.0,,Studies Undergoing,0.208,41.69736,-104.03325,10/1/2030,,520.0,or:generator:5158124,,108.16,2030,41.6,-103.9,0.16502888262361112
GI-TC-2024-14,Solar,206.0,,Studies Undergoing,0.129,40.100967,-104.772286,5/1/2031,,267.8,or:generator:5158144,,34.5462,2031,39.8,-104.8,0.30224030321087253
GI-TC-2024-20,Solar,250.0,,Studies Undergoing,0.43,39.301038,-103.641476,5/1/2032,,325.0,or:generator:5158146,,139.75,2032,38.9,-103.9,0.47714372679519135
21-11121,Solar,150.0,,Studies Undergoing,0.26,40.233333,-105.034722,11/1/2029,,195.0,or:generator:5158176,,50.7,2029,39.8,-104.8,0.49282035892707027
SRP:Cluster 26:Q2612:PV,Solar,515.0,,Studies Undergoing,0.095,32.919008,-112.041737,12/1/2030,,669.5,or:generator:5158179,,63.6025,2030,32.6,-112.0,0.3217267182454663
GI-TC-2024-17,Solar,225.0,,Studies Undergoing,0.43,39.388228,-102.202244,5/1/2032,,292.5,or:generator:5158228,,125.775,2032,39.8,-102.1,0.4242758719512566
PGE:SPQ0353:PV,Solar,3.0,,Studies Undergoing,0.215,45.52999,-122.922568,7/1/2030,,3.9,or:generator:5158278,,0.8385,2030,45.2,-122.8,0.35201749207105754
PGE:SPQ0344:PV,Solar,6.0,,Studies Undergoing,0.215,45.296595,-122.849073,5/1/2030,,7.8,or:generator:5158280,,1.677,2030,45.2,-122.8,0.10834552761420665
PGE:SPQ0354:PV,Solar,8.0,,Studies Undergoing,0.215,44.784758,-122.888503,7/1/2030,,10.4,or:generator:5158281,,2.236,2030,45.2,-122.8,0.42456883961615194
WAPA:2025-G3:PV,Solar,300.0,,Studies Undergoing,0.095,32.712875,-111.494928,4/1/2030,,390.0,or:generator:5158282,,37.05,2030,32.6,-111.1,0.41074187856731226
PGE:SPQ0356:PV,Solar,3.0,,Pre-Study,0.095,44.728029,-122.140128,8/1/2030,,3.9,or:generator:5158285,,0.3705,2030,44.3,-121.9,0.4907853718531159
WAPA:2025-G2:PV,Solar,100.0,,Studies Undergoing,0.095,32.590665,-110.733035,4/1/2030,,130.0,or:generator:5158287,,12.35,2030,32.6,-111.1,0.3670837144984712
PGE:SPQ0347:PV,Solar,6.0,,Pre-Study,0.072,45.334113,-122.271895,4/1/2030,,7.8,or:generator:5158293,,0.5616,2030,45.2,-121.9,0.3953380677268457
PacifiCorp:OCS112:PV,Solar,1.0,,Studies Undergoing,0.016,44.167083,-120.751641,9/1/2030,,0.0,or:generator:5158294,,0.0,2030,44.3,-121.0,0.28168976156402376
PGE:SPQ0348:PV,Solar,10.0,,Studies Undergoing,0.215,45.376651,-122.293769,5/1/2030,,13.0,or:generator:5158299,,2.795,2030,45.2,-121.9,0.43157803600506994
PGE:SPQ0346:PV,Solar,3.0,,Studies Undergoing,0.215,45.426891,-122.719096,4/1/2030,,3.9,or:generator:5158301,,0.8385,2030,45.2,-122.8,0.24088375432352901
Falcon II Solar,Solar,100.3,,Studies Undergoing,0.054,26.683082,-99.039896,9/1/2030,,130.4,or:generator:5158430,,7.0416,2030,27.2,-99.4,0.6299834200516752
Gravitas I Solar,Solar,1124.8,,Studies Undergoing,0.054,30.952885,-103.36414,9/1/2030,,1462.2,or:generator:5158431,,78.9588,2030,30.8,-103.0,0.3949326054214868
Mutz Solar,Solar,72.8,,Studies Undergoing,0.054,28.702722,-98.471253,7/1/2030,,94.7,or:generator:5158432,,5.1138,2030,29.0,-98.5,0.29866469375036436
Sugarberry Solar SLF,Solar,125.0,,Studies Undergoing,0.054,29.354927,-100.570521,8/1/2030,,162.5,or:generator:5158434,,8.775,2030,29.0,-100.3,0.4462676178819176
Mistflower Energy Center Solar,Solar,401.6,,Studies Undergoing,0.054,32.072941,-100.013146,8/1/2030,,522.1,or:generator:5158439,,28.1934,2030,31.7,-100.3,0.47049995408819706
Rancho Grande Solar,Solar,251.6,,Studies Undergoing,0.054,27.1053,-99.394522,9/1/2030,,327.1,or:generator:5158443,,17.6634,2030,27.2,-99.4,0.09485830740636285
Zuma Solar,Solar,201.4,,Studies Undergoing,0.054,32.123855,-100.160217,9/1/2030,,261.8,or:generator:5158455,,14.1372,2030,31.7,-100.3,0.44630969977583734
Enfinity Post Oak Solar SLF,Solar,500.0,,Studies Undergoing,0.054,32.729842,-101.633951,9/1/2030,,650.0,or:generator:5158459,,35.1,2030,32.6,-101.2,0.4529596178082471
Key City Solar SLF,Solar,1021.8,,Studies Undergoing,0.054,32.52397,-99.830432,1/1/2030,,1328.3,or:generator:5158470,,71.7282,2030,32.6,-99.4,0.4370952613835995
Velveteen Solar III,Solar,200.7,,Studies Undergoing,0.09,33.646362,-99.411095,7/1/2030,,260.9,or:generator:5158471,,23.481,2030,33.5,-99.4,0.14678192691541062
Senterfitt Solar,Solar,68.4,,Studies Undergoing,0.054,31.220301,-98.38653,5/1/2030,,88.9,or:generator:5158476,,4.8006,2030,30.8,-98.5,0.4353485632237693
Falcon Solar,Solar,502.0,,Studies Undergoing,0.054,27.328106,-99.421963,4/1/2030,,652.5,or:generator:5158479,,35.235,2030,27.2,-99.4,0.12997507686091095
Permian I Solar,Solar,1125.7,,Studies Undergoing,0.054,30.621286,-102.733206,7/1/2030,,1463.4,or:generator:5158481,,79.0236,2030,30.8,-103.0,0.3211194983678228
Penelope Solar,Solar,97.8,,Studies Undergoing,0.054,31.949675,-97.052626,1/1/2030,,127.1,or:generator:5158486,,6.8634,2030,31.7,-96.7,0.4320679362102683
Tierra Loma Solar,Solar,250.0,,Studies Undergoing,0.054,31.532422,-102.326977,8/1/2030,,325.0,or:generator:5158498,,17.55,2030,31.7,-102.1,0.28213639363435894
Los Toros Energy Center Solar SLF,Solar,401.4,,Studies Undergoing,0.054,32.378901,-102.143745,8/1/2030,,521.8,or:generator:5158503,,28.1772,2030,32.6,-102.1,0.22538498802271895
Tango Lily Solar,Solar,201.0,,Studies Undergoing,0.054,31.42642,-100.377112,7/1/2030,,261.2,or:generator:5158507,,14.1048,2030,31.7,-100.3,0.2842398229383058
Project Alpha Solar,Solar,122.0,,Studies Undergoing,0.054,33.284958,-95.683127,3/1/2030,,158.5,or:generator:5158519,,8.559,2030,33.5,-95.8,0.24474958609361985
La Morena Energy Center Solar,Solar,250.0,,Studies Undergoing,0.054,27.332445,-99.405741,12/1/2029,,325.0,or:generator:5158521,,17.55,2029,27.2,-99.4,0.13256936714792056
Trailblazer Solar,Solar,323.0,,Studies Undergoing,0.054,32.470021,-100.22504,9/1/2030,,419.9,or:generator:5158522,,22.6746,2030,32.6,-100.3,0.1500451333465974
Wallflower Solar,Solar,201.2,,Studies Undergoing,0.054,27.320018,-99.410919,8/1/2030,,261.5,or:generator:5158537,,14.121,2030,27.2,-99.4,0.12051367094649654
PacifiCorp:PIS104:PV,Solar,80.0,,Studies Undergoing,0.01,45.747409,-119.339245,5/1/2030,,104.0,or:generator:5158613,,1.04,2030,46.1,-119.2,0.3790904684979608
PacifiCorp:PIS103:PV,Solar,80.0,,Studies Undergoing,0.016,44.233661,-120.755157,5/1/2030,,104.0,or:generator:5158620,,1.664,2030,44.3,-121.0,0.2536709631983948
PacifiCorp:PIS101:PV,Solar,80.0,,Studies Undergoing,0.016,44.22505,-120.992535,5/1/2030,,104.0,or:generator:5158646,,1.664,2030,44.3,-121.0,0.07532083858401377
PacifiCorp:PIS102:PV,Solar,80.0,,Studies Undergoing,0.016,44.249088,-121.05652,5/1/2030,,104.0,or:generator:5158651,,1.664,2030,44.3,-121.0,0.07606932459277103
PacifiCorp:PIS100:PV,Solar,80.0,,Studies Undergoing,0.016,44.22127,-121.034204,5/1/2030,,104.0,or:generator:5158673,,1.664,2030,44.3,-121.0,0.08583895686691564
WAPA:2023-MP1:PV,Solar,500.0,,Studies Undergoing,0.095,34.075745,-112.151508,5/1/2029,,650.0,or:generator:5158738,,61.75,2029,34.4,-112.0,0.357904986119225
WAPA:2025-MP1:PV,Solar,1200.0,,Studies Undergoing,0.159,33.408965,-112.613891,12/1/2032,,1560.0,or:generator:5158740,,248.04,2032,33.5,-112.9,0.3002427869341836
WAPA:2023-MP2:PV,Solar,600.0,,Studies Undergoing,0.095,35.07176,-113.633759,5/1/2029,,780.0,or:generator:5158741,,74.1,2029,35.3,-113.8,0.2823642464636761
GI-CS-2025-19,Solar,199.9,,Studies Undergoing,0.182,40.257117,-103.563076,9/1/2033,,259.9,or:generator:5158748,,47.3018,2033,40.7,-103.9,0.5564738389762889
GI-CS-2025-29,Solar,300.0,,Studies Undergoing,0.182,39.388228,-102.202244,10/1/2033,,390.0,or:generator:5158749,,70.98,2033,39.8,-102.1,0.4242758719512566
2025-G1,Solar,250.0,,Studies Undergoing,0.26,40.640622,-104.831989,1/1/2033,,325.0,or:generator:5158751,,84.5,2033,40.7,-104.8,0.06744659372422017
GI-CS-2025-25,Solar,800.0,,Studies Undergoing,0.182,42.10759,-104.887073,9/1/2033,,1040.0,or:generator:5158754,,189.28,2033,42.5,-104.8,0.40195436983443683
GI-CS-2025-17,Solar,199.5,,Studies Undergoing,0.182,40.419964,-107.738374,9/1/2033,,259.4,or:generator:5158758,,47.2108,2033,40.7,-107.5,0.36775307635966586
GI-CS-2025-16,Solar,150.0,,Studies Undergoing,0.182,40.25693,-104.469463,9/1/2033,,195.0,or:generator:5158760,,35.49,2033,40.7,-104.8,0.5527800044041031
GI-CS-2025-02,Solar,199.0,,Studies Undergoing,0.182,40.0183,-104.39433,9/1/2033,,258.7,or:generator:5158764,,47.0834,2033,39.8,-104.8,0.460676718426277
GI-CS-2025-05,Solar,300.0,,Studies Undergoing,0.182,40.847124,-103.898045,9/1/2033,,390.0,or:generator:5158769,,70.98,2033,40.7,-103.9,0.14713698855488194
GI-CS-2025-20,Solar,199.9,,Studies Undergoing,0.182,40.257117,-103.563076,9/1/2033,,259.9,or:generator:5158771,,47.3018,2033,40.7,-103.9,0.5564738389762889
GI-CS-2025-03,Solar,300.0,,Studies Undergoing,0.182,39.351698,-102.801628,9/1/2033,,390.0,or:generator:5158780,,70.98,2033,39.8,-103.0,0.49023069425322696
Cedar 2 SES:PV,Solar,100.0,,IA Executed,0.7,33.201902,-115.445386,5/1/2029,,130.0,or:generator:5159082,,91.0,2029,33.5,-115.6,0.33580933072206365
LADWP:Q53:PV,Solar,285.0,,Studies Undergoing,0.06,39.025274,-112.439566,5/1/2029,,370.5,or:generator:5159103,,22.23,2029,38.9,-112.0,0.45706875131866154
Vega SES 2:PV,Solar,240.0,,IA Executed,0.7,33.212868,-115.397783,5/1/2029,,312.0,or:generator:5159105,,218.4,2029,33.5,-115.6,0.35119296763032704
Vega SES 3:PV,Solar,60.0,,IA Executed,0.7,33.227267,-115.415117,5/1/2029,,78.0,or:generator:5159111,,54.6,2029,33.5,-115.6,0.32949205298155676
Madras Solar Energy Facility,Solar,53.0,"Ecoplexus, Inc",IA Executed,0.7,44.43682,-121.249545,6/1/2029,,68.9,or:generator:5159114,,48.23,2029,44.3,-121.0,0.28459167139078206
LADWP:Q51:PV,Solar,400.0,,IA Executed,0.7,38.600636,-112.58133,9/1/2028,,520.0,or:generator:5159115,,364.0,2028,38.9,-112.9,0.4372292000724627
LADWP:Q50:PV,Solar,400.0,,IA Executed,0.7,39.345367,-112.538667,9/1/2028,,520.0,or:generator:5159149,,364.0,2028,38.9,-112.9,0.5735096351222055
Cedar 3 SES:PV,Solar,75.0,,IA Executed,0.7,33.008704,-115.696962,5/1/2029,,97.5,or:generator:5159159,,68.25,2029,33.5,-115.6,0.5007727918527517
1147,Solar,20.0,,Pre-Study,0.196,42.853517,-73.291167,11/1/2030,,26.0,or:generator:5159198,,5.096,2030,42.5,-73.3,0.35362733375404887
CarbonFree Rainy River,Solar,60.0,,Studies Undergoing,0.4,48.74,-94.5,1/1/2030,,78.0,or:generator:5159265,,31.2,2030,48.8,-94.9,0.40447496832313856
Elmbrook Agrivoltaics,Solar,19.2,,Studies Undergoing,0.4,44.0001,-77.2495,1/1/2030,,25.0,or:generator:5159266,,10.0,2030,43.4,-76.9,0.6944568093121415
CarbonFree Fort Frances,Solar,167.2,,Studies Undergoing,0.4,48.7,-94.56,1/1/2030,,217.4,or:generator:5159267,,86.96,2030,48.8,-94.9,0.35440090293338866
Golden Leaf Agrivoltaics,Solar,9.0,,Studies Undergoing,0.4,45.0168,-76.3578,1/1/2030,,11.7,or:generator:5159270,,4.68,2030,44.3,-76.0,0.8011386147228251
Fort Frances Solar,Solar,57.2,,Studies Undergoing,0.4,48.717,-94.567,1/1/2030,,74.4,or:generator:5159273,,29.76,2030,48.8,-94.9,0.3431879951280466
Heritage Prairie Solar: HPS,Solar,300.0,,IA Executed,0.6,41.06713,-88.2497,3/1/2028,,390.0,or:generator:5159330,,234.0,2028,40.7,-88.6,0.5074391854202729
Pike County Solar: PIKE,Solar,1.2,,Pre-Study,0.087,39.6189,-90.8461,3/1/2031,,1.6,or:generator:5159388,,0.1392,2031,39.8,-90.4,0.4814586378911499
SV CSG South Roxana: SROX,Solar,5.0,,Pre-Study,0.087,38.811582,-90.0515,3/1/2031,,6.5,or:generator:5159408,,0.5655,2031,38.9,-90.4,0.35954136441305395
SV CSG Sun Trust Solar: SUNSO,Solar,5.0,,Pre-Study,0.03,42.0969,-88.3865,1/1/2030,,6.5,or:generator:5159431,,0.195,2030,42.5,-88.6,0.45614894497302083
SV CSG Brownstown 1: BROWN,Solar,1.0,,Pre-Study,0.173,38.971573,-89.01849,3/1/2031,,1.3,or:generator:5159435,,0.2249,2031,38.9,-88.6,0.42456633690037743
USS Swank Solar: USSWA,Solar,1.0,,Pre-Study,0.03,41.1615,-90.0285,1/1/2030,,1.3,or:generator:5159442,,0.039,2030,41.6,-90.4,0.5747125368390817
USS Meadow Lake Solar: USMED,Solar,3.0,,Pre-Study,0.01,34.79756,-106.6542,9/1/2029,,3.9,or:generator:5159453,,0.039,2029,34.4,-106.6,0.4012375775024067
Darden II Solar: IPD2S,Solar,342.7,,IA Executed,0.8,36.457086,-120.2248,7/1/2029,,445.5,or:generator:5159458,,356.4,2029,36.2,-120.1,0.28577657600999906
Madden Creek Solar: MADCR,Solar,5.0,,Pre-Study,0.173,40.201889,-88.46611,3/1/2031,,6.5,or:generator:5159467,,1.1245,2031,39.8,-88.6,0.42360512322326993
USS Hermanas Solar: USHER,Solar,3.3,,Pre-Study,0.016,32.210444,-107.8114,9/1/2029,,4.3,or:generator:5159471,,0.0688,2029,32.6,-108.4,0.7058355595576059
USS Gold Solar: USGOL,Solar,4.3,,Pre-Study,0.016,32.26144,-107.7778,9/1/2029,,5.6,or:generator:5159487,,0.0896,2029,32.6,-108.4,0.7083471702491715
USS Middle Solar: USMID,Solar,5.0,,Pre-Study,0.03,41.413923,-88.44451,1/1/2030,,6.5,or:generator:5159488,,0.195,2030,41.6,-88.6,0.24249080400914544
Bush River Solar Plant: BRSP1,Solar,45.0,,Pre-Study,0.08,34.3861,-81.7944,9/1/2029,,58.5,or:generator:5159493,,4.68,2029,34.4,-81.4,0.3946448656703801
SV CSG Angelly 1: ANGEL,Solar,3.6,,Pre-Study,0.087,37.7164,-88.5303,3/1/2031,,4.7,or:generator:5159536,,0.4089,2031,38.0,-88.6,0.29203946651094875
USS Jornada Solar: USJOR,Solar,5.0,,Pre-Study,0.016,32.431485,-106.6832,9/1/2029,,6.5,or:generator:5159537,,0.104,2029,31.7,-106.6,0.7362014297901118
Murphysboro 2: MURP2,Solar,1.3,,Pre-Study,0.03,37.794585,-89.35141,1/1/2030,,1.7,or:generator:5159564,,0.051,2030,38.0,-89.5,0.25352378650730284
SV CSG North Creek 1: NCREK,Solar,2.1,,Pre-Study,0.03,40.916213,-88.60821,1/1/2030,,2.7,or:generator:5159571,,0.081,2030,40.7,-88.6,0.21636881815316747
USS Fletcher Solar: USFLE,Solar,1.7,,Pre-Study,0.016,32.366814,-108.6934,9/1/2029,,2.2,or:generator:5159574,,0.0352,2029,32.6,-108.4,0.374778962317786
Darden III Solar: IPD3S,Solar,342.7,,IA Executed,0.8,36.499703,-120.1912,7/1/2029,,445.5,or:generator:5159576,,356.4,2029,36.2,-120.1,0.313271971630078
Darden IV Solar: IPD4S,Solar,342.7,,IA Executed,0.8,36.464339,-120.1862,7/1/2029,,445.5,or:generator:5159629,,356.4,2029,36.2,-120.1,0.27803875075428014
SR Shelby II: SHEII,Solar,6.0,,Pre-Study,0.048,35.353646,-89.8109,9/1/2029,,7.8,or:generator:5159662,,0.3744,2029,35.3,-89.5,0.3154943792145945
USS Mourning: USMOU,Solar,2.0,,Pre-Study,0.03,40.160741,-90.59832,1/1/2030,,2.6,or:generator:5159680,,0.078,2030,39.8,-90.4,0.41166113671441146
Norris City 2: NORR2,Solar,3.2,,Pre-Study,0.037,38.020585,-88.27321,1/1/2030,,4.2,or:generator:5159697,,0.1554,2030,38.0,-88.6,0.32743769838702486
SV CSG Kingston Solar 1: KINGS,Solar,5.0,,Pre-Study,0.03,42.0971,-88.7318,1/1/2030,,6.5,or:generator:5159735,,0.195,2030,42.5,-88.6,0.4239099550612197
SV CSG St Anne 1: SANNE,Solar,5.0,,Pre-Study,0.03,41.041,-87.6999,1/1/2030,,6.5,or:generator:5159803,,0.195,2030,40.7,-87.7,0.34100001466275026
SV CSG Mahomet: MAHOM,Solar,3.5,,Pre-Study,0.173,40.193189,-88.37984,3/1/2031,,4.6,or:generator:5159881,,0.7958,2031,39.8,-88.6,0.45063068617327484
SV CSG Wilson School Solar: WILSN,Solar,5.0,,Pre-Study,0.03,42.053991,-88.35269,1/1/2030,,6.5,or:generator:5159895,,0.195,2030,42.5,-88.6,0.5099865333329855
Henderson County Solar: HEPV1,Solar,51.1,,Pre-Study,0.154,37.799412,-87.62325,3/1/2031,,66.4,or:generator:5159929,,10.2256,2031,38.0,-87.7,0.21476989603760102
Murphysboro 1: MURP1,Solar,5.0,,Pre-Study,0.03,37.794585,-89.35141,1/1/2030,,6.5,or:generator:5159964,,0.195,2030,38.0,-89.5,0.25352378650730284
El Paso Electric Co:Q26-LG-3-9-1:PV,Solar,200.0,,Pre-Study,0.159,32.186819,-107.629326,3/1/2032,,260.0,or:generator:5160160,,41.34,2032,32.6,-108.4,0.8744466553409652
El Paso Electric Co:Q26-LG-3-25-2:PV,Solar,65.0,,Pre-Study,0.016,31.91176,-106.573791,10/1/2030,,84.5,or:generator:5160161,,1.352,2030,31.7,-106.6,0.21337574670285384
IPCO:821:PV,Solar,39.0,,Pre-Study,0.016,42.717064,-117.752894,10/1/2030,,50.7,or:generator:5160177,,0.8112,2030,42.5,-117.4,0.414307802644356
El Paso Electric Co:Q26-LG-3-26-2:PV,Solar,150.0,,Pre-Study,0.016,31.559375,-106.268274,9/1/2030,,195.0,or:generator:5160187,,3.12,2030,31.7,-106.6,0.36030199791423967
Tampa Electric:127:PV,Solar,75.0,,Pre-Study,0.064,27.899339,-81.740314,10/1/2030,,97.5,or:generator:5160191,,6.24,2030,28.1,-81.4,0.39506765941670646
IPCO:818:PV,Solar,56.0,,Pre-Study,0.159,42.563494,-113.918715,12/1/2030,,72.8,or:generator:5160199,,11.5752,2030,42.5,-113.8,0.13462815181455143
El Paso Electric Co:Q26-LG-3-25-3:PV,Solar,300.0,,Pre-Study,0.016,33.052019,-105.981095,9/1/2030,,390.0,or:generator:5160211,,6.24,2030,32.6,-105.7,0.5322927534599698
Tampa Electric:128:PV,Solar,75.0,,Pre-Study,0.064,28.232957,-81.956666,10/1/2030,,97.5,or:generator:5160214,,6.24,2030,28.1,-82.3,0.3681790317291283
Tampa Electric:129:PV,Solar,75.0,,Pre-Study,0.064,27.71725,-82.036683,10/1/2030,,97.5,or:generator:5160268,,6.24,2030,28.1,-82.3,0.46457873927785537
El Paso Electric Co:Q26-LG-3-19-1:PV,Solar,300.0,,Pre-Study,0.016,32.002077,-106.445756,9/1/2030,,390.0,or:generator:5160271,,6.24,2030,31.7,-106.6,0.3391780144186791
IPCO:814:PV,Solar,199.0,,Pre-Study,0.159,43.011304,-114.425937,12/1/2030,,258.7,or:generator:5160281,,41.1333,2030,43.4,-114.7,0.47559973547616263
El Paso Electric Co:Q26-LG-3-9-2:PV,Solar,200.0,,Pre-Study,0.016,31.94401,-106.373156,9/1/2030,,260.0,or:generator:5160292,,4.16,2030,31.7,-106.6,0.3331652449401042
El Paso Electric Co:Q26-LG-3-27:PV,Solar,199.0,,Pre-Study,0.016,34.054216,-108.07008,12/1/2030,,258.7,or:generator:5160295,,4.1392,2030,33.5,-108.4,0.6449826207395027
Tampa Electric:126:PV,Solar,75.0,,Pre-Study,0.064,27.89529,-81.729292,10/1/2030,,97.5,or:generator:5160326,,6.24,2030,28.1,-81.4,0.38773625747922746
S1145,Solar,100.0,,Pre-Study,0.173,43.894518,-83.222513,4/1/2032,,130.0,or:generator:5160348,,22.49,2032,44.3,-83.2,0.4061064977231952
Seville 5 Solar Project: PV,Solar,65.0,,IA Executed,0.7,32.821775,-115.543473,9/1/2028,,84.5,or:generator:5160386,,59.15,2028,33.5,-115.6,0.6805765587749812
Lone Bow Solar,Solar,277.5,,Studies Undergoing,0.054,29.741375,-101.145345,12/1/2029,,360.7,or:generator:5160392,,19.4778,2029,29.9,-101.2,0.16777681499539424
Desert Hill Solar,Solar,250.0,,Studies Undergoing,0.054,31.262675,-104.430206,7/1/2030,,325.0,or:generator:5160403,,17.55,2030,31.7,-104.8,0.5727135043466298
Arida Solar,Solar,370.0,Avantus,Studies Undergoing,0.106,35.092036,-114.6888,11/1/2030,,481.0,or:generator:61785,,50.986,2030,35.3,-114.7,0.20826537229217626
Rockmont Solar and Storage Project: 201LC,Solar,100.0,Avantus,Studies Undergoing,0.016,36.776579,-108.3751,5/1/2029,,130.0,or:generator:63203,,2.08,2029,37.1,-108.4,0.32437810228343444
Red Antelope Solar & Energy Storage Farm: 30PNA,Solar,400.0,Avantus,Pre-Study,0.01,36.7,-111.28,9/1/2029,,520.0,or:generator:63219,,5.2,2029,37.1,-111.1,0.4386342439892277
Rollins Solar: 67,Solar,74.9,energyRe,Studies Undergoing,0.278,34.353572,-80.01618,5/1/2029,,97.4,or:generator:63674,,27.0772,2029,34.4,-79.6,0.4187616882953947
La Paz Solar Tower: 1,Solar,200.0,"Enivromission, Inc",Pre-Study,0.095,33.917222,-114.2675,9/1/2029,,260.0,or:generator:64092,,24.7,2029,33.5,-114.7,0.6009413010303135
Shepherd's Run Solar: PV,Solar,42.0,Hecate Energy,IA Executed,0.692,42.16141,-73.57453,4/1/2029,,60.0,or:generator:64355,,41.52,2029,42.5,-73.3,0.4359012606084107
Obsidian Solar Center: OBSLR,Solar,400.0,Obsidian Renewables,Studies Undergoing,0.016,43.312167,-120.8218,5/1/2029,,680.0,or:generator:65449,,10.88,2029,43.4,-121.0,0.198670269262919
TREX US Red Holly: 701,Solar,250.0,GreenGo Energy,IA Executed,0.8,32.952,-101.737,9/1/2029,,400.0,or:generator:65494,,320.0,2029,32.6,-102.1,0.5056411771206903
Westminister NC: WSMTR,Solar,60.0,"Ecoplexus, Inc",Pre-Study,0.08,35.452,-81.919,9/1/2029,,78.0,or:generator:67154,,6.24,2029,35.3,-82.3,0.4102011701592287
Shining Sun Solar: 73,Solar,74.0,energyRe,Pre-Study,0.08,33.5425,-80.57219,9/1/2029,,96.2,or:generator:67199,,7.696,2029,33.5,-80.5,0.08377139189485053
Arlington Valley Solar Energy I: AVSE1,Solar,127.0,RWE Renewables,IA Executed,0.8,33.321667,-112.8806,9/1/2031,,165.1,or:generator:67611,,132.08,2031,33.5,-112.9,0.1793851133427769
Nolin Hills: GEN2,Solar,300.0,Capital Power,Studies Undergoing,0.045,45.55455,-119.1143,5/1/2029,,390.0,or:generator:68000,,17.55,2029,45.2,-119.2,0.3647604590686849
Rhubarb One SC: PV1,Solar,9.6,SolRiver Capital,Pre-Study,0.08,34.151111,-79.41,9/1/2029,,12.5,or:generator:68181,,1.0,2029,34.4,-79.6,0.31312255479444195
Holliday Solar I: 43,Solar,74.0,"Holliday Solar I, LLC",Studies Undergoing,0.179,34.054128,-79.20663,5/1/2029,,96.2,or:generator:69211,,17.2198,2029,34.4,-79.6,0.5238009137869009
Cherry: CHERY,Solar,249.7,CIM Group,IA Executed,0.804,36.122457,-119.9232,7/1/2029,,324.6,or:generator:69512,,260.9784,2029,36.2,-120.1,0.19305739262975896
Shaftsbury Solar: SHAFT,Solar,20.0,Freepoint Comodities,IA Executed,0.65,42.96463,-73.16841,12/1/2028,,26.0,or:generator:70028,,16.9,2028,43.4,-73.3,0.45482190470556694
SunEast Skyline Solar Project: Q670,Solar,20.0,Pattern Energy,IA Executed,0.91,43.063069,-75.45195,4/1/2029,,26.0,or:generator:71366,,23.66,2029,43.4,-75.1,0.48722818192403594
Gale 1 Solar: 33UI8,Solar,300.0,Avantus,Pre-Study,0.024,39.523,-112.546,8/1/2030,,390.0,or:generator:71993,,9.36,2030,39.8,-112.9,0.4494941601400357
Potic Solar: 1,Solar,4.9,Freepoint Solar LLC,Pre-Study,0.123,42.29559,-73.9012,1/1/2031,,6.4,or:generator:72420,,0.7872,2031,42.5,-74.2,0.3620288498172503
SunEast Grassy Knoll Solar Project: Q#885,Solar,20.0,Pattern Energy,Studies Undergoing,0.444,43.065379,-74.84372,5/1/2030,,26.0,or:generator:72878,,11.544,2030,43.4,-75.1,0.4214862418169704
B & K Solar: 23,Solar,74.9,energyRe,Studies Undergoing,0.278,34.423425,-80.06213,5/1/2029,,97.4,or:generator:74542,,27.0772,2029,34.4,-80.5,0.43849614311303065
Rough Hat,Solar,400.0,Candela Renewables,IA Executed,0.8,36.09907,-115.8337,7/1/2029,,520.0,or:generator:74820,,416.0,2029,36.2,-115.6,0.25456345947523684
Kingsley Solar Farm: 90FI8,Solar,225.0,Avantus,IA Executed,0.804,32.742036,-115.7354,1/1/2030,,292.5,or:generator:74898,,235.17,2030,33.5,-115.6,0.7699627168220569
Mohawk Solar: S1,Solar,90.5,Avangrid,IA Executed,0.708,42.887133,-74.63781,4/1/2029,,117.7,or:generator:74989,,83.3316,2029,42.5,-74.2,0.5844224121207177
Hecate Energy Harley Hand Solar: 19936,Solar,514.0,Hecate Energy,Studies Undergoing,0.054,32.468537,-100.2164,4/1/2029,,668.2,or:generator:75491,,36.0828,2029,32.6,-100.3,0.15579306906599424
Novel Solar Two: SCHNE,Solar,5.0,,Pre-Study,0.052,45.529261,-94.29651,3/1/2031,,6.5,or:generator:76418,,0.338,2031,45.2,-94.0,0.443092525575636
Melsam Solar: 58,Solar,65.0,energyRe,Studies Undergoing,0.159,34.344878,-79.37456,5/1/2029,,84.5,or:generator:79107,,13.4355,2029,34.4,-79.6,0.23208108170205521
Ross Solar: 68,Solar,74.9,energyRe,Studies Undergoing,0.278,34.444756,-79.85173,5/1/2029,,97.4,or:generator:79723,,27.0772,2029,34.4,-79.6,0.25567771204390216
Turkey Creek Solar Project: TC001,Solar,200.0,Hanwha Renewables,Pre-Study,0.04,38.382137,-104.9141,9/1/2029,,260.0,or:generator:81751,,10.4,2029,38.0,-104.8,0.3988075936701831
Greens Corners Solar: GEN1,Solar,120.0,Boralex,IA Executed,0.91,43.9359,-75.97268,4/1/2029,,156.0,or:generator:83063,,141.96,2029,44.3,-76.0,0.36512353032912104
Sienna Solar Farm: 99MT8,Solar,200.0,Avantus,IA Executed,0.8,34.493659,-116.915,7/1/2029,,260.0,or:generator:83589,,208.0,2029,34.4,-116.5,0.42543743168767556
SunEast Watkins Road Solar Project: Q586,Solar,20.0,Pattern Energy,IA Executed,0.91,43.06127,-75.05584,4/1/2029,,26.0,or:generator:83688,,23.66,2029,43.4,-75.1,0.34159642635718246
Grape: GRAPE,Solar,246.4,CIM Group,IA Executed,0.8,36.145687,-119.9051,7/1/2029,,320.3,or:generator:83956,,256.24,2029,36.2,-120.1,0.2023262513096017
Friesian Holdings: PV1,Solar,75.0,Birch Creek Development,Studies Undergoing,0.278,34.713847,-79.54285,5/1/2029,,97.5,or:generator:84511,,27.105,2029,34.4,-79.6,0.31900793392798377
Quest Solar: 66,Solar,50.0,Quest Solar,Pre-Study,0.08,32.976531,-81.22681,9/1/2029,,65.0,or:generator:84809,,5.2,2029,32.6,-81.4,0.41445189112972064
Shorthorn Solar: 74,Solar,60.0,energyRe,IA Executed,0.7,34.246975,-80.15782,9/1/2028,,78.0,or:generator:84866,,54.6,2028,34.4,-80.5,0.3748383692006452
Manorville II: MAN,Solar,0.6,Agilitas Energy,Pre-Study,0.123,40.834,-72.7819,1/1/2031,,0.8,or:generator:85594,,0.0984,2031,40.7,-72.4,0.40472658672243234
Crossroads Solar: 32,Solar,50.0,Open Road Renewables,Studies Undergoing,0.259,33.368886,-81.36497,5/1/2029,,65.0,or:generator:86903,,16.835,2029,33.5,-81.4,0.13571286562444823
Notch Peak Solar: KOV4A,Solar,324.0,BayWa r.e.,IA Executed,0.7,39.520131,-112.6602,10/1/2028,,421.2,or:generator:88753,,294.84,2028,39.8,-112.9,0.3685521634192371
Windhub Solar B: GEN01,Solar,26.4,First Solar,IA Executed,0.8,35.0133,-118.2698,7/1/2029,,25.0,or:generator:88860,,20.0,2029,35.3,-118.3,0.28828619460528704
SunEast Hills Solar Project: Q581,Solar,20.0,Pattern Energy,IA Executed,0.747,43.068296,-74.84923,11/1/2031,,26.0,or:generator:90207,,19.422,2031,43.4,-75.1,0.41582825362882164
Horseshoe Solar Energy: GEN1,Solar,180.0,Invenergy,IA Executed,0.91,42.570762,-77.45296,4/1/2029,,234.0,or:generator:90371,,212.94,2029,42.5,-77.8,0.35418077622027316
GEB Solar: 40,Solar,50.0,energyRe,Pre-Study,0.08,34.412367,-80.04192,9/1/2029,,65.0,or:generator:90888,,5.2,2029,34.4,-79.6,0.4420930095455132
Zenith Solar: TC001,Solar,60.0,Hanwha Renewables,Pre-Study,0.07,36.813853,-79.242632,7/1/2030,,78.0,or:generator:91040,,5.46,2030,37.1,-79.6,0.45781218095742654
Bedington Energy Facility: BEF1,Solar,50.0,Torch Clean Energy,Pre-Study,0.085,39.531839,-77.88709,1/1/2030,,65.0,or:generator:91751,,5.525,2030,39.8,-77.8,0.28194855917525125
